2026-06-17 10:46:29,433 INFO  Logger.cs: 70 - 
--------------------------------------------------------------------------------
2026-06-17 10:46:29,449 INFO  Logger.cs: 71 - Logging commencing for SW2URDF exporter
2026-06-17 10:46:29,449 INFO  Logger.cs: 73 - Commit version 1.6.0-4-g7f85cfe
2026-06-17 10:46:29,449 INFO  Logger.cs: 74 - Build version 1.6.7995.38578
2026-06-17 10:46:29,449 INFO  SwAddin.cs: 192 - Attempting to connect to SW
2026-06-17 10:46:29,449 INFO  SwAddin.cs: 197 - Setting up callbacks
2026-06-17 10:46:29,449 INFO  SwAddin.cs: 201 - Setting up command manager
2026-06-17 10:46:29,449 INFO  SwAddin.cs: 204 - Adding command manager
2026-06-17 10:46:29,463 INFO  SwAddin.cs: 263 - Adding Assembly export to file menu
2026-06-17 10:46:29,463 INFO  SwAddin.cs: 272 - Adding Part export to file menu
2026-06-17 10:46:29,463 INFO  SwAddin.cs: 210 - Adding event handlers
2026-06-17 10:46:29,464 INFO  SwAddin.cs: 217 - Connecting plugin to SolidWorks
2026-06-17 11:41:24,101 INFO  SwAddin.cs: 294 - Assembly export called for file 装配体1^XY260304-A8.01-00 1mlTIP盒托盘.SLDPRT.SLDASM
2026-06-17 11:41:24,102 INFO  SwAddin.cs: 299 - Save is required
2026-06-17 11:41:24,102 INFO  SwAddin.cs: 313 - Saving assembly
2026-06-17 11:41:24,268 INFO  SwAddin.cs: 316 - Opening property manager
2026-06-17 11:41:24,282 INFO  ExportHelperExtension.cs: 1125 - Retrieving features of type [CoordSys] from 装配体1^XY260304-A8.01-00 1mlTIP盒托盘.SLDPRT.SLDASM
2026-06-17 11:41:24,286 INFO  ExportHelperExtension.cs: 1136 - Found 30 in 装配体1^XY260304-A8.01-00 1mlTIP盒托盘.SLDPRT.SLDASM
2026-06-17 11:41:24,286 INFO  ExportHelperExtension.cs: 1145 - Found 1 features of type [CoordSys] in 装配体1^XY260304-A8.01-00 1mlTIP盒托盘.SLDPRT.SLDASM
2026-06-17 11:41:24,286 INFO  ExportHelperExtension.cs: 1148 - Proceeding through assembly components
2026-06-17 11:41:24,287 INFO  ExportHelperExtension.cs: 1160 - 3 components to check
2026-06-17 11:41:24,288 INFO  ExportHelperExtension.cs: 1125 - Retrieving features of type [CoordSys] from AKL14-100 拉手 怡合达(默认_按加工_)-2
2026-06-17 11:41:24,288 INFO  ExportHelperExtension.cs: 1136 - Found 27 in AKL14-100 拉手 怡合达(默认_按加工_)-2
2026-06-17 11:41:24,288 INFO  ExportHelperExtension.cs: 1145 - Found 0 features of type [CoordSys] in AKL14-100 拉手 怡合达(默认_按加工_)-2
2026-06-17 11:41:24,288 INFO  ExportHelperExtension.cs: 1125 - Retrieving features of type [CoordSys] from AKL14-100 拉手 怡合达(默认_按加工_)-1
2026-06-17 11:41:24,288 INFO  ExportHelperExtension.cs: 1136 - Found 27 in AKL14-100 拉手 怡合达(默认_按加工_)-1
2026-06-17 11:41:24,288 INFO  ExportHelperExtension.cs: 1145 - Found 0 features of type [CoordSys] in AKL14-100 拉手 怡合达(默认_按加工_)-1
2026-06-17 11:41:24,290 INFO  ExportHelperExtension.cs: 1125 - Retrieving features of type [CoordSys] from XY260304-A8.01-01 1mlTIP盒盘(默认_按加工_)-1
2026-06-17 11:41:24,290 INFO  ExportHelperExtension.cs: 1136 - Found 27 in XY260304-A8.01-01 1mlTIP盒盘(默认_按加工_)-1
2026-06-17 11:41:24,290 INFO  ExportHelperExtension.cs: 1145 - Found 0 features of type [CoordSys] in XY260304-A8.01-01 1mlTIP盒盘(默认_按加工_)-1
2026-06-17 11:41:24,290 INFO  ExportHelperExtension.cs: 1125 - Retrieving features of type [RefAxis] from 装配体1^XY260304-A8.01-00 1mlTIP盒托盘.SLDPRT.SLDASM
2026-06-17 11:41:24,290 INFO  ExportHelperExtension.cs: 1136 - Found 30 in 装配体1^XY260304-A8.01-00 1mlTIP盒托盘.SLDPRT.SLDASM
2026-06-17 11:41:24,290 INFO  ExportHelperExtension.cs: 1145 - Found 3 features of type [RefAxis] in 装配体1^XY260304-A8.01-00 1mlTIP盒托盘.SLDPRT.SLDASM
2026-06-17 11:41:24,290 INFO  ExportHelperExtension.cs: 1148 - Proceeding through assembly components
2026-06-17 11:41:24,290 INFO  ExportHelperExtension.cs: 1160 - 3 components to check
2026-06-17 11:41:24,290 INFO  ExportHelperExtension.cs: 1125 - Retrieving features of type [RefAxis] from AKL14-100 拉手 怡合达(默认_按加工_)-2
2026-06-17 11:41:24,290 INFO  ExportHelperExtension.cs: 1136 - Found 27 in AKL14-100 拉手 怡合达(默认_按加工_)-2
2026-06-17 11:41:24,290 INFO  ExportHelperExtension.cs: 1145 - Found 0 features of type [RefAxis] in AKL14-100 拉手 怡合达(默认_按加工_)-2
2026-06-17 11:41:24,290 INFO  ExportHelperExtension.cs: 1125 - Retrieving features of type [RefAxis] from AKL14-100 拉手 怡合达(默认_按加工_)-1
2026-06-17 11:41:24,290 INFO  ExportHelperExtension.cs: 1136 - Found 27 in AKL14-100 拉手 怡合达(默认_按加工_)-1
2026-06-17 11:41:24,290 INFO  ExportHelperExtension.cs: 1145 - Found 0 features of type [RefAxis] in AKL14-100 拉手 怡合达(默认_按加工_)-1
2026-06-17 11:41:24,290 INFO  ExportHelperExtension.cs: 1125 - Retrieving features of type [RefAxis] from XY260304-A8.01-01 1mlTIP盒盘(默认_按加工_)-1
2026-06-17 11:41:24,290 INFO  ExportHelperExtension.cs: 1136 - Found 27 in XY260304-A8.01-01 1mlTIP盒盘(默认_按加工_)-1
2026-06-17 11:41:24,290 INFO  ExportHelperExtension.cs: 1145 - Found 0 features of type [RefAxis] in XY260304-A8.01-01 1mlTIP盒盘(默认_按加工_)-1
2026-06-17 11:41:24,421 INFO  SwAddin.cs: 339 - Loading config tree
2026-06-17 11:41:24,424 INFO  ExportPropertyManagerExtension.cs: 520 - Starting new configuration
2026-06-17 11:41:24,461 INFO  SwAddin.cs: 344 - Showing property manager
2026-06-17 11:41:28,639 INFO  ExportPropertyManager.cs: 422 - Configuration saved
2026-06-17 11:41:30,151 INFO  ExportHelperExtension.cs: 1125 - Retrieving features of type [CoordSys] from 装配体1^XY260304-A8.01-00 1mlTIP盒托盘.SLDPRT.SLDASM
2026-06-17 11:41:30,154 INFO  ExportHelperExtension.cs: 1136 - Found 33 in 装配体1^XY260304-A8.01-00 1mlTIP盒托盘.SLDPRT.SLDASM
2026-06-17 11:41:30,154 INFO  ExportHelperExtension.cs: 1145 - Found 2 features of type [CoordSys] in 装配体1^XY260304-A8.01-00 1mlTIP盒托盘.SLDPRT.SLDASM
2026-06-17 11:41:30,154 INFO  ExportHelperExtension.cs: 1148 - Proceeding through assembly components
2026-06-17 11:41:30,154 INFO  ExportHelperExtension.cs: 1160 - 3 components to check
2026-06-17 11:41:30,154 INFO  ExportHelperExtension.cs: 1125 - Retrieving features of type [CoordSys] from AKL14-100 拉手 怡合达(默认_按加工_)-2
2026-06-17 11:41:30,154 INFO  ExportHelperExtension.cs: 1136 - Found 27 in AKL14-100 拉手 怡合达(默认_按加工_)-2
2026-06-17 11:41:30,154 INFO  ExportHelperExtension.cs: 1145 - Found 0 features of type [CoordSys] in AKL14-100 拉手 怡合达(默认_按加工_)-2
2026-06-17 11:41:30,154 INFO  ExportHelperExtension.cs: 1125 - Retrieving features of type [CoordSys] from AKL14-100 拉手 怡合达(默认_按加工_)-1
2026-06-17 11:41:30,154 INFO  ExportHelperExtension.cs: 1136 - Found 27 in AKL14-100 拉手 怡合达(默认_按加工_)-1
2026-06-17 11:41:30,154 INFO  ExportHelperExtension.cs: 1145 - Found 0 features of type [CoordSys] in AKL14-100 拉手 怡合达(默认_按加工_)-1
2026-06-17 11:41:30,154 INFO  ExportHelperExtension.cs: 1125 - Retrieving features of type [CoordSys] from XY260304-A8.01-01 1mlTIP盒盘(默认_按加工_)-1
2026-06-17 11:41:30,154 INFO  ExportHelperExtension.cs: 1136 - Found 27 in XY260304-A8.01-01 1mlTIP盒盘(默认_按加工_)-1
2026-06-17 11:41:30,154 INFO  ExportHelperExtension.cs: 1145 - Found 0 features of type [CoordSys] in XY260304-A8.01-01 1mlTIP盒盘(默认_按加工_)-1
2026-06-17 11:41:30,154 INFO  ExportHelperExtension.cs: 1125 - Retrieving features of type [RefAxis] from 装配体1^XY260304-A8.01-00 1mlTIP盒托盘.SLDPRT.SLDASM
2026-06-17 11:41:30,154 INFO  ExportHelperExtension.cs: 1136 - Found 33 in 装配体1^XY260304-A8.01-00 1mlTIP盒托盘.SLDPRT.SLDASM
2026-06-17 11:41:30,154 INFO  ExportHelperExtension.cs: 1145 - Found 3 features of type [RefAxis] in 装配体1^XY260304-A8.01-00 1mlTIP盒托盘.SLDPRT.SLDASM
2026-06-17 11:41:30,154 INFO  ExportHelperExtension.cs: 1148 - Proceeding through assembly components
2026-06-17 11:41:30,154 INFO  ExportHelperExtension.cs: 1160 - 3 components to check
2026-06-17 11:41:30,154 INFO  ExportHelperExtension.cs: 1125 - Retrieving features of type [RefAxis] from AKL14-100 拉手 怡合达(默认_按加工_)-2
2026-06-17 11:41:30,154 INFO  ExportHelperExtension.cs: 1136 - Found 27 in AKL14-100 拉手 怡合达(默认_按加工_)-2
2026-06-17 11:41:30,154 INFO  ExportHelperExtension.cs: 1145 - Found 0 features of type [RefAxis] in AKL14-100 拉手 怡合达(默认_按加工_)-2
2026-06-17 11:41:30,154 INFO  ExportHelperExtension.cs: 1125 - Retrieving features of type [RefAxis] from AKL14-100 拉手 怡合达(默认_按加工_)-1
2026-06-17 11:41:30,154 INFO  ExportHelperExtension.cs: 1136 - Found 27 in AKL14-100 拉手 怡合达(默认_按加工_)-1
2026-06-17 11:41:30,154 INFO  ExportHelperExtension.cs: 1145 - Found 0 features of type [RefAxis] in AKL14-100 拉手 怡合达(默认_按加工_)-1
2026-06-17 11:41:30,154 INFO  ExportHelperExtension.cs: 1125 - Retrieving features of type [RefAxis] from XY260304-A8.01-01 1mlTIP盒盘(默认_按加工_)-1
2026-06-17 11:41:30,154 INFO  ExportHelperExtension.cs: 1136 - Found 27 in XY260304-A8.01-01 1mlTIP盒盘(默认_按加工_)-1
2026-06-17 11:41:30,154 INFO  ExportHelperExtension.cs: 1145 - Found 0 features of type [RefAxis] in XY260304-A8.01-01 1mlTIP盒盘(默认_按加工_)-1
2026-06-17 11:41:30,184 INFO  ExportPropertyManager.cs: 1142 - AfterClose called. This method no longer throws an Exception. It just silently does nothing. Ok, except for this logging message
2026-06-17 11:41:35,600 INFO  AssemblyExportForm.cs: 253 - Completing URDF export
2026-06-17 11:41:35,629 INFO  ConfigurationSerialization.cs: 276 - URDF Configuration found
<Link z:Id="i1" xmlns="http://schemas.datacontract.org/2004/07/SW2URDF" xmlns:i="http://www.w3.org/2001/XMLSchema-instance" xmlns:z="http://schemas.microsoft.com/2003/10/Serialization/"><Attributes><Attribute z:Id="i2"><AttributeType>name</AttributeType><IsRequired>true</IsRequired><Value i:type="a:string" xmlns:a="http://www.w3.org/2001/XMLSchema">base_link</Value></Attribute></Attributes><ChildElements><URDFElement z:Id="i3" i:type="Inertial"><Attributes/><ChildElements><URDFElement z:Id="i4" i:type="Origin"><Attributes><Attribute z:Id="i5"><AttributeType>xyz</AttributeType><IsRequired>true</IsRequired><Value i:type="a:ArrayOfdouble" xmlns:a="http://schemas.microsoft.com/2003/10/Serialization/Arrays"><a:double>0</a:double><a:double>0</a:double><a:double>0</a:double></Value></Attribute><Attribute z:Id="i6"><AttributeType>rpy</AttributeType><IsRequired>true</IsRequired><Value i:type="a:ArrayOfdouble" xmlns:a="http://schemas.microsoft.com/2003/10/Serialization/Arrays"><a:double>0</a:double><a:double>0</a:double><a:double>0</a:double></Value></Attribute></Attributes><ChildElements/><ElementName>origin</ElementName><required>false</required><RPYAttribute z:Ref="i6"/><XYZAttribute z:Ref="i5"/><isCustomized>false</isCustomized></URDFElement><URDFElement z:Id="i7" i:type="Mass"><Attributes><Attribute z:Id="i8"><AttributeType>value</AttributeType><IsRequired>true</IsRequired><Value i:type="a:double" xmlns:a="http://www.w3.org/2001/XMLSchema">0</Value></Attribute></Attributes><ChildElements/><ElementName>mass</ElementName><required>false</required><ValueAttribute z:Ref="i8"/></URDFElement><URDFElement z:Id="i9" i:type="Inertia"><Attributes><Attribute z:Id="i10"><AttributeType>ixx</AttributeType><IsRequired>true</IsRequired><Value i:type="a:double" xmlns:a="http://www.w3.org/2001/XMLSchema">0</Value></Attribute><Attribute z:Id="i11"><AttributeType>ixy</AttributeType><IsRequired>true</IsRequired><Value i:type="a:double" xmlns:a="http://www.w3.org/2001/XMLSchema">0</Value></Attribute><Attribute z:Id="i12"><AttributeType>ixz</AttributeType><IsRequired>true</IsRequired><Value i:type="a:double" xmlns:a="http://www.w3.org/2001/XMLSchema">0</Value></Attribute><Attribute z:Id="i13"><AttributeType>iyy</AttributeType><IsRequired>true</IsRequired><Value i:type="a:double" xmlns:a="http://www.w3.org/2001/XMLSchema">0</Value></Attribute><Attribute z:Id="i14"><AttributeType>iyz</AttributeType><IsRequired>true</IsRequired><Value i:type="a:double" xmlns:a="http://www.w3.org/2001/XMLSchema">0</Value></Attribute><Attribute z:Id="i15"><AttributeType>izz</AttributeType><IsRequired>true</IsRequired><Value i:type="a:double" xmlns:a="http://www.w3.org/2001/XMLSchema">0</Value></Attribute></Attributes><ChildElements/><ElementName>inertia</ElementName><required>false</required><IxxAttribute z:Ref="i10"/><IxyAttribute z:Ref="i11"/><IxzAttribute z:Ref="i12"/><IyyAttribute z:Ref="i13"/><IyzAttribute z:Ref="i14"/><IzzAttribute z:Ref="i15"/></URDFElement></ChildElements><ElementName>inertial</ElementName><required>false</required><Inertia z:Ref="i9"/><Mass z:Ref="i7"/><Origin z:Ref="i4"/></URDFElement><URDFElement z:Id="i16" i:type="Visual"><Attributes/><ChildElements><URDFElement z:Id="i17" i:type="Origin"><Attributes><Attribute z:Id="i18"><AttributeType>xyz</AttributeType><IsRequired>true</IsRequired><Value i:type="a:ArrayOfdouble" xmlns:a="http://schemas.microsoft.com/2003/10/Serialization/Arrays"><a:double>0</a:double><a:double>0</a:double><a:double>0</a:double></Value></Attribute><Attribute z:Id="i19"><AttributeType>rpy</AttributeType><IsRequired>true</IsRequired><Value i:type="a:ArrayOfdouble" xmlns:a="http://schemas.microsoft.com/2003/10/Serialization/Arrays"><a:double>0</a:double><a:double>0</a:double><a:double>0</a:double></Value></Attribute></Attributes><ChildElements/><ElementName>origin</ElementName><required>false</required><RPYAttribute z:Ref="i19"/><XYZAttribute z:Ref="i18"/><isCustomized>false</isCustomized></URDFElement><URDFElement z:Id="i20" i:type="Geometry"><Attributes/><ChildElements><URDFElement z:Id="i21" i:type="Mesh"><Attributes><Attribute z:Id="i22"><AttributeType>filename</AttributeType><IsRequired>true</IsRequired><Value i:nil="true"/></Attribute></Attributes><ChildElements/><ElementName>mesh</ElementName><required>false</required><FilenameAttribute z:Ref="i22"/></URDFElement></ChildElements><ElementName>geometry</ElementName><required>true</required><Mesh z:Ref="i21"/></URDFElement><URDFElement z:Id="i23" i:type="Material"><Attributes><Attribute z:Id="i24"><AttributeType>name</AttributeType><IsRequired>true</IsRequired><Value i:type="a:string" xmlns:a="http://www.w3.org/2001/XMLSchema"/></Attribute></Attributes><ChildElements><URDFElement z:Id="i25" i:type="Color"><Attributes><Attribute z:Id="i26"><AttributeType>rgba</AttributeType><IsRequired>true</IsRequired><Value i:type="a:ArrayOfdouble" xmlns:a="http://schemas.microsoft.com/2003/10/Serialization/Arrays"><a:double>1</a:double><a:double>1</a:double><a:double>1</a:double><a:double>1</a:double></Value></Attribute></Attributes><ChildElements/><ElementName>color</ElementName><required>false</required><RGBAAttribute z:Ref="i26"/></URDFElement><URDFElement z:Id="i27" i:type="Texture"><Attributes><Attribute z:Id="i28"><AttributeType>filename</AttributeType><IsRequired>true</IsRequired><Value i:nil="true"/></Attribute></Attributes><ChildElements/><ElementName>texture</ElementName><required>false</required><FilenameAttribute z:Ref="i28"/><wFilename/></URDFElement></ChildElements><ElementName>material</ElementName><required>false</required><Color z:Ref="i25"/><NameAttribute z:Ref="i24"/><Texture z:Ref="i27"/></URDFElement></ChildElements><ElementName>visual</ElementName><required>false</required><Geometry z:Ref="i20"/><Material z:Ref="i23"/><Origin z:Ref="i17"/></URDFElement><URDFElement z:Id="i29" i:type="Collision"><Attributes/><ChildElements><URDFElement z:Id="i30" i:type="Origin"><Attributes><Attribute z:Id="i31"><AttributeType>xyz</AttributeType><IsRequired>true</IsRequired><Value i:type="a:ArrayOfdouble" xmlns:a="http://schemas.microsoft.com/2003/10/Serialization/Arrays"><a:double>0</a:double><a:double>0</a:double><a:double>0</a:double></Value></Attribute><Attribute z:Id="i32"><AttributeType>rpy</AttributeType><IsRequired>true</IsRequired><Value i:type="a:ArrayOfdouble" xmlns:a="http://schemas.microsoft.com/2003/10/Serialization/Arrays"><a:double>0</a:double><a:double>0</a:double><a:double>0</a:double></Value></Attribute></Attributes><ChildElements/><ElementName>origin</ElementName><required>false</required><RPYAttribute z:Ref="i32"/><XYZAttribute z:Ref="i31"/><isCustomized>false</isCustomized></URDFElement><URDFElement z:Id="i33" i:type="Geometry"><Attributes/><ChildElements><URDFElement z:Id="i34" i:type="Mesh"><Attributes><Attribute z:Id="i35"><AttributeType>filename</AttributeType><IsRequired>true</IsRequired><Value i:nil="true"/></Attribute></Attributes><ChildElements/><ElementName>mesh</ElementName><required>false</required><FilenameAttribute z:Ref="i35"/></URDFElement></ChildElements><ElementName>geometry</ElementName><required>true</required><Mesh z:Ref="i34"/></URDFElement></ChildElements><ElementName>collision</ElementName><required>false</required><Geometry z:Ref="i33"/><Origin z:Ref="i30"/></URDFElement><URDFElement z:Id="i36" i:type="Joint"><Attributes><Attribute z:Id="i37"><AttributeType>name</AttributeType><IsRequired>true</IsRequired><Value i:type="a:string" xmlns:a="http://www.w3.org/2001/XMLSchema"/></Attribute><Attribute z:Id="i38"><AttributeType>type</AttributeType><IsRequired>true</IsRequired><Value i:type="a:string" xmlns:a="http://www.w3.org/2001/XMLSchema"/></Attribute></Attributes><ChildElements><URDFElement z:Id="i39" i:type="Origin"><Attributes><Attribute z:Id="i40"><AttributeType>xyz</AttributeType><IsRequired>true</IsRequired><Value i:type="a:ArrayOfdouble" xmlns:a="http://schemas.microsoft.com/2003/10/Serialization/Arrays"><a:double>0</a:double><a:double>0</a:double><a:double>0</a:double></Value></Attribute><Attribute z:Id="i41"><AttributeType>rpy</AttributeType><IsRequired>true</IsRequired><Value i:type="a:ArrayOfdouble" xmlns:a="http://schemas.microsoft.com/2003/10/Serialization/Arrays"><a:double>0</a:double><a:double>0</a:double><a:double>0</a:double></Value></Attribute></Attributes><ChildElements/><ElementName>origin</ElementName><required>false</required><RPYAttribute z:Ref="i41"/><XYZAttribute z:Ref="i40"/><isCustomized>false</isCustomized></URDFElement><URDFElement z:Id="i42" i:type="ParentLink"><Attributes><Attribute z:Id="i43"><AttributeType>link</AttributeType><IsRequired>true</IsRequired><Value i:type="a:string" xmlns:a="http://www.w3.org/2001/XMLSchema"/></Attribute></Attributes><ChildElements/><ElementName>parent</ElementName><required>true</required><NameAttribute z:Ref="i43"/></URDFElement><URDFElement z:Id="i44" i:type="ChildLink"><Attributes><Attribute z:Id="i45"><AttributeType>link</AttributeType><IsRequired>true</IsRequired><Value i:type="a:string" xmlns:a="http://www.w3.org/2001/XMLSchema"/></Attribute></Attributes><ChildElements/><ElementName>child</ElementName><required>true</required><NameAttribute z:Ref="i45"/></URDFElement><URDFElement z:Id="i46" i:type="Axis"><Attributes><Attribute z:Id="i47"><AttributeType>xyz</AttributeType><IsRequired>true</IsRequired><Value i:type="a:ArrayOfdouble" xmlns:a="http://schemas.microsoft.com/2003/10/Serialization/Arrays"><a:double>0</a:double><a:double>0</a:double><a:double>0</a:double></Value></Attribute></Attributes><ChildElements/><ElementName>axis</ElementName><required>false</required><XYZAttribute z:Ref="i47"/></URDFElement><URDFElement z:Id="i48" i:type="Limit"><Attributes><Attribute z:Id="i49"><AttributeType>lower</AttributeType><IsRequired>false</IsRequired><Value i:nil="true"/></Attribute><Attribute z:Id="i50"><AttributeType>upper</AttributeType><IsRequired>false</IsRequired><Value i:nil="true"/></Attribute><Attribute z:Id="i51"><AttributeType>effort</AttributeType><IsRequired>true</IsRequired><Value i:nil="true"/></Attribute><Attribute z:Id="i52"><AttributeType>velocity</AttributeType><IsRequired>true</IsRequired><Value i:nil="true"/></Attribute></Attributes><ChildElements/><ElementName>limit</ElementName><required>false</required><EffortAttribute z:Ref="i51"/><LowerAttribute z:Ref="i49"/><UpperAttribute z:Ref="i50"/><VelocityAttribute z:Ref="i52"/></URDFElement><URDFElement z:Id="i53" i:type="Calibration"><Attributes><Attribute z:Id="i54"><AttributeType>rising</AttributeType><IsRequired>false</IsRequired><Value i:nil="true"/></Attribute><Attribute z:Id="i55"><AttributeType>falling</AttributeType><IsRequired>false</IsRequired><Value i:nil="true"/></Attribute></Attributes><ChildElements/><ElementName>calibration</ElementName><required>false</required><FallingAttribute z:Ref="i55"/><RisingAttribute z:Ref="i54"/></URDFElement><URDFElement z:Id="i56" i:type="Dynamics"><Attributes><Attribute z:Id="i57"><AttributeType>damping</AttributeType><IsRequired>false</IsRequired><Value i:nil="true"/></Attribute><Attribute z:Id="i58"><AttributeType>friction</AttributeType><IsRequired>false</IsRequired><Value i:nil="true"/></Attribute></Attributes><ChildElements/><ElementName>dynamics</ElementName><required>false</required><DampingAttribute z:Ref="i57"/><FrictionAttribute z:Ref="i58"/></URDFElement><URDFElement z:Id="i59" i:type="SafetyController"><Attributes><Attribute z:Id="i60"><AttributeType>soft_upper_limit</AttributeType><IsRequired>false</IsRequired><Value i:nil="true"/></Attribute><Attribute z:Id="i61"><AttributeType>soft_lower_limit</AttributeType><IsRequired>false</IsRequired><Value i:nil="true"/></Attribute><Attribute z:Id="i62"><AttributeType>k_position</AttributeType><IsRequired>false</IsRequired><Value i:nil="true"/></Attribute><Attribute z:Id="i63"><AttributeType>k_velocity</AttributeType><IsRequired>true</IsRequired><Value i:nil="true"/></Attribute></Attributes><ChildElements/><ElementName>safety_controller</ElementName><required>false</required><KPositionAttribute z:Ref="i62"/><KVelocityAttribute z:Ref="i63"/><SoftLowerAttribute z:Ref="i61"/><SoftUpperAttribute z:Ref="i60"/></URDFElement><URDFElement z:Id="i64" i:type="Mimic"><Attributes><Attribute z:Id="i65"><AttributeType>joint</AttributeType><IsRequired>true</IsRequired><Value i:nil="true"/></Attribute><Attribute z:Id="i66"><AttributeType>multiplier</AttributeType><IsRequired>false</IsRequired><Value i:nil="true"/></Attribute><Attribute z:Id="i67"><AttributeType>offset</AttributeType><IsRequired>false</IsRequired><Value i:nil="true"/></Attribute></Attributes><ChildElements/><ElementName>mimic</ElementName><required>false</required><JointNameAttribute z:Ref="i65"/><MultiplierAttribute z:Ref="i66"/><OffsetAttribute z:Ref="i67"/></URDFElement></ChildElements><ElementName>joint</ElementName><required>false</required><Axis z:Ref="i46"/><AxisName/><Calibration z:Ref="i53"/><Child z:Ref="i44"/><CoordinateSystemName>Automatically Generate</CoordinateSystemName><Dynamics z:Ref="i56"/><Limit z:Ref="i48"/><Mimic z:Ref="i64"/><NameAttribute z:Ref="i37"/><Origin z:Ref="i39"/><Parent z:Ref="i42"/><Safety z:Ref="i59"/><TypeAttribute z:Ref="i38"/></URDFElement></ChildElements><ElementName>link</ElementName><required>true</required><Children/><Collision z:Ref="i29"/><Inertial z:Ref="i3"/><Joint z:Ref="i36"/><NameAttribute z:Ref="i2"/><Parent i:nil="true"/><STLQualityFine>false</STLQualityFine><SWComponentPIDs xmlns:a="http://schemas.microsoft.com/2003/10/Serialization/Arrays"><a:base64Binary>aEIAAAUAAAD//v8AAAAAAA==</a:base64Binary></SWComponentPIDs><SWMainComponentPID i:nil="true"/><Visual z:Ref="i16"/><isFixedFrame>false</isFixedFrame><isIncomplete>false</isIncomplete></Link>
2026-06-17 11:42:23,543 INFO  AssemblyExportForm.cs: 309 - Saving URDF package to E:\仿真\合成-化学反应站\合成-化学反应站-urdf\电推杆-X-9.urdf
2026-06-17 11:42:23,544 INFO  ExportHelper.cs: 147 - Beginning the export process
2026-06-17 11:42:23,546 INFO  ExportHelper.cs: 153 - Creating package directories with name 电推杆-X-9.urdf and save path E:\仿真\合成-化学反应站\合成-化学反应站-urdf
2026-06-17 11:42:25,102 INFO  ExportHelper.cs: 162 - Creating CMakeLists.txt at E:\仿真\合成-化学反应站\合成-化学反应站-urdf\电推杆-X-9.urdf\CMakeLists.txt
2026-06-17 11:42:25,103 INFO  ExportHelper.cs: 166 - Creating joint names config at E:\仿真\合成-化学反应站\合成-化学反应站-urdf\电推杆-X-9.urdf\config\joint_names_电推杆-X-9.urdf.yaml
2026-06-17 11:42:25,105 INFO  ExportHelper.cs: 170 - Creating package.xml at E:\仿真\合成-化学反应站\合成-化学反应站-urdf\电推杆-X-9.urdf\package.xml
2026-06-17 11:42:25,112 INFO  PackageXMLWriter.cs: 21 - Creating package.xml at E:\仿真\合成-化学反应站\合成-化学反应站-urdf\电推杆-X-9.urdf\package.xml
2026-06-17 11:42:25,114 INFO  ExportHelper.cs: 177 - Creating RVIZ launch file in E:\仿真\合成-化学反应站\合成-化学反应站-urdf\电推杆-X-9.urdf\launch\
2026-06-17 11:42:25,130 INFO  ExportHelper.cs: 182 - Creating Gazebo launch file in E:\仿真\合成-化学反应站\合成-化学反应站-urdf\电推杆-X-9.urdf\launch\
2026-06-17 11:42:25,146 INFO  ExportHelper.cs: 187 - Saving existing STL preferences
2026-06-17 11:42:25,146 INFO  ExportHelper.cs: 450 - Saving users preferences
2026-06-17 11:42:25,146 INFO  ExportHelper.cs: 190 - Modifying STL preferences
2026-06-17 11:42:25,152 INFO  ExportHelper.cs: 464 - Setting STL preferences
2026-06-17 11:42:25,154 INFO  ExportHelper.cs: 196 - Found 0 hidden components 
2026-06-17 11:42:25,154 INFO  ExportHelper.cs: 197 - Hiding all components
2026-06-17 11:42:25,198 INFO  ExportHelper.cs: 204 - Beginning individual files export
2026-06-17 11:42:25,200 INFO  ExportHelper.cs: 270 - Exporting link: base_link
2026-06-17 11:42:25,200 INFO  ExportHelper.cs: 272 - Link base_link has 0 children
2026-06-17 11:42:25,202 INFO  ExportHelper.cs: 317 - base_link: Exporting STL with coordinate frame Origin_global
2026-06-17 11:42:25,202 INFO  ExportHelper.cs: 322 - base_link: Reference geometry name 
2026-06-17 11:42:25,225 INFO  ExportHelper.cs: 330 - Saving STL to E:\仿真\合成-化学反应站\合成-化学反应站-urdf\电推杆-X-9.urdf\meshes\base_link.STL
2026-06-17 11:42:25,292 INFO  ExportHelper.cs: 405 - Removing SW header in STL file
2026-06-17 11:42:25,295 INFO  ExportHelper.cs: 145 - Showing all components except previously hidden components
2026-06-17 11:42:25,309 INFO  ExportHelper.cs: 145 - Resetting STL preferences
2026-06-17 11:42:25,309 INFO  ExportHelper.cs: 478 - Returning STL preferences to user preferences
2026-06-17 11:42:25,309 INFO  ExportHelper.cs: 228 - Writing URDF file to E:\仿真\合成-化学反应站\合成-化学反应站-urdf\电推杆-X-9.urdf\urdf\电推杆-X-9.urdf.urdf
2026-06-17 11:42:25,315 INFO  CSVImportExport.cs: 32 - Writing CSV file E:\仿真\合成-化学反应站\合成-化学反应站-urdf\电推杆-X-9.urdf\urdf\电推杆-X-9.urdf.csv
2026-06-17 11:42:25,328 ERROR CSVImportExport.cs: 130 - The following columns were not written to the CSV: Link.Joint.ChildLink.link,
2026-06-17 11:42:25,333 INFO  ExportHelper.cs: 234 - Copying log file
2026-06-17 11:42:25,336 INFO  ExportHelper.cs: 439 - Copying C:\Users\DP\sw2urdf_logs\sw2urdf.log to E:\仿真\合成-化学反应站\合成-化学反应站-urdf\电推杆-X-9.urdf\export.log
2026-06-17 11:42:25,336 INFO  ExportHelper.cs: 237 - Resetting STL preferences
2026-06-17 11:42:25,336 INFO  ExportHelper.cs: 478 - Returning STL preferences to user preferences
2026-06-17 11:45:07,058 INFO  SwAddin.cs: 294 - Assembly export called for file 装配体2^XY260304-A8.03-00 清洗瓶治具.SLDASM
2026-06-17 11:45:07,059 INFO  SwAddin.cs: 299 - Save is required
2026-06-17 11:45:07,059 INFO  SwAddin.cs: 313 - Saving assembly
2026-06-17 11:45:07,224 INFO  SwAddin.cs: 316 - Opening property manager
2026-06-17 11:45:07,224 INFO  ExportHelperExtension.cs: 1125 - Retrieving features of type [CoordSys] from 装配体2^XY260304-A8.03-00 清洗瓶治具.SLDASM
2026-06-17 11:45:07,226 INFO  ExportHelperExtension.cs: 1136 - Found 31 in 装配体2^XY260304-A8.03-00 清洗瓶治具.SLDASM
2026-06-17 11:45:07,226 INFO  ExportHelperExtension.cs: 1145 - Found 1 features of type [CoordSys] in 装配体2^XY260304-A8.03-00 清洗瓶治具.SLDASM
2026-06-17 11:45:07,226 INFO  ExportHelperExtension.cs: 1148 - Proceeding through assembly components
2026-06-17 11:45:07,226 INFO  ExportHelperExtension.cs: 1160 - 3 components to check
2026-06-17 11:45:07,226 INFO  ExportHelperExtension.cs: 1125 - Retrieving features of type [CoordSys] from AKL14-100 拉手 怡合达(默认_按加工_)-2
2026-06-17 11:45:07,227 INFO  ExportHelperExtension.cs: 1136 - Found 27 in AKL14-100 拉手 怡合达(默认_按加工_)-2
2026-06-17 11:45:07,227 INFO  ExportHelperExtension.cs: 1145 - Found 0 features of type [CoordSys] in AKL14-100 拉手 怡合达(默认_按加工_)-2
2026-06-17 11:45:07,227 INFO  ExportHelperExtension.cs: 1125 - Retrieving features of type [CoordSys] from AKL14-100 拉手 怡合达(默认_按加工_)-1
2026-06-17 11:45:07,227 INFO  ExportHelperExtension.cs: 1136 - Found 27 in AKL14-100 拉手 怡合达(默认_按加工_)-1
2026-06-17 11:45:07,228 INFO  ExportHelperExtension.cs: 1145 - Found 0 features of type [CoordSys] in AKL14-100 拉手 怡合达(默认_按加工_)-1
2026-06-17 11:45:07,228 INFO  ExportHelperExtension.cs: 1125 - Retrieving features of type [CoordSys] from XY260304-A8.03-01 250ml试剂盘(默认_按加工_)-1
2026-06-17 11:45:07,228 INFO  ExportHelperExtension.cs: 1136 - Found 27 in XY260304-A8.03-01 250ml试剂盘(默认_按加工_)-1
2026-06-17 11:45:07,228 INFO  ExportHelperExtension.cs: 1145 - Found 0 features of type [CoordSys] in XY260304-A8.03-01 250ml试剂盘(默认_按加工_)-1
2026-06-17 11:45:07,228 INFO  ExportHelperExtension.cs: 1125 - Retrieving features of type [RefAxis] from 装配体2^XY260304-A8.03-00 清洗瓶治具.SLDASM
2026-06-17 11:45:07,229 INFO  ExportHelperExtension.cs: 1136 - Found 31 in 装配体2^XY260304-A8.03-00 清洗瓶治具.SLDASM
2026-06-17 11:45:07,229 INFO  ExportHelperExtension.cs: 1145 - Found 3 features of type [RefAxis] in 装配体2^XY260304-A8.03-00 清洗瓶治具.SLDASM
2026-06-17 11:45:07,229 INFO  ExportHelperExtension.cs: 1148 - Proceeding through assembly components
2026-06-17 11:45:07,229 INFO  ExportHelperExtension.cs: 1160 - 3 components to check
2026-06-17 11:45:07,229 INFO  ExportHelperExtension.cs: 1125 - Retrieving features of type [RefAxis] from AKL14-100 拉手 怡合达(默认_按加工_)-2
2026-06-17 11:45:07,230 INFO  ExportHelperExtension.cs: 1136 - Found 27 in AKL14-100 拉手 怡合达(默认_按加工_)-2
2026-06-17 11:45:07,230 INFO  ExportHelperExtension.cs: 1145 - Found 0 features of type [RefAxis] in AKL14-100 拉手 怡合达(默认_按加工_)-2
2026-06-17 11:45:07,230 INFO  ExportHelperExtension.cs: 1125 - Retrieving features of type [RefAxis] from AKL14-100 拉手 怡合达(默认_按加工_)-1
2026-06-17 11:45:07,230 INFO  ExportHelperExtension.cs: 1136 - Found 27 in AKL14-100 拉手 怡合达(默认_按加工_)-1
2026-06-17 11:45:07,231 INFO  ExportHelperExtension.cs: 1145 - Found 0 features of type [RefAxis] in AKL14-100 拉手 怡合达(默认_按加工_)-1
2026-06-17 11:45:07,231 INFO  ExportHelperExtension.cs: 1125 - Retrieving features of type [RefAxis] from XY260304-A8.03-01 250ml试剂盘(默认_按加工_)-1
2026-06-17 11:45:07,231 INFO  ExportHelperExtension.cs: 1136 - Found 27 in XY260304-A8.03-01 250ml试剂盘(默认_按加工_)-1
2026-06-17 11:45:07,231 INFO  ExportHelperExtension.cs: 1145 - Found 0 features of type [RefAxis] in XY260304-A8.03-01 250ml试剂盘(默认_按加工_)-1
2026-06-17 11:45:07,333 INFO  SwAddin.cs: 339 - Loading config tree
2026-06-17 11:45:07,333 INFO  ExportPropertyManagerExtension.cs: 520 - Starting new configuration
2026-06-17 11:45:07,335 INFO  SwAddin.cs: 344 - Showing property manager
2026-06-17 11:45:09,416 INFO  ExportPropertyManager.cs: 1018 - OnComboboxSelectionChanged called. This method no longer throws an Exception. It just silently does nothing. Ok, except for this logging message
2026-06-17 11:45:10,987 INFO  ExportPropertyManager.cs: 1018 - OnComboboxSelectionChanged called. This method no longer throws an Exception. It just silently does nothing. Ok, except for this logging message
2026-06-17 11:45:14,080 INFO  ExportPropertyManager.cs: 422 - Configuration saved
2026-06-17 11:45:14,190 INFO  ExportHelperExtension.cs: 1125 - Retrieving features of type [CoordSys] from 装配体2^XY260304-A8.03-00 清洗瓶治具.SLDASM
2026-06-17 11:45:14,191 INFO  ExportHelperExtension.cs: 1136 - Found 32 in 装配体2^XY260304-A8.03-00 清洗瓶治具.SLDASM
2026-06-17 11:45:14,191 INFO  ExportHelperExtension.cs: 1145 - Found 1 features of type [CoordSys] in 装配体2^XY260304-A8.03-00 清洗瓶治具.SLDASM
2026-06-17 11:45:14,192 INFO  ExportHelperExtension.cs: 1148 - Proceeding through assembly components
2026-06-17 11:45:14,192 INFO  ExportHelperExtension.cs: 1160 - 3 components to check
2026-06-17 11:45:14,192 INFO  ExportHelperExtension.cs: 1125 - Retrieving features of type [CoordSys] from AKL14-100 拉手 怡合达(默认_按加工_)-2
2026-06-17 11:45:14,192 INFO  ExportHelperExtension.cs: 1136 - Found 27 in AKL14-100 拉手 怡合达(默认_按加工_)-2
2026-06-17 11:45:14,193 INFO  ExportHelperExtension.cs: 1145 - Found 0 features of type [CoordSys] in AKL14-100 拉手 怡合达(默认_按加工_)-2
2026-06-17 11:45:14,193 INFO  ExportHelperExtension.cs: 1125 - Retrieving features of type [CoordSys] from AKL14-100 拉手 怡合达(默认_按加工_)-1
2026-06-17 11:45:14,193 INFO  ExportHelperExtension.cs: 1136 - Found 27 in AKL14-100 拉手 怡合达(默认_按加工_)-1
2026-06-17 11:45:14,193 INFO  ExportHelperExtension.cs: 1145 - Found 0 features of type [CoordSys] in AKL14-100 拉手 怡合达(默认_按加工_)-1
2026-06-17 11:45:14,193 INFO  ExportHelperExtension.cs: 1125 - Retrieving features of type [CoordSys] from XY260304-A8.03-01 250ml试剂盘(默认_按加工_)-1
2026-06-17 11:45:14,195 INFO  ExportHelperExtension.cs: 1136 - Found 27 in XY260304-A8.03-01 250ml试剂盘(默认_按加工_)-1
2026-06-17 11:45:14,195 INFO  ExportHelperExtension.cs: 1145 - Found 0 features of type [CoordSys] in XY260304-A8.03-01 250ml试剂盘(默认_按加工_)-1
2026-06-17 11:45:14,195 INFO  ExportHelperExtension.cs: 1125 - Retrieving features of type [RefAxis] from 装配体2^XY260304-A8.03-00 清洗瓶治具.SLDASM
2026-06-17 11:45:14,195 INFO  ExportHelperExtension.cs: 1136 - Found 32 in 装配体2^XY260304-A8.03-00 清洗瓶治具.SLDASM
2026-06-17 11:45:14,195 INFO  ExportHelperExtension.cs: 1145 - Found 3 features of type [RefAxis] in 装配体2^XY260304-A8.03-00 清洗瓶治具.SLDASM
2026-06-17 11:45:14,195 INFO  ExportHelperExtension.cs: 1148 - Proceeding through assembly components
2026-06-17 11:45:14,195 INFO  ExportHelperExtension.cs: 1160 - 3 components to check
2026-06-17 11:45:14,195 INFO  ExportHelperExtension.cs: 1125 - Retrieving features of type [RefAxis] from AKL14-100 拉手 怡合达(默认_按加工_)-2
2026-06-17 11:45:14,195 INFO  ExportHelperExtension.cs: 1136 - Found 27 in AKL14-100 拉手 怡合达(默认_按加工_)-2
2026-06-17 11:45:14,195 INFO  ExportHelperExtension.cs: 1145 - Found 0 features of type [RefAxis] in AKL14-100 拉手 怡合达(默认_按加工_)-2
2026-06-17 11:45:14,195 INFO  ExportHelperExtension.cs: 1125 - Retrieving features of type [RefAxis] from AKL14-100 拉手 怡合达(默认_按加工_)-1
2026-06-17 11:45:14,195 INFO  ExportHelperExtension.cs: 1136 - Found 27 in AKL14-100 拉手 怡合达(默认_按加工_)-1
2026-06-17 11:45:14,195 INFO  ExportHelperExtension.cs: 1145 - Found 0 features of type [RefAxis] in AKL14-100 拉手 怡合达(默认_按加工_)-1
2026-06-17 11:45:14,195 INFO  ExportHelperExtension.cs: 1125 - Retrieving features of type [RefAxis] from XY260304-A8.03-01 250ml试剂盘(默认_按加工_)-1
2026-06-17 11:45:14,195 INFO  ExportHelperExtension.cs: 1136 - Found 27 in XY260304-A8.03-01 250ml试剂盘(默认_按加工_)-1
2026-06-17 11:45:14,195 INFO  ExportHelperExtension.cs: 1145 - Found 0 features of type [RefAxis] in XY260304-A8.03-01 250ml试剂盘(默认_按加工_)-1
2026-06-17 11:45:14,220 INFO  ExportPropertyManager.cs: 1142 - AfterClose called. This method no longer throws an Exception. It just silently does nothing. Ok, except for this logging message
2026-06-17 11:45:17,665 INFO  AssemblyExportForm.cs: 253 - Completing URDF export
2026-06-17 11:45:17,665 INFO  ConfigurationSerialization.cs: 276 - URDF Configuration found
<Link z:Id="i1" xmlns="http://schemas.datacontract.org/2004/07/SW2URDF" xmlns:i="http://www.w3.org/2001/XMLSchema-instance" xmlns:z="http://schemas.microsoft.com/2003/10/Serialization/"><Attributes><Attribute z:Id="i2"><AttributeType>name</AttributeType><IsRequired>true</IsRequired><Value i:type="a:string" xmlns:a="http://www.w3.org/2001/XMLSchema">base_link</Value></Attribute></Attributes><ChildElements><URDFElement z:Id="i3" i:type="Inertial"><Attributes/><ChildElements><URDFElement z:Id="i4" i:type="Origin"><Attributes><Attribute z:Id="i5"><AttributeType>xyz</AttributeType><IsRequired>true</IsRequired><Value i:type="a:ArrayOfdouble" xmlns:a="http://schemas.microsoft.com/2003/10/Serialization/Arrays"><a:double>0</a:double><a:double>0</a:double><a:double>0</a:double></Value></Attribute><Attribute z:Id="i6"><AttributeType>rpy</AttributeType><IsRequired>true</IsRequired><Value i:type="a:ArrayOfdouble" xmlns:a="http://schemas.microsoft.com/2003/10/Serialization/Arrays"><a:double>0</a:double><a:double>0</a:double><a:double>0</a:double></Value></Attribute></Attributes><ChildElements/><ElementName>origin</ElementName><required>false</required><RPYAttribute z:Ref="i6"/><XYZAttribute z:Ref="i5"/><isCustomized>false</isCustomized></URDFElement><URDFElement z:Id="i7" i:type="Mass"><Attributes><Attribute z:Id="i8"><AttributeType>value</AttributeType><IsRequired>true</IsRequired><Value i:type="a:double" xmlns:a="http://www.w3.org/2001/XMLSchema">0</Value></Attribute></Attributes><ChildElements/><ElementName>mass</ElementName><required>false</required><ValueAttribute z:Ref="i8"/></URDFElement><URDFElement z:Id="i9" i:type="Inertia"><Attributes><Attribute z:Id="i10"><AttributeType>ixx</AttributeType><IsRequired>true</IsRequired><Value i:type="a:double" xmlns:a="http://www.w3.org/2001/XMLSchema">0</Value></Attribute><Attribute z:Id="i11"><AttributeType>ixy</AttributeType><IsRequired>true</IsRequired><Value i:type="a:double" xmlns:a="http://www.w3.org/2001/XMLSchema">0</Value></Attribute><Attribute z:Id="i12"><AttributeType>ixz</AttributeType><IsRequired>true</IsRequired><Value i:type="a:double" xmlns:a="http://www.w3.org/2001/XMLSchema">0</Value></Attribute><Attribute z:Id="i13"><AttributeType>iyy</AttributeType><IsRequired>true</IsRequired><Value i:type="a:double" xmlns:a="http://www.w3.org/2001/XMLSchema">0</Value></Attribute><Attribute z:Id="i14"><AttributeType>iyz</AttributeType><IsRequired>true</IsRequired><Value i:type="a:double" xmlns:a="http://www.w3.org/2001/XMLSchema">0</Value></Attribute><Attribute z:Id="i15"><AttributeType>izz</AttributeType><IsRequired>true</IsRequired><Value i:type="a:double" xmlns:a="http://www.w3.org/2001/XMLSchema">0</Value></Attribute></Attributes><ChildElements/><ElementName>inertia</ElementName><required>false</required><IxxAttribute z:Ref="i10"/><IxyAttribute z:Ref="i11"/><IxzAttribute z:Ref="i12"/><IyyAttribute z:Ref="i13"/><IyzAttribute z:Ref="i14"/><IzzAttribute z:Ref="i15"/></URDFElement></ChildElements><ElementName>inertial</ElementName><required>false</required><Inertia z:Ref="i9"/><Mass z:Ref="i7"/><Origin z:Ref="i4"/></URDFElement><URDFElement z:Id="i16" i:type="Visual"><Attributes/><ChildElements><URDFElement z:Id="i17" i:type="Origin"><Attributes><Attribute z:Id="i18"><AttributeType>xyz</AttributeType><IsRequired>true</IsRequired><Value i:type="a:ArrayOfdouble" xmlns:a="http://schemas.microsoft.com/2003/10/Serialization/Arrays"><a:double>0</a:double><a:double>0</a:double><a:double>0</a:double></Value></Attribute><Attribute z:Id="i19"><AttributeType>rpy</AttributeType><IsRequired>true</IsRequired><Value i:type="a:ArrayOfdouble" xmlns:a="http://schemas.microsoft.com/2003/10/Serialization/Arrays"><a:double>0</a:double><a:double>0</a:double><a:double>0</a:double></Value></Attribute></Attributes><ChildElements/><ElementName>origin</ElementName><required>false</required><RPYAttribute z:Ref="i19"/><XYZAttribute z:Ref="i18"/><isCustomized>false</isCustomized></URDFElement><URDFElement z:Id="i20" i:type="Geometry"><Attributes/><ChildElements><URDFElement z:Id="i21" i:type="Mesh"><Attributes><Attribute z:Id="i22"><AttributeType>filename</AttributeType><IsRequired>true</IsRequired><Value i:nil="true"/></Attribute></Attributes><ChildElements/><ElementName>mesh</ElementName><required>false</required><FilenameAttribute z:Ref="i22"/></URDFElement></ChildElements><ElementName>geometry</ElementName><required>true</required><Mesh z:Ref="i21"/></URDFElement><URDFElement z:Id="i23" i:type="Material"><Attributes><Attribute z:Id="i24"><AttributeType>name</AttributeType><IsRequired>true</IsRequired><Value i:type="a:string" xmlns:a="http://www.w3.org/2001/XMLSchema"/></Attribute></Attributes><ChildElements><URDFElement z:Id="i25" i:type="Color"><Attributes><Attribute z:Id="i26"><AttributeType>rgba</AttributeType><IsRequired>true</IsRequired><Value i:type="a:ArrayOfdouble" xmlns:a="http://schemas.microsoft.com/2003/10/Serialization/Arrays"><a:double>1</a:double><a:double>1</a:double><a:double>1</a:double><a:double>1</a:double></Value></Attribute></Attributes><ChildElements/><ElementName>color</ElementName><required>false</required><RGBAAttribute z:Ref="i26"/></URDFElement><URDFElement z:Id="i27" i:type="Texture"><Attributes><Attribute z:Id="i28"><AttributeType>filename</AttributeType><IsRequired>true</IsRequired><Value i:nil="true"/></Attribute></Attributes><ChildElements/><ElementName>texture</ElementName><required>false</required><FilenameAttribute z:Ref="i28"/><wFilename/></URDFElement></ChildElements><ElementName>material</ElementName><required>false</required><Color z:Ref="i25"/><NameAttribute z:Ref="i24"/><Texture z:Ref="i27"/></URDFElement></ChildElements><ElementName>visual</ElementName><required>false</required><Geometry z:Ref="i20"/><Material z:Ref="i23"/><Origin z:Ref="i17"/></URDFElement><URDFElement z:Id="i29" i:type="Collision"><Attributes/><ChildElements><URDFElement z:Id="i30" i:type="Origin"><Attributes><Attribute z:Id="i31"><AttributeType>xyz</AttributeType><IsRequired>true</IsRequired><Value i:type="a:ArrayOfdouble" xmlns:a="http://schemas.microsoft.com/2003/10/Serialization/Arrays"><a:double>0</a:double><a:double>0</a:double><a:double>0</a:double></Value></Attribute><Attribute z:Id="i32"><AttributeType>rpy</AttributeType><IsRequired>true</IsRequired><Value i:type="a:ArrayOfdouble" xmlns:a="http://schemas.microsoft.com/2003/10/Serialization/Arrays"><a:double>0</a:double><a:double>0</a:double><a:double>0</a:double></Value></Attribute></Attributes><ChildElements/><ElementName>origin</ElementName><required>false</required><RPYAttribute z:Ref="i32"/><XYZAttribute z:Ref="i31"/><isCustomized>false</isCustomized></URDFElement><URDFElement z:Id="i33" i:type="Geometry"><Attributes/><ChildElements><URDFElement z:Id="i34" i:type="Mesh"><Attributes><Attribute z:Id="i35"><AttributeType>filename</AttributeType><IsRequired>true</IsRequired><Value i:nil="true"/></Attribute></Attributes><ChildElements/><ElementName>mesh</ElementName><required>false</required><FilenameAttribute z:Ref="i35"/></URDFElement></ChildElements><ElementName>geometry</ElementName><required>true</required><Mesh z:Ref="i34"/></URDFElement></ChildElements><ElementName>collision</ElementName><required>false</required><Geometry z:Ref="i33"/><Origin z:Ref="i30"/></URDFElement><URDFElement z:Id="i36" i:type="Joint"><Attributes><Attribute z:Id="i37"><AttributeType>name</AttributeType><IsRequired>true</IsRequired><Value i:type="a:string" xmlns:a="http://www.w3.org/2001/XMLSchema"/></Attribute><Attribute z:Id="i38"><AttributeType>type</AttributeType><IsRequired>true</IsRequired><Value i:type="a:string" xmlns:a="http://www.w3.org/2001/XMLSchema"/></Attribute></Attributes><ChildElements><URDFElement z:Id="i39" i:type="Origin"><Attributes><Attribute z:Id="i40"><AttributeType>xyz</AttributeType><IsRequired>true</IsRequired><Value i:type="a:ArrayOfdouble" xmlns:a="http://schemas.microsoft.com/2003/10/Serialization/Arrays"><a:double>0</a:double><a:double>0</a:double><a:double>0</a:double></Value></Attribute><Attribute z:Id="i41"><AttributeType>rpy</AttributeType><IsRequired>true</IsRequired><Value i:type="a:ArrayOfdouble" xmlns:a="http://schemas.microsoft.com/2003/10/Serialization/Arrays"><a:double>0</a:double><a:double>0</a:double><a:double>0</a:double></Value></Attribute></Attributes><ChildElements/><ElementName>origin</ElementName><required>false</required><RPYAttribute z:Ref="i41"/><XYZAttribute z:Ref="i40"/><isCustomized>false</isCustomized></URDFElement><URDFElement z:Id="i42" i:type="ParentLink"><Attributes><Attribute z:Id="i43"><AttributeType>link</AttributeType><IsRequired>true</IsRequired><Value i:type="a:string" xmlns:a="http://www.w3.org/2001/XMLSchema"/></Attribute></Attributes><ChildElements/><ElementName>parent</ElementName><required>true</required><NameAttribute z:Ref="i43"/></URDFElement><URDFElement z:Id="i44" i:type="ChildLink"><Attributes><Attribute z:Id="i45"><AttributeType>link</AttributeType><IsRequired>true</IsRequired><Value i:type="a:string" xmlns:a="http://www.w3.org/2001/XMLSchema"/></Attribute></Attributes><ChildElements/><ElementName>child</ElementName><required>true</required><NameAttribute z:Ref="i45"/></URDFElement><URDFElement z:Id="i46" i:type="Axis"><Attributes><Attribute z:Id="i47"><AttributeType>xyz</AttributeType><IsRequired>true</IsRequired><Value i:type="a:ArrayOfdouble" xmlns:a="http://schemas.microsoft.com/2003/10/Serialization/Arrays"><a:double>0</a:double><a:double>0</a:double><a:double>0</a:double></Value></Attribute></Attributes><ChildElements/><ElementName>axis</ElementName><required>false</required><XYZAttribute z:Ref="i47"/></URDFElement><URDFElement z:Id="i48" i:type="Limit"><Attributes><Attribute z:Id="i49"><AttributeType>lower</AttributeType><IsRequired>false</IsRequired><Value i:nil="true"/></Attribute><Attribute z:Id="i50"><AttributeType>upper</AttributeType><IsRequired>false</IsRequired><Value i:nil="true"/></Attribute><Attribute z:Id="i51"><AttributeType>effort</AttributeType><IsRequired>true</IsRequired><Value i:nil="true"/></Attribute><Attribute z:Id="i52"><AttributeType>velocity</AttributeType><IsRequired>true</IsRequired><Value i:nil="true"/></Attribute></Attributes><ChildElements/><ElementName>limit</ElementName><required>false</required><EffortAttribute z:Ref="i51"/><LowerAttribute z:Ref="i49"/><UpperAttribute z:Ref="i50"/><VelocityAttribute z:Ref="i52"/></URDFElement><URDFElement z:Id="i53" i:type="Calibration"><Attributes><Attribute z:Id="i54"><AttributeType>rising</AttributeType><IsRequired>false</IsRequired><Value i:nil="true"/></Attribute><Attribute z:Id="i55"><AttributeType>falling</AttributeType><IsRequired>false</IsRequired><Value i:nil="true"/></Attribute></Attributes><ChildElements/><ElementName>calibration</ElementName><required>false</required><FallingAttribute z:Ref="i55"/><RisingAttribute z:Ref="i54"/></URDFElement><URDFElement z:Id="i56" i:type="Dynamics"><Attributes><Attribute z:Id="i57"><AttributeType>damping</AttributeType><IsRequired>false</IsRequired><Value i:nil="true"/></Attribute><Attribute z:Id="i58"><AttributeType>friction</AttributeType><IsRequired>false</IsRequired><Value i:nil="true"/></Attribute></Attributes><ChildElements/><ElementName>dynamics</ElementName><required>false</required><DampingAttribute z:Ref="i57"/><FrictionAttribute z:Ref="i58"/></URDFElement><URDFElement z:Id="i59" i:type="SafetyController"><Attributes><Attribute z:Id="i60"><AttributeType>soft_upper_limit</AttributeType><IsRequired>false</IsRequired><Value i:nil="true"/></Attribute><Attribute z:Id="i61"><AttributeType>soft_lower_limit</AttributeType><IsRequired>false</IsRequired><Value i:nil="true"/></Attribute><Attribute z:Id="i62"><AttributeType>k_position</AttributeType><IsRequired>false</IsRequired><Value i:nil="true"/></Attribute><Attribute z:Id="i63"><AttributeType>k_velocity</AttributeType><IsRequired>true</IsRequired><Value i:nil="true"/></Attribute></Attributes><ChildElements/><ElementName>safety_controller</ElementName><required>false</required><KPositionAttribute z:Ref="i62"/><KVelocityAttribute z:Ref="i63"/><SoftLowerAttribute z:Ref="i61"/><SoftUpperAttribute z:Ref="i60"/></URDFElement><URDFElement z:Id="i64" i:type="Mimic"><Attributes><Attribute z:Id="i65"><AttributeType>joint</AttributeType><IsRequired>true</IsRequired><Value i:nil="true"/></Attribute><Attribute z:Id="i66"><AttributeType>multiplier</AttributeType><IsRequired>false</IsRequired><Value i:nil="true"/></Attribute><Attribute z:Id="i67"><AttributeType>offset</AttributeType><IsRequired>false</IsRequired><Value i:nil="true"/></Attribute></Attributes><ChildElements/><ElementName>mimic</ElementName><required>false</required><JointNameAttribute z:Ref="i65"/><MultiplierAttribute z:Ref="i66"/><OffsetAttribute z:Ref="i67"/></URDFElement></ChildElements><ElementName>joint</ElementName><required>false</required><Axis z:Ref="i46"/><AxisName/><Calibration z:Ref="i53"/><Child z:Ref="i44"/><CoordinateSystemName>base</CoordinateSystemName><Dynamics z:Ref="i56"/><Limit z:Ref="i48"/><Mimic z:Ref="i64"/><NameAttribute z:Ref="i37"/><Origin z:Ref="i39"/><Parent z:Ref="i42"/><Safety z:Ref="i59"/><TypeAttribute z:Ref="i38"/></URDFElement></ChildElements><ElementName>link</ElementName><required>true</required><Children/><Collision z:Ref="i29"/><Inertial z:Ref="i3"/><Joint z:Ref="i36"/><NameAttribute z:Ref="i2"/><Parent i:nil="true"/><STLQualityFine>false</STLQualityFine><SWComponentPIDs xmlns:a="http://schemas.microsoft.com/2003/10/Serialization/Arrays"><a:base64Binary>aEIAAAUAAAD//v8AAAAAAA==</a:base64Binary></SWComponentPIDs><SWMainComponentPID i:nil="true"/><Visual z:Ref="i16"/><isFixedFrame>false</isFixedFrame><isIncomplete>false</isIncomplete></Link>
2026-06-17 11:45:55,918 INFO  AssemblyExportForm.cs: 309 - Saving URDF package to E:\仿真\合成-化学反应站\合成-化学反应站-urdf\250ml试剂瓶托盘.urdf
2026-06-17 11:45:55,918 INFO  ExportHelper.cs: 147 - Beginning the export process
2026-06-17 11:45:55,919 INFO  ExportHelper.cs: 153 - Creating package directories with name 250ml试剂瓶托盘.urdf and save path E:\仿真\合成-化学反应站\合成-化学反应站-urdf
2026-06-17 11:45:57,649 INFO  ExportHelper.cs: 162 - Creating CMakeLists.txt at E:\仿真\合成-化学反应站\合成-化学反应站-urdf\250ml试剂瓶托盘.urdf\CMakeLists.txt
2026-06-17 11:45:57,650 INFO  ExportHelper.cs: 166 - Creating joint names config at E:\仿真\合成-化学反应站\合成-化学反应站-urdf\250ml试剂瓶托盘.urdf\config\joint_names_250ml试剂瓶托盘.urdf.yaml
2026-06-17 11:45:57,653 INFO  ExportHelper.cs: 170 - Creating package.xml at E:\仿真\合成-化学反应站\合成-化学反应站-urdf\250ml试剂瓶托盘.urdf\package.xml
2026-06-17 11:45:57,654 INFO  PackageXMLWriter.cs: 21 - Creating package.xml at E:\仿真\合成-化学反应站\合成-化学反应站-urdf\250ml试剂瓶托盘.urdf\package.xml
2026-06-17 11:45:57,663 INFO  ExportHelper.cs: 177 - Creating RVIZ launch file in E:\仿真\合成-化学反应站\合成-化学反应站-urdf\250ml试剂瓶托盘.urdf\launch\
2026-06-17 11:45:57,668 INFO  ExportHelper.cs: 182 - Creating Gazebo launch file in E:\仿真\合成-化学反应站\合成-化学反应站-urdf\250ml试剂瓶托盘.urdf\launch\
2026-06-17 11:45:57,668 INFO  ExportHelper.cs: 187 - Saving existing STL preferences
2026-06-17 11:45:57,668 INFO  ExportHelper.cs: 450 - Saving users preferences
2026-06-17 11:45:57,668 INFO  ExportHelper.cs: 190 - Modifying STL preferences
2026-06-17 11:45:57,668 INFO  ExportHelper.cs: 464 - Setting STL preferences
2026-06-17 11:45:57,684 INFO  ExportHelper.cs: 196 - Found 0 hidden components 
2026-06-17 11:45:57,684 INFO  ExportHelper.cs: 197 - Hiding all components
2026-06-17 11:45:57,730 INFO  ExportHelper.cs: 204 - Beginning individual files export
2026-06-17 11:45:57,730 INFO  ExportHelper.cs: 270 - Exporting link: base_link
2026-06-17 11:45:57,730 INFO  ExportHelper.cs: 272 - Link base_link has 0 children
2026-06-17 11:45:57,733 INFO  ExportHelper.cs: 317 - base_link: Exporting STL with coordinate frame base
2026-06-17 11:45:57,733 INFO  ExportHelper.cs: 322 - base_link: Reference geometry name 
2026-06-17 11:45:57,755 INFO  ExportHelper.cs: 330 - Saving STL to E:\仿真\合成-化学反应站\合成-化学反应站-urdf\250ml试剂瓶托盘.urdf\meshes\base_link.STL
2026-06-17 11:45:57,779 INFO  ExportHelper.cs: 405 - Removing SW header in STL file
2026-06-17 11:45:57,779 INFO  ExportHelper.cs: 145 - Showing all components except previously hidden components
2026-06-17 11:45:57,794 INFO  ExportHelper.cs: 145 - Resetting STL preferences
2026-06-17 11:45:57,794 INFO  ExportHelper.cs: 478 - Returning STL preferences to user preferences
2026-06-17 11:45:57,794 INFO  ExportHelper.cs: 228 - Writing URDF file to E:\仿真\合成-化学反应站\合成-化学反应站-urdf\250ml试剂瓶托盘.urdf\urdf\250ml试剂瓶托盘.urdf.urdf
2026-06-17 11:45:57,799 INFO  CSVImportExport.cs: 32 - Writing CSV file E:\仿真\合成-化学反应站\合成-化学反应站-urdf\250ml试剂瓶托盘.urdf\urdf\250ml试剂瓶托盘.urdf.csv
2026-06-17 11:45:57,799 ERROR CSVImportExport.cs: 130 - The following columns were not written to the CSV: Link.Joint.ChildLink.link,
2026-06-17 11:45:57,811 INFO  ExportHelper.cs: 234 - Copying log file
2026-06-17 11:45:57,811 INFO  ExportHelper.cs: 439 - Copying C:\Users\DP\sw2urdf_logs\sw2urdf.log to E:\仿真\合成-化学反应站\合成-化学反应站-urdf\250ml试剂瓶托盘.urdf\export.log
2026-06-17 11:45:57,811 INFO  ExportHelper.cs: 237 - Resetting STL preferences
2026-06-17 11:45:57,811 INFO  ExportHelper.cs: 478 - Returning STL preferences to user preferences
2026-06-17 11:53:25,142 INFO  SwAddin.cs: 294 - Assembly export called for file 装配体3^XY260304-A8.04-00 反应釜治具.SLDASM
2026-06-17 11:53:25,143 INFO  SwAddin.cs: 299 - Save is required
2026-06-17 11:53:25,143 INFO  SwAddin.cs: 313 - Saving assembly
2026-06-17 11:53:25,514 INFO  SwAddin.cs: 316 - Opening property manager
2026-06-17 11:53:25,514 INFO  ExportHelperExtension.cs: 1125 - Retrieving features of type [CoordSys] from 装配体3^XY260304-A8.04-00 反应釜治具.SLDASM
2026-06-17 11:53:25,517 INFO  ExportHelperExtension.cs: 1136 - Found 31 in 装配体3^XY260304-A8.04-00 反应釜治具.SLDASM
2026-06-17 11:53:25,517 INFO  ExportHelperExtension.cs: 1145 - Found 1 features of type [CoordSys] in 装配体3^XY260304-A8.04-00 反应釜治具.SLDASM
2026-06-17 11:53:25,517 INFO  ExportHelperExtension.cs: 1148 - Proceeding through assembly components
2026-06-17 11:53:25,517 INFO  ExportHelperExtension.cs: 1160 - 3 components to check
2026-06-17 11:53:25,517 INFO  ExportHelperExtension.cs: 1125 - Retrieving features of type [CoordSys] from AKL14-100 拉手 怡合达(默认_按加工_)-1
2026-06-17 11:53:25,517 INFO  ExportHelperExtension.cs: 1136 - Found 27 in AKL14-100 拉手 怡合达(默认_按加工_)-1
2026-06-17 11:53:25,517 INFO  ExportHelperExtension.cs: 1145 - Found 0 features of type [CoordSys] in AKL14-100 拉手 怡合达(默认_按加工_)-1
2026-06-17 11:53:25,517 INFO  ExportHelperExtension.cs: 1125 - Retrieving features of type [CoordSys] from XY260304-A8.04-01 反应器治具底板-1
2026-06-17 11:53:25,519 INFO  ExportHelperExtension.cs: 1136 - Found 27 in XY260304-A8.04-01 反应器治具底板-1
2026-06-17 11:53:25,519 INFO  ExportHelperExtension.cs: 1145 - Found 0 features of type [CoordSys] in XY260304-A8.04-01 反应器治具底板-1
2026-06-17 11:53:25,519 INFO  ExportHelperExtension.cs: 1125 - Retrieving features of type [CoordSys] from AKL14-100 拉手 怡合达(默认_按加工_)-2
2026-06-17 11:53:25,519 INFO  ExportHelperExtension.cs: 1136 - Found 27 in AKL14-100 拉手 怡合达(默认_按加工_)-2
2026-06-17 11:53:25,519 INFO  ExportHelperExtension.cs: 1145 - Found 0 features of type [CoordSys] in AKL14-100 拉手 怡合达(默认_按加工_)-2
2026-06-17 11:53:25,519 INFO  ExportHelperExtension.cs: 1125 - Retrieving features of type [RefAxis] from 装配体3^XY260304-A8.04-00 反应釜治具.SLDASM
2026-06-17 11:53:25,519 INFO  ExportHelperExtension.cs: 1136 - Found 31 in 装配体3^XY260304-A8.04-00 反应釜治具.SLDASM
2026-06-17 11:53:25,519 INFO  ExportHelperExtension.cs: 1145 - Found 3 features of type [RefAxis] in 装配体3^XY260304-A8.04-00 反应釜治具.SLDASM
2026-06-17 11:53:25,519 INFO  ExportHelperExtension.cs: 1148 - Proceeding through assembly components
2026-06-17 11:53:25,521 INFO  ExportHelperExtension.cs: 1160 - 3 components to check
2026-06-17 11:53:25,521 INFO  ExportHelperExtension.cs: 1125 - Retrieving features of type [RefAxis] from AKL14-100 拉手 怡合达(默认_按加工_)-1
2026-06-17 11:53:25,521 INFO  ExportHelperExtension.cs: 1136 - Found 27 in AKL14-100 拉手 怡合达(默认_按加工_)-1
2026-06-17 11:53:25,521 INFO  ExportHelperExtension.cs: 1145 - Found 0 features of type [RefAxis] in AKL14-100 拉手 怡合达(默认_按加工_)-1
2026-06-17 11:53:25,521 INFO  ExportHelperExtension.cs: 1125 - Retrieving features of type [RefAxis] from XY260304-A8.04-01 反应器治具底板-1
2026-06-17 11:53:25,521 INFO  ExportHelperExtension.cs: 1136 - Found 27 in XY260304-A8.04-01 反应器治具底板-1
2026-06-17 11:53:25,521 INFO  ExportHelperExtension.cs: 1145 - Found 0 features of type [RefAxis] in XY260304-A8.04-01 反应器治具底板-1
2026-06-17 11:53:25,521 INFO  ExportHelperExtension.cs: 1125 - Retrieving features of type [RefAxis] from AKL14-100 拉手 怡合达(默认_按加工_)-2
2026-06-17 11:53:25,521 INFO  ExportHelperExtension.cs: 1136 - Found 27 in AKL14-100 拉手 怡合达(默认_按加工_)-2
2026-06-17 11:53:25,523 INFO  ExportHelperExtension.cs: 1145 - Found 0 features of type [RefAxis] in AKL14-100 拉手 怡合达(默认_按加工_)-2
2026-06-17 11:53:25,851 INFO  SwAddin.cs: 339 - Loading config tree
2026-06-17 11:53:25,851 INFO  ExportPropertyManagerExtension.cs: 520 - Starting new configuration
2026-06-17 11:53:25,851 INFO  SwAddin.cs: 344 - Showing property manager
2026-06-17 11:53:27,658 INFO  ExportPropertyManager.cs: 1018 - OnComboboxSelectionChanged called. This method no longer throws an Exception. It just silently does nothing. Ok, except for this logging message
2026-06-17 11:53:29,952 INFO  ExportPropertyManager.cs: 422 - Configuration saved
2026-06-17 11:53:30,066 INFO  ExportHelperExtension.cs: 1125 - Retrieving features of type [CoordSys] from 装配体3^XY260304-A8.04-00 反应釜治具.SLDASM
2026-06-17 11:53:30,066 INFO  ExportHelperExtension.cs: 1136 - Found 32 in 装配体3^XY260304-A8.04-00 反应釜治具.SLDASM
2026-06-17 11:53:30,066 INFO  ExportHelperExtension.cs: 1145 - Found 1 features of type [CoordSys] in 装配体3^XY260304-A8.04-00 反应釜治具.SLDASM
2026-06-17 11:53:30,066 INFO  ExportHelperExtension.cs: 1148 - Proceeding through assembly components
2026-06-17 11:53:30,066 INFO  ExportHelperExtension.cs: 1160 - 3 components to check
2026-06-17 11:53:30,066 INFO  ExportHelperExtension.cs: 1125 - Retrieving features of type [CoordSys] from AKL14-100 拉手 怡合达(默认_按加工_)-1
2026-06-17 11:53:30,066 INFO  ExportHelperExtension.cs: 1136 - Found 27 in AKL14-100 拉手 怡合达(默认_按加工_)-1
2026-06-17 11:53:30,066 INFO  ExportHelperExtension.cs: 1145 - Found 0 features of type [CoordSys] in AKL14-100 拉手 怡合达(默认_按加工_)-1
2026-06-17 11:53:30,066 INFO  ExportHelperExtension.cs: 1125 - Retrieving features of type [CoordSys] from XY260304-A8.04-01 反应器治具底板-1
2026-06-17 11:53:30,066 INFO  ExportHelperExtension.cs: 1136 - Found 27 in XY260304-A8.04-01 反应器治具底板-1
2026-06-17 11:53:30,066 INFO  ExportHelperExtension.cs: 1145 - Found 0 features of type [CoordSys] in XY260304-A8.04-01 反应器治具底板-1
2026-06-17 11:53:30,066 INFO  ExportHelperExtension.cs: 1125 - Retrieving features of type [CoordSys] from AKL14-100 拉手 怡合达(默认_按加工_)-2
2026-06-17 11:53:30,066 INFO  ExportHelperExtension.cs: 1136 - Found 27 in AKL14-100 拉手 怡合达(默认_按加工_)-2
2026-06-17 11:53:30,066 INFO  ExportHelperExtension.cs: 1145 - Found 0 features of type [CoordSys] in AKL14-100 拉手 怡合达(默认_按加工_)-2
2026-06-17 11:53:30,066 INFO  ExportHelperExtension.cs: 1125 - Retrieving features of type [RefAxis] from 装配体3^XY260304-A8.04-00 反应釜治具.SLDASM
2026-06-17 11:53:30,066 INFO  ExportHelperExtension.cs: 1136 - Found 32 in 装配体3^XY260304-A8.04-00 反应釜治具.SLDASM
2026-06-17 11:53:30,066 INFO  ExportHelperExtension.cs: 1145 - Found 3 features of type [RefAxis] in 装配体3^XY260304-A8.04-00 反应釜治具.SLDASM
2026-06-17 11:53:30,066 INFO  ExportHelperExtension.cs: 1148 - Proceeding through assembly components
2026-06-17 11:53:30,066 INFO  ExportHelperExtension.cs: 1160 - 3 components to check
2026-06-17 11:53:30,066 INFO  ExportHelperExtension.cs: 1125 - Retrieving features of type [RefAxis] from AKL14-100 拉手 怡合达(默认_按加工_)-1
2026-06-17 11:53:30,089 INFO  ExportHelperExtension.cs: 1136 - Found 27 in AKL14-100 拉手 怡合达(默认_按加工_)-1
2026-06-17 11:53:30,089 INFO  ExportHelperExtension.cs: 1145 - Found 0 features of type [RefAxis] in AKL14-100 拉手 怡合达(默认_按加工_)-1
2026-06-17 11:53:30,089 INFO  ExportHelperExtension.cs: 1125 - Retrieving features of type [RefAxis] from XY260304-A8.04-01 反应器治具底板-1
2026-06-17 11:53:30,089 INFO  ExportHelperExtension.cs: 1136 - Found 27 in XY260304-A8.04-01 反应器治具底板-1
2026-06-17 11:53:30,089 INFO  ExportHelperExtension.cs: 1145 - Found 0 features of type [RefAxis] in XY260304-A8.04-01 反应器治具底板-1
2026-06-17 11:53:30,089 INFO  ExportHelperExtension.cs: 1125 - Retrieving features of type [RefAxis] from AKL14-100 拉手 怡合达(默认_按加工_)-2
2026-06-17 11:53:30,089 INFO  ExportHelperExtension.cs: 1136 - Found 27 in AKL14-100 拉手 怡合达(默认_按加工_)-2
2026-06-17 11:53:30,089 INFO  ExportHelperExtension.cs: 1145 - Found 0 features of type [RefAxis] in AKL14-100 拉手 怡合达(默认_按加工_)-2
2026-06-17 11:53:30,115 INFO  ExportPropertyManager.cs: 1142 - AfterClose called. This method no longer throws an Exception. It just silently does nothing. Ok, except for this logging message
2026-06-17 11:53:35,229 INFO  AssemblyExportForm.cs: 253 - Completing URDF export
2026-06-17 11:53:35,229 INFO  ConfigurationSerialization.cs: 276 - URDF Configuration found
<Link z:Id="i1" xmlns="http://schemas.datacontract.org/2004/07/SW2URDF" xmlns:i="http://www.w3.org/2001/XMLSchema-instance" xmlns:z="http://schemas.microsoft.com/2003/10/Serialization/"><Attributes><Attribute z:Id="i2"><AttributeType>name</AttributeType><IsRequired>true</IsRequired><Value i:type="a:string" xmlns:a="http://www.w3.org/2001/XMLSchema">base_link</Value></Attribute></Attributes><ChildElements><URDFElement z:Id="i3" i:type="Inertial"><Attributes/><ChildElements><URDFElement z:Id="i4" i:type="Origin"><Attributes><Attribute z:Id="i5"><AttributeType>xyz</AttributeType><IsRequired>true</IsRequired><Value i:type="a:ArrayOfdouble" xmlns:a="http://schemas.microsoft.com/2003/10/Serialization/Arrays"><a:double>0</a:double><a:double>0</a:double><a:double>0</a:double></Value></Attribute><Attribute z:Id="i6"><AttributeType>rpy</AttributeType><IsRequired>true</IsRequired><Value i:type="a:ArrayOfdouble" xmlns:a="http://schemas.microsoft.com/2003/10/Serialization/Arrays"><a:double>0</a:double><a:double>0</a:double><a:double>0</a:double></Value></Attribute></Attributes><ChildElements/><ElementName>origin</ElementName><required>false</required><RPYAttribute z:Ref="i6"/><XYZAttribute z:Ref="i5"/><isCustomized>false</isCustomized></URDFElement><URDFElement z:Id="i7" i:type="Mass"><Attributes><Attribute z:Id="i8"><AttributeType>value</AttributeType><IsRequired>true</IsRequired><Value i:type="a:double" xmlns:a="http://www.w3.org/2001/XMLSchema">0</Value></Attribute></Attributes><ChildElements/><ElementName>mass</ElementName><required>false</required><ValueAttribute z:Ref="i8"/></URDFElement><URDFElement z:Id="i9" i:type="Inertia"><Attributes><Attribute z:Id="i10"><AttributeType>ixx</AttributeType><IsRequired>true</IsRequired><Value i:type="a:double" xmlns:a="http://www.w3.org/2001/XMLSchema">0</Value></Attribute><Attribute z:Id="i11"><AttributeType>ixy</AttributeType><IsRequired>true</IsRequired><Value i:type="a:double" xmlns:a="http://www.w3.org/2001/XMLSchema">0</Value></Attribute><Attribute z:Id="i12"><AttributeType>ixz</AttributeType><IsRequired>true</IsRequired><Value i:type="a:double" xmlns:a="http://www.w3.org/2001/XMLSchema">0</Value></Attribute><Attribute z:Id="i13"><AttributeType>iyy</AttributeType><IsRequired>true</IsRequired><Value i:type="a:double" xmlns:a="http://www.w3.org/2001/XMLSchema">0</Value></Attribute><Attribute z:Id="i14"><AttributeType>iyz</AttributeType><IsRequired>true</IsRequired><Value i:type="a:double" xmlns:a="http://www.w3.org/2001/XMLSchema">0</Value></Attribute><Attribute z:Id="i15"><AttributeType>izz</AttributeType><IsRequired>true</IsRequired><Value i:type="a:double" xmlns:a="http://www.w3.org/2001/XMLSchema">0</Value></Attribute></Attributes><ChildElements/><ElementName>inertia</ElementName><required>false</required><IxxAttribute z:Ref="i10"/><IxyAttribute z:Ref="i11"/><IxzAttribute z:Ref="i12"/><IyyAttribute z:Ref="i13"/><IyzAttribute z:Ref="i14"/><IzzAttribute z:Ref="i15"/></URDFElement></ChildElements><ElementName>inertial</ElementName><required>false</required><Inertia z:Ref="i9"/><Mass z:Ref="i7"/><Origin z:Ref="i4"/></URDFElement><URDFElement z:Id="i16" i:type="Visual"><Attributes/><ChildElements><URDFElement z:Id="i17" i:type="Origin"><Attributes><Attribute z:Id="i18"><AttributeType>xyz</AttributeType><IsRequired>true</IsRequired><Value i:type="a:ArrayOfdouble" xmlns:a="http://schemas.microsoft.com/2003/10/Serialization/Arrays"><a:double>0</a:double><a:double>0</a:double><a:double>0</a:double></Value></Attribute><Attribute z:Id="i19"><AttributeType>rpy</AttributeType><IsRequired>true</IsRequired><Value i:type="a:ArrayOfdouble" xmlns:a="http://schemas.microsoft.com/2003/10/Serialization/Arrays"><a:double>0</a:double><a:double>0</a:double><a:double>0</a:double></Value></Attribute></Attributes><ChildElements/><ElementName>origin</ElementName><required>false</required><RPYAttribute z:Ref="i19"/><XYZAttribute z:Ref="i18"/><isCustomized>false</isCustomized></URDFElement><URDFElement z:Id="i20" i:type="Geometry"><Attributes/><ChildElements><URDFElement z:Id="i21" i:type="Mesh"><Attributes><Attribute z:Id="i22"><AttributeType>filename</AttributeType><IsRequired>true</IsRequired><Value i:nil="true"/></Attribute></Attributes><ChildElements/><ElementName>mesh</ElementName><required>false</required><FilenameAttribute z:Ref="i22"/></URDFElement></ChildElements><ElementName>geometry</ElementName><required>true</required><Mesh z:Ref="i21"/></URDFElement><URDFElement z:Id="i23" i:type="Material"><Attributes><Attribute z:Id="i24"><AttributeType>name</AttributeType><IsRequired>true</IsRequired><Value i:type="a:string" xmlns:a="http://www.w3.org/2001/XMLSchema"/></Attribute></Attributes><ChildElements><URDFElement z:Id="i25" i:type="Color"><Attributes><Attribute z:Id="i26"><AttributeType>rgba</AttributeType><IsRequired>true</IsRequired><Value i:type="a:ArrayOfdouble" xmlns:a="http://schemas.microsoft.com/2003/10/Serialization/Arrays"><a:double>1</a:double><a:double>1</a:double><a:double>1</a:double><a:double>1</a:double></Value></Attribute></Attributes><ChildElements/><ElementName>color</ElementName><required>false</required><RGBAAttribute z:Ref="i26"/></URDFElement><URDFElement z:Id="i27" i:type="Texture"><Attributes><Attribute z:Id="i28"><AttributeType>filename</AttributeType><IsRequired>true</IsRequired><Value i:nil="true"/></Attribute></Attributes><ChildElements/><ElementName>texture</ElementName><required>false</required><FilenameAttribute z:Ref="i28"/><wFilename/></URDFElement></ChildElements><ElementName>material</ElementName><required>false</required><Color z:Ref="i25"/><NameAttribute z:Ref="i24"/><Texture z:Ref="i27"/></URDFElement></ChildElements><ElementName>visual</ElementName><required>false</required><Geometry z:Ref="i20"/><Material z:Ref="i23"/><Origin z:Ref="i17"/></URDFElement><URDFElement z:Id="i29" i:type="Collision"><Attributes/><ChildElements><URDFElement z:Id="i30" i:type="Origin"><Attributes><Attribute z:Id="i31"><AttributeType>xyz</AttributeType><IsRequired>true</IsRequired><Value i:type="a:ArrayOfdouble" xmlns:a="http://schemas.microsoft.com/2003/10/Serialization/Arrays"><a:double>0</a:double><a:double>0</a:double><a:double>0</a:double></Value></Attribute><Attribute z:Id="i32"><AttributeType>rpy</AttributeType><IsRequired>true</IsRequired><Value i:type="a:ArrayOfdouble" xmlns:a="http://schemas.microsoft.com/2003/10/Serialization/Arrays"><a:double>0</a:double><a:double>0</a:double><a:double>0</a:double></Value></Attribute></Attributes><ChildElements/><ElementName>origin</ElementName><required>false</required><RPYAttribute z:Ref="i32"/><XYZAttribute z:Ref="i31"/><isCustomized>false</isCustomized></URDFElement><URDFElement z:Id="i33" i:type="Geometry"><Attributes/><ChildElements><URDFElement z:Id="i34" i:type="Mesh"><Attributes><Attribute z:Id="i35"><AttributeType>filename</AttributeType><IsRequired>true</IsRequired><Value i:nil="true"/></Attribute></Attributes><ChildElements/><ElementName>mesh</ElementName><required>false</required><FilenameAttribute z:Ref="i35"/></URDFElement></ChildElements><ElementName>geometry</ElementName><required>true</required><Mesh z:Ref="i34"/></URDFElement></ChildElements><ElementName>collision</ElementName><required>false</required><Geometry z:Ref="i33"/><Origin z:Ref="i30"/></URDFElement><URDFElement z:Id="i36" i:type="Joint"><Attributes><Attribute z:Id="i37"><AttributeType>name</AttributeType><IsRequired>true</IsRequired><Value i:type="a:string" xmlns:a="http://www.w3.org/2001/XMLSchema"/></Attribute><Attribute z:Id="i38"><AttributeType>type</AttributeType><IsRequired>true</IsRequired><Value i:type="a:string" xmlns:a="http://www.w3.org/2001/XMLSchema"/></Attribute></Attributes><ChildElements><URDFElement z:Id="i39" i:type="Origin"><Attributes><Attribute z:Id="i40"><AttributeType>xyz</AttributeType><IsRequired>true</IsRequired><Value i:type="a:ArrayOfdouble" xmlns:a="http://schemas.microsoft.com/2003/10/Serialization/Arrays"><a:double>0</a:double><a:double>0</a:double><a:double>0</a:double></Value></Attribute><Attribute z:Id="i41"><AttributeType>rpy</AttributeType><IsRequired>true</IsRequired><Value i:type="a:ArrayOfdouble" xmlns:a="http://schemas.microsoft.com/2003/10/Serialization/Arrays"><a:double>0</a:double><a:double>0</a:double><a:double>0</a:double></Value></Attribute></Attributes><ChildElements/><ElementName>origin</ElementName><required>false</required><RPYAttribute z:Ref="i41"/><XYZAttribute z:Ref="i40"/><isCustomized>false</isCustomized></URDFElement><URDFElement z:Id="i42" i:type="ParentLink"><Attributes><Attribute z:Id="i43"><AttributeType>link</AttributeType><IsRequired>true</IsRequired><Value i:type="a:string" xmlns:a="http://www.w3.org/2001/XMLSchema"/></Attribute></Attributes><ChildElements/><ElementName>parent</ElementName><required>true</required><NameAttribute z:Ref="i43"/></URDFElement><URDFElement z:Id="i44" i:type="ChildLink"><Attributes><Attribute z:Id="i45"><AttributeType>link</AttributeType><IsRequired>true</IsRequired><Value i:type="a:string" xmlns:a="http://www.w3.org/2001/XMLSchema"/></Attribute></Attributes><ChildElements/><ElementName>child</ElementName><required>true</required><NameAttribute z:Ref="i45"/></URDFElement><URDFElement z:Id="i46" i:type="Axis"><Attributes><Attribute z:Id="i47"><AttributeType>xyz</AttributeType><IsRequired>true</IsRequired><Value i:type="a:ArrayOfdouble" xmlns:a="http://schemas.microsoft.com/2003/10/Serialization/Arrays"><a:double>0</a:double><a:double>0</a:double><a:double>0</a:double></Value></Attribute></Attributes><ChildElements/><ElementName>axis</ElementName><required>false</required><XYZAttribute z:Ref="i47"/></URDFElement><URDFElement z:Id="i48" i:type="Limit"><Attributes><Attribute z:Id="i49"><AttributeType>lower</AttributeType><IsRequired>false</IsRequired><Value i:nil="true"/></Attribute><Attribute z:Id="i50"><AttributeType>upper</AttributeType><IsRequired>false</IsRequired><Value i:nil="true"/></Attribute><Attribute z:Id="i51"><AttributeType>effort</AttributeType><IsRequired>true</IsRequired><Value i:nil="true"/></Attribute><Attribute z:Id="i52"><AttributeType>velocity</AttributeType><IsRequired>true</IsRequired><Value i:nil="true"/></Attribute></Attributes><ChildElements/><ElementName>limit</ElementName><required>false</required><EffortAttribute z:Ref="i51"/><LowerAttribute z:Ref="i49"/><UpperAttribute z:Ref="i50"/><VelocityAttribute z:Ref="i52"/></URDFElement><URDFElement z:Id="i53" i:type="Calibration"><Attributes><Attribute z:Id="i54"><AttributeType>rising</AttributeType><IsRequired>false</IsRequired><Value i:nil="true"/></Attribute><Attribute z:Id="i55"><AttributeType>falling</AttributeType><IsRequired>false</IsRequired><Value i:nil="true"/></Attribute></Attributes><ChildElements/><ElementName>calibration</ElementName><required>false</required><FallingAttribute z:Ref="i55"/><RisingAttribute z:Ref="i54"/></URDFElement><URDFElement z:Id="i56" i:type="Dynamics"><Attributes><Attribute z:Id="i57"><AttributeType>damping</AttributeType><IsRequired>false</IsRequired><Value i:nil="true"/></Attribute><Attribute z:Id="i58"><AttributeType>friction</AttributeType><IsRequired>false</IsRequired><Value i:nil="true"/></Attribute></Attributes><ChildElements/><ElementName>dynamics</ElementName><required>false</required><DampingAttribute z:Ref="i57"/><FrictionAttribute z:Ref="i58"/></URDFElement><URDFElement z:Id="i59" i:type="SafetyController"><Attributes><Attribute z:Id="i60"><AttributeType>soft_upper_limit</AttributeType><IsRequired>false</IsRequired><Value i:nil="true"/></Attribute><Attribute z:Id="i61"><AttributeType>soft_lower_limit</AttributeType><IsRequired>false</IsRequired><Value i:nil="true"/></Attribute><Attribute z:Id="i62"><AttributeType>k_position</AttributeType><IsRequired>false</IsRequired><Value i:nil="true"/></Attribute><Attribute z:Id="i63"><AttributeType>k_velocity</AttributeType><IsRequired>true</IsRequired><Value i:nil="true"/></Attribute></Attributes><ChildElements/><ElementName>safety_controller</ElementName><required>false</required><KPositionAttribute z:Ref="i62"/><KVelocityAttribute z:Ref="i63"/><SoftLowerAttribute z:Ref="i61"/><SoftUpperAttribute z:Ref="i60"/></URDFElement><URDFElement z:Id="i64" i:type="Mimic"><Attributes><Attribute z:Id="i65"><AttributeType>joint</AttributeType><IsRequired>true</IsRequired><Value i:nil="true"/></Attribute><Attribute z:Id="i66"><AttributeType>multiplier</AttributeType><IsRequired>false</IsRequired><Value i:nil="true"/></Attribute><Attribute z:Id="i67"><AttributeType>offset</AttributeType><IsRequired>false</IsRequired><Value i:nil="true"/></Attribute></Attributes><ChildElements/><ElementName>mimic</ElementName><required>false</required><JointNameAttribute z:Ref="i65"/><MultiplierAttribute z:Ref="i66"/><OffsetAttribute z:Ref="i67"/></URDFElement></ChildElements><ElementName>joint</ElementName><required>false</required><Axis z:Ref="i46"/><AxisName/><Calibration z:Ref="i53"/><Child z:Ref="i44"/><CoordinateSystemName>base</CoordinateSystemName><Dynamics z:Ref="i56"/><Limit z:Ref="i48"/><Mimic z:Ref="i64"/><NameAttribute z:Ref="i37"/><Origin z:Ref="i39"/><Parent z:Ref="i42"/><Safety z:Ref="i59"/><TypeAttribute z:Ref="i38"/></URDFElement></ChildElements><ElementName>link</ElementName><required>true</required><Children/><Collision z:Ref="i29"/><Inertial z:Ref="i3"/><Joint z:Ref="i36"/><NameAttribute z:Ref="i2"/><Parent i:nil="true"/><STLQualityFine>false</STLQualityFine><SWComponentPIDs xmlns:a="http://schemas.microsoft.com/2003/10/Serialization/Arrays"><a:base64Binary>aEIAAAUAAAD//v8AAAAAAA==</a:base64Binary></SWComponentPIDs><SWMainComponentPID i:nil="true"/><Visual z:Ref="i16"/><isFixedFrame>false</isFixedFrame><isIncomplete>false</isIncomplete></Link>
2026-06-17 11:54:15,659 INFO  AssemblyExportForm.cs: 309 - Saving URDF package to E:\仿真\合成-化学反应站\合成-化学反应站-urdf\反应釜托盘.urdf
2026-06-17 11:54:15,660 INFO  ExportHelper.cs: 147 - Beginning the export process
2026-06-17 11:54:15,661 INFO  ExportHelper.cs: 153 - Creating package directories with name 反应釜托盘.urdf and save path E:\仿真\合成-化学反应站\合成-化学反应站-urdf
2026-06-17 11:54:16,871 INFO  ExportHelper.cs: 162 - Creating CMakeLists.txt at E:\仿真\合成-化学反应站\合成-化学反应站-urdf\反应釜托盘.urdf\CMakeLists.txt
2026-06-17 11:54:16,871 INFO  ExportHelper.cs: 166 - Creating joint names config at E:\仿真\合成-化学反应站\合成-化学反应站-urdf\反应釜托盘.urdf\config\joint_names_反应釜托盘.urdf.yaml
2026-06-17 11:54:16,872 INFO  ExportHelper.cs: 170 - Creating package.xml at E:\仿真\合成-化学反应站\合成-化学反应站-urdf\反应釜托盘.urdf\package.xml
2026-06-17 11:54:16,872 INFO  PackageXMLWriter.cs: 21 - Creating package.xml at E:\仿真\合成-化学反应站\合成-化学反应站-urdf\反应釜托盘.urdf\package.xml
2026-06-17 11:54:16,879 INFO  ExportHelper.cs: 177 - Creating RVIZ launch file in E:\仿真\合成-化学反应站\合成-化学反应站-urdf\反应釜托盘.urdf\launch\
2026-06-17 11:54:16,885 INFO  ExportHelper.cs: 182 - Creating Gazebo launch file in E:\仿真\合成-化学反应站\合成-化学反应站-urdf\反应釜托盘.urdf\launch\
2026-06-17 11:54:16,890 INFO  ExportHelper.cs: 187 - Saving existing STL preferences
2026-06-17 11:54:16,890 INFO  ExportHelper.cs: 450 - Saving users preferences
2026-06-17 11:54:16,890 INFO  ExportHelper.cs: 190 - Modifying STL preferences
2026-06-17 11:54:16,890 INFO  ExportHelper.cs: 464 - Setting STL preferences
2026-06-17 11:54:16,890 INFO  ExportHelper.cs: 196 - Found 0 hidden components 
2026-06-17 11:54:16,890 INFO  ExportHelper.cs: 197 - Hiding all components
2026-06-17 11:54:16,962 INFO  ExportHelper.cs: 204 - Beginning individual files export
2026-06-17 11:54:16,962 INFO  ExportHelper.cs: 270 - Exporting link: base_link
2026-06-17 11:54:16,962 INFO  ExportHelper.cs: 272 - Link base_link has 0 children
2026-06-17 11:54:16,962 INFO  ExportHelper.cs: 317 - base_link: Exporting STL with coordinate frame base
2026-06-17 11:54:16,962 INFO  ExportHelper.cs: 322 - base_link: Reference geometry name 
2026-06-17 11:54:17,003 INFO  ExportHelper.cs: 330 - Saving STL to E:\仿真\合成-化学反应站\合成-化学反应站-urdf\反应釜托盘.urdf\meshes\base_link.STL
2026-06-17 11:54:17,315 INFO  ExportHelper.cs: 405 - Removing SW header in STL file
2026-06-17 11:54:17,315 INFO  ExportHelper.cs: 145 - Showing all components except previously hidden components
2026-06-17 11:54:17,346 INFO  ExportHelper.cs: 145 - Resetting STL preferences
2026-06-17 11:54:17,346 INFO  ExportHelper.cs: 478 - Returning STL preferences to user preferences
2026-06-17 11:54:17,347 INFO  ExportHelper.cs: 228 - Writing URDF file to E:\仿真\合成-化学反应站\合成-化学反应站-urdf\反应釜托盘.urdf\urdf\反应釜托盘.urdf.urdf
2026-06-17 11:54:17,347 INFO  CSVImportExport.cs: 32 - Writing CSV file E:\仿真\合成-化学反应站\合成-化学反应站-urdf\反应釜托盘.urdf\urdf\反应釜托盘.urdf.csv
2026-06-17 11:54:17,349 ERROR CSVImportExport.cs: 130 - The following columns were not written to the CSV: Link.Joint.ChildLink.link,
2026-06-17 11:54:17,353 INFO  ExportHelper.cs: 234 - Copying log file
2026-06-17 11:54:17,353 INFO  ExportHelper.cs: 439 - Copying C:\Users\DP\sw2urdf_logs\sw2urdf.log to E:\仿真\合成-化学反应站\合成-化学反应站-urdf\反应釜托盘.urdf\export.log
2026-06-17 11:54:17,354 INFO  ExportHelper.cs: 237 - Resetting STL preferences
2026-06-17 11:54:17,354 INFO  ExportHelper.cs: 478 - Returning STL preferences to user preferences
2026-06-17 11:55:58,422 INFO  SwAddin.cs: 294 - Assembly export called for file 装配体4^XY260304-A8.05-00 50ml试剂瓶治具.SLDASM
2026-06-17 11:55:58,423 INFO  SwAddin.cs: 299 - Save is required
2026-06-17 11:55:58,423 INFO  SwAddin.cs: 313 - Saving assembly
2026-06-17 11:55:58,582 INFO  SwAddin.cs: 316 - Opening property manager
2026-06-17 11:55:58,583 INFO  ExportHelperExtension.cs: 1125 - Retrieving features of type [CoordSys] from 装配体4^XY260304-A8.05-00 50ml试剂瓶治具.SLDASM
2026-06-17 11:55:58,583 INFO  ExportHelperExtension.cs: 1136 - Found 30 in 装配体4^XY260304-A8.05-00 50ml试剂瓶治具.SLDASM
2026-06-17 11:55:58,583 INFO  ExportHelperExtension.cs: 1145 - Found 1 features of type [CoordSys] in 装配体4^XY260304-A8.05-00 50ml试剂瓶治具.SLDASM
2026-06-17 11:55:58,584 INFO  ExportHelperExtension.cs: 1148 - Proceeding through assembly components
2026-06-17 11:55:58,584 INFO  ExportHelperExtension.cs: 1160 - 3 components to check
2026-06-17 11:55:58,584 INFO  ExportHelperExtension.cs: 1125 - Retrieving features of type [CoordSys] from XY260304-A8.05-01   50ml试剂瓶收纳(默认_按加工_)-1
2026-06-17 11:55:58,585 INFO  ExportHelperExtension.cs: 1136 - Found 27 in XY260304-A8.05-01   50ml试剂瓶收纳(默认_按加工_)-1
2026-06-17 11:55:58,585 INFO  ExportHelperExtension.cs: 1145 - Found 0 features of type [CoordSys] in XY260304-A8.05-01   50ml试剂瓶收纳(默认_按加工_)-1
2026-06-17 11:55:58,585 INFO  ExportHelperExtension.cs: 1125 - Retrieving features of type [CoordSys] from AKL14-100 拉手 怡合达(默认_按加工_)-1
2026-06-17 11:55:58,585 INFO  ExportHelperExtension.cs: 1136 - Found 27 in AKL14-100 拉手 怡合达(默认_按加工_)-1
2026-06-17 11:55:58,586 INFO  ExportHelperExtension.cs: 1145 - Found 0 features of type [CoordSys] in AKL14-100 拉手 怡合达(默认_按加工_)-1
2026-06-17 11:55:58,586 INFO  ExportHelperExtension.cs: 1125 - Retrieving features of type [CoordSys] from AKL14-100 拉手 怡合达(默认_按加工_)-2
2026-06-17 11:55:58,586 INFO  ExportHelperExtension.cs: 1136 - Found 27 in AKL14-100 拉手 怡合达(默认_按加工_)-2
2026-06-17 11:55:58,586 INFO  ExportHelperExtension.cs: 1145 - Found 0 features of type [CoordSys] in AKL14-100 拉手 怡合达(默认_按加工_)-2
2026-06-17 11:55:58,586 INFO  ExportHelperExtension.cs: 1125 - Retrieving features of type [RefAxis] from 装配体4^XY260304-A8.05-00 50ml试剂瓶治具.SLDASM
2026-06-17 11:55:58,587 INFO  ExportHelperExtension.cs: 1136 - Found 30 in 装配体4^XY260304-A8.05-00 50ml试剂瓶治具.SLDASM
2026-06-17 11:55:58,587 INFO  ExportHelperExtension.cs: 1145 - Found 3 features of type [RefAxis] in 装配体4^XY260304-A8.05-00 50ml试剂瓶治具.SLDASM
2026-06-17 11:55:58,587 INFO  ExportHelperExtension.cs: 1148 - Proceeding through assembly components
2026-06-17 11:55:58,587 INFO  ExportHelperExtension.cs: 1160 - 3 components to check
2026-06-17 11:55:58,587 INFO  ExportHelperExtension.cs: 1125 - Retrieving features of type [RefAxis] from XY260304-A8.05-01   50ml试剂瓶收纳(默认_按加工_)-1
2026-06-17 11:55:58,588 INFO  ExportHelperExtension.cs: 1136 - Found 27 in XY260304-A8.05-01   50ml试剂瓶收纳(默认_按加工_)-1
2026-06-17 11:55:58,588 INFO  ExportHelperExtension.cs: 1145 - Found 0 features of type [RefAxis] in XY260304-A8.05-01   50ml试剂瓶收纳(默认_按加工_)-1
2026-06-17 11:55:58,588 INFO  ExportHelperExtension.cs: 1125 - Retrieving features of type [RefAxis] from AKL14-100 拉手 怡合达(默认_按加工_)-1
2026-06-17 11:55:58,588 INFO  ExportHelperExtension.cs: 1136 - Found 27 in AKL14-100 拉手 怡合达(默认_按加工_)-1
2026-06-17 11:55:58,588 INFO  ExportHelperExtension.cs: 1145 - Found 0 features of type [RefAxis] in AKL14-100 拉手 怡合达(默认_按加工_)-1
2026-06-17 11:55:58,589 INFO  ExportHelperExtension.cs: 1125 - Retrieving features of type [RefAxis] from AKL14-100 拉手 怡合达(默认_按加工_)-2
2026-06-17 11:55:58,589 INFO  ExportHelperExtension.cs: 1136 - Found 27 in AKL14-100 拉手 怡合达(默认_按加工_)-2
2026-06-17 11:55:58,589 INFO  ExportHelperExtension.cs: 1145 - Found 0 features of type [RefAxis] in AKL14-100 拉手 怡合达(默认_按加工_)-2
2026-06-17 11:55:58,694 INFO  SwAddin.cs: 339 - Loading config tree
2026-06-17 11:55:58,695 INFO  ExportPropertyManagerExtension.cs: 520 - Starting new configuration
2026-06-17 11:55:58,696 INFO  SwAddin.cs: 344 - Showing property manager
2026-06-17 11:56:02,448 INFO  ExportPropertyManager.cs: 1018 - OnComboboxSelectionChanged called. This method no longer throws an Exception. It just silently does nothing. Ok, except for this logging message
2026-06-17 11:56:06,675 INFO  ExportPropertyManager.cs: 422 - Configuration saved
2026-06-17 11:56:06,779 INFO  ExportHelperExtension.cs: 1125 - Retrieving features of type [CoordSys] from 装配体4^XY260304-A8.05-00 50ml试剂瓶治具.SLDASM
2026-06-17 11:56:06,779 INFO  ExportHelperExtension.cs: 1136 - Found 31 in 装配体4^XY260304-A8.05-00 50ml试剂瓶治具.SLDASM
2026-06-17 11:56:06,779 INFO  ExportHelperExtension.cs: 1145 - Found 1 features of type [CoordSys] in 装配体4^XY260304-A8.05-00 50ml试剂瓶治具.SLDASM
2026-06-17 11:56:06,780 INFO  ExportHelperExtension.cs: 1148 - Proceeding through assembly components
2026-06-17 11:56:06,780 INFO  ExportHelperExtension.cs: 1160 - 3 components to check
2026-06-17 11:56:06,780 INFO  ExportHelperExtension.cs: 1125 - Retrieving features of type [CoordSys] from XY260304-A8.05-01   50ml试剂瓶收纳(默认_按加工_)-1
2026-06-17 11:56:06,780 INFO  ExportHelperExtension.cs: 1136 - Found 27 in XY260304-A8.05-01   50ml试剂瓶收纳(默认_按加工_)-1
2026-06-17 11:56:06,781 INFO  ExportHelperExtension.cs: 1145 - Found 0 features of type [CoordSys] in XY260304-A8.05-01   50ml试剂瓶收纳(默认_按加工_)-1
2026-06-17 11:56:06,781 INFO  ExportHelperExtension.cs: 1125 - Retrieving features of type [CoordSys] from AKL14-100 拉手 怡合达(默认_按加工_)-1
2026-06-17 11:56:06,781 INFO  ExportHelperExtension.cs: 1136 - Found 27 in AKL14-100 拉手 怡合达(默认_按加工_)-1
2026-06-17 11:56:06,781 INFO  ExportHelperExtension.cs: 1145 - Found 0 features of type [CoordSys] in AKL14-100 拉手 怡合达(默认_按加工_)-1
2026-06-17 11:56:06,782 INFO  ExportHelperExtension.cs: 1125 - Retrieving features of type [CoordSys] from AKL14-100 拉手 怡合达(默认_按加工_)-2
2026-06-17 11:56:06,782 INFO  ExportHelperExtension.cs: 1136 - Found 27 in AKL14-100 拉手 怡合达(默认_按加工_)-2
2026-06-17 11:56:06,782 INFO  ExportHelperExtension.cs: 1145 - Found 0 features of type [CoordSys] in AKL14-100 拉手 怡合达(默认_按加工_)-2
2026-06-17 11:56:06,782 INFO  ExportHelperExtension.cs: 1125 - Retrieving features of type [RefAxis] from 装配体4^XY260304-A8.05-00 50ml试剂瓶治具.SLDASM
2026-06-17 11:56:06,782 INFO  ExportHelperExtension.cs: 1136 - Found 31 in 装配体4^XY260304-A8.05-00 50ml试剂瓶治具.SLDASM
2026-06-17 11:56:06,783 INFO  ExportHelperExtension.cs: 1145 - Found 3 features of type [RefAxis] in 装配体4^XY260304-A8.05-00 50ml试剂瓶治具.SLDASM
2026-06-17 11:56:06,783 INFO  ExportHelperExtension.cs: 1148 - Proceeding through assembly components
2026-06-17 11:56:06,783 INFO  ExportHelperExtension.cs: 1160 - 3 components to check
2026-06-17 11:56:06,783 INFO  ExportHelperExtension.cs: 1125 - Retrieving features of type [RefAxis] from XY260304-A8.05-01   50ml试剂瓶收纳(默认_按加工_)-1
2026-06-17 11:56:06,784 INFO  ExportHelperExtension.cs: 1136 - Found 27 in XY260304-A8.05-01   50ml试剂瓶收纳(默认_按加工_)-1
2026-06-17 11:56:06,784 INFO  ExportHelperExtension.cs: 1145 - Found 0 features of type [RefAxis] in XY260304-A8.05-01   50ml试剂瓶收纳(默认_按加工_)-1
2026-06-17 11:56:06,784 INFO  ExportHelperExtension.cs: 1125 - Retrieving features of type [RefAxis] from AKL14-100 拉手 怡合达(默认_按加工_)-1
2026-06-17 11:56:06,784 INFO  ExportHelperExtension.cs: 1136 - Found 27 in AKL14-100 拉手 怡合达(默认_按加工_)-1
2026-06-17 11:56:06,784 INFO  ExportHelperExtension.cs: 1145 - Found 0 features of type [RefAxis] in AKL14-100 拉手 怡合达(默认_按加工_)-1
2026-06-17 11:56:06,785 INFO  ExportHelperExtension.cs: 1125 - Retrieving features of type [RefAxis] from AKL14-100 拉手 怡合达(默认_按加工_)-2
2026-06-17 11:56:06,785 INFO  ExportHelperExtension.cs: 1136 - Found 27 in AKL14-100 拉手 怡合达(默认_按加工_)-2
2026-06-17 11:56:06,785 INFO  ExportHelperExtension.cs: 1145 - Found 0 features of type [RefAxis] in AKL14-100 拉手 怡合达(默认_按加工_)-2
2026-06-17 11:56:06,808 INFO  ExportPropertyManager.cs: 1142 - AfterClose called. This method no longer throws an Exception. It just silently does nothing. Ok, except for this logging message
2026-06-17 11:56:10,625 INFO  AssemblyExportForm.cs: 253 - Completing URDF export
2026-06-17 11:56:10,625 INFO  ConfigurationSerialization.cs: 276 - URDF Configuration found
<Link z:Id="i1" xmlns="http://schemas.datacontract.org/2004/07/SW2URDF" xmlns:i="http://www.w3.org/2001/XMLSchema-instance" xmlns:z="http://schemas.microsoft.com/2003/10/Serialization/"><Attributes><Attribute z:Id="i2"><AttributeType>name</AttributeType><IsRequired>true</IsRequired><Value i:type="a:string" xmlns:a="http://www.w3.org/2001/XMLSchema">base_link</Value></Attribute></Attributes><ChildElements><URDFElement z:Id="i3" i:type="Inertial"><Attributes/><ChildElements><URDFElement z:Id="i4" i:type="Origin"><Attributes><Attribute z:Id="i5"><AttributeType>xyz</AttributeType><IsRequired>true</IsRequired><Value i:type="a:ArrayOfdouble" xmlns:a="http://schemas.microsoft.com/2003/10/Serialization/Arrays"><a:double>0</a:double><a:double>0</a:double><a:double>0</a:double></Value></Attribute><Attribute z:Id="i6"><AttributeType>rpy</AttributeType><IsRequired>true</IsRequired><Value i:type="a:ArrayOfdouble" xmlns:a="http://schemas.microsoft.com/2003/10/Serialization/Arrays"><a:double>0</a:double><a:double>0</a:double><a:double>0</a:double></Value></Attribute></Attributes><ChildElements/><ElementName>origin</ElementName><required>false</required><RPYAttribute z:Ref="i6"/><XYZAttribute z:Ref="i5"/><isCustomized>false</isCustomized></URDFElement><URDFElement z:Id="i7" i:type="Mass"><Attributes><Attribute z:Id="i8"><AttributeType>value</AttributeType><IsRequired>true</IsRequired><Value i:type="a:double" xmlns:a="http://www.w3.org/2001/XMLSchema">0</Value></Attribute></Attributes><ChildElements/><ElementName>mass</ElementName><required>false</required><ValueAttribute z:Ref="i8"/></URDFElement><URDFElement z:Id="i9" i:type="Inertia"><Attributes><Attribute z:Id="i10"><AttributeType>ixx</AttributeType><IsRequired>true</IsRequired><Value i:type="a:double" xmlns:a="http://www.w3.org/2001/XMLSchema">0</Value></Attribute><Attribute z:Id="i11"><AttributeType>ixy</AttributeType><IsRequired>true</IsRequired><Value i:type="a:double" xmlns:a="http://www.w3.org/2001/XMLSchema">0</Value></Attribute><Attribute z:Id="i12"><AttributeType>ixz</AttributeType><IsRequired>true</IsRequired><Value i:type="a:double" xmlns:a="http://www.w3.org/2001/XMLSchema">0</Value></Attribute><Attribute z:Id="i13"><AttributeType>iyy</AttributeType><IsRequired>true</IsRequired><Value i:type="a:double" xmlns:a="http://www.w3.org/2001/XMLSchema">0</Value></Attribute><Attribute z:Id="i14"><AttributeType>iyz</AttributeType><IsRequired>true</IsRequired><Value i:type="a:double" xmlns:a="http://www.w3.org/2001/XMLSchema">0</Value></Attribute><Attribute z:Id="i15"><AttributeType>izz</AttributeType><IsRequired>true</IsRequired><Value i:type="a:double" xmlns:a="http://www.w3.org/2001/XMLSchema">0</Value></Attribute></Attributes><ChildElements/><ElementName>inertia</ElementName><required>false</required><IxxAttribute z:Ref="i10"/><IxyAttribute z:Ref="i11"/><IxzAttribute z:Ref="i12"/><IyyAttribute z:Ref="i13"/><IyzAttribute z:Ref="i14"/><IzzAttribute z:Ref="i15"/></URDFElement></ChildElements><ElementName>inertial</ElementName><required>false</required><Inertia z:Ref="i9"/><Mass z:Ref="i7"/><Origin z:Ref="i4"/></URDFElement><URDFElement z:Id="i16" i:type="Visual"><Attributes/><ChildElements><URDFElement z:Id="i17" i:type="Origin"><Attributes><Attribute z:Id="i18"><AttributeType>xyz</AttributeType><IsRequired>true</IsRequired><Value i:type="a:ArrayOfdouble" xmlns:a="http://schemas.microsoft.com/2003/10/Serialization/Arrays"><a:double>0</a:double><a:double>0</a:double><a:double>0</a:double></Value></Attribute><Attribute z:Id="i19"><AttributeType>rpy</AttributeType><IsRequired>true</IsRequired><Value i:type="a:ArrayOfdouble" xmlns:a="http://schemas.microsoft.com/2003/10/Serialization/Arrays"><a:double>0</a:double><a:double>0</a:double><a:double>0</a:double></Value></Attribute></Attributes><ChildElements/><ElementName>origin</ElementName><required>false</required><RPYAttribute z:Ref="i19"/><XYZAttribute z:Ref="i18"/><isCustomized>false</isCustomized></URDFElement><URDFElement z:Id="i20" i:type="Geometry"><Attributes/><ChildElements><URDFElement z:Id="i21" i:type="Mesh"><Attributes><Attribute z:Id="i22"><AttributeType>filename</AttributeType><IsRequired>true</IsRequired><Value i:nil="true"/></Attribute></Attributes><ChildElements/><ElementName>mesh</ElementName><required>false</required><FilenameAttribute z:Ref="i22"/></URDFElement></ChildElements><ElementName>geometry</ElementName><required>true</required><Mesh z:Ref="i21"/></URDFElement><URDFElement z:Id="i23" i:type="Material"><Attributes><Attribute z:Id="i24"><AttributeType>name</AttributeType><IsRequired>true</IsRequired><Value i:type="a:string" xmlns:a="http://www.w3.org/2001/XMLSchema"/></Attribute></Attributes><ChildElements><URDFElement z:Id="i25" i:type="Color"><Attributes><Attribute z:Id="i26"><AttributeType>rgba</AttributeType><IsRequired>true</IsRequired><Value i:type="a:ArrayOfdouble" xmlns:a="http://schemas.microsoft.com/2003/10/Serialization/Arrays"><a:double>1</a:double><a:double>1</a:double><a:double>1</a:double><a:double>1</a:double></Value></Attribute></Attributes><ChildElements/><ElementName>color</ElementName><required>false</required><RGBAAttribute z:Ref="i26"/></URDFElement><URDFElement z:Id="i27" i:type="Texture"><Attributes><Attribute z:Id="i28"><AttributeType>filename</AttributeType><IsRequired>true</IsRequired><Value i:nil="true"/></Attribute></Attributes><ChildElements/><ElementName>texture</ElementName><required>false</required><FilenameAttribute z:Ref="i28"/><wFilename/></URDFElement></ChildElements><ElementName>material</ElementName><required>false</required><Color z:Ref="i25"/><NameAttribute z:Ref="i24"/><Texture z:Ref="i27"/></URDFElement></ChildElements><ElementName>visual</ElementName><required>false</required><Geometry z:Ref="i20"/><Material z:Ref="i23"/><Origin z:Ref="i17"/></URDFElement><URDFElement z:Id="i29" i:type="Collision"><Attributes/><ChildElements><URDFElement z:Id="i30" i:type="Origin"><Attributes><Attribute z:Id="i31"><AttributeType>xyz</AttributeType><IsRequired>true</IsRequired><Value i:type="a:ArrayOfdouble" xmlns:a="http://schemas.microsoft.com/2003/10/Serialization/Arrays"><a:double>0</a:double><a:double>0</a:double><a:double>0</a:double></Value></Attribute><Attribute z:Id="i32"><AttributeType>rpy</AttributeType><IsRequired>true</IsRequired><Value i:type="a:ArrayOfdouble" xmlns:a="http://schemas.microsoft.com/2003/10/Serialization/Arrays"><a:double>0</a:double><a:double>0</a:double><a:double>0</a:double></Value></Attribute></Attributes><ChildElements/><ElementName>origin</ElementName><required>false</required><RPYAttribute z:Ref="i32"/><XYZAttribute z:Ref="i31"/><isCustomized>false</isCustomized></URDFElement><URDFElement z:Id="i33" i:type="Geometry"><Attributes/><ChildElements><URDFElement z:Id="i34" i:type="Mesh"><Attributes><Attribute z:Id="i35"><AttributeType>filename</AttributeType><IsRequired>true</IsRequired><Value i:nil="true"/></Attribute></Attributes><ChildElements/><ElementName>mesh</ElementName><required>false</required><FilenameAttribute z:Ref="i35"/></URDFElement></ChildElements><ElementName>geometry</ElementName><required>true</required><Mesh z:Ref="i34"/></URDFElement></ChildElements><ElementName>collision</ElementName><required>false</required><Geometry z:Ref="i33"/><Origin z:Ref="i30"/></URDFElement><URDFElement z:Id="i36" i:type="Joint"><Attributes><Attribute z:Id="i37"><AttributeType>name</AttributeType><IsRequired>true</IsRequired><Value i:type="a:string" xmlns:a="http://www.w3.org/2001/XMLSchema"/></Attribute><Attribute z:Id="i38"><AttributeType>type</AttributeType><IsRequired>true</IsRequired><Value i:type="a:string" xmlns:a="http://www.w3.org/2001/XMLSchema"/></Attribute></Attributes><ChildElements><URDFElement z:Id="i39" i:type="Origin"><Attributes><Attribute z:Id="i40"><AttributeType>xyz</AttributeType><IsRequired>true</IsRequired><Value i:type="a:ArrayOfdouble" xmlns:a="http://schemas.microsoft.com/2003/10/Serialization/Arrays"><a:double>0</a:double><a:double>0</a:double><a:double>0</a:double></Value></Attribute><Attribute z:Id="i41"><AttributeType>rpy</AttributeType><IsRequired>true</IsRequired><Value i:type="a:ArrayOfdouble" xmlns:a="http://schemas.microsoft.com/2003/10/Serialization/Arrays"><a:double>0</a:double><a:double>0</a:double><a:double>0</a:double></Value></Attribute></Attributes><ChildElements/><ElementName>origin</ElementName><required>false</required><RPYAttribute z:Ref="i41"/><XYZAttribute z:Ref="i40"/><isCustomized>false</isCustomized></URDFElement><URDFElement z:Id="i42" i:type="ParentLink"><Attributes><Attribute z:Id="i43"><AttributeType>link</AttributeType><IsRequired>true</IsRequired><Value i:type="a:string" xmlns:a="http://www.w3.org/2001/XMLSchema"/></Attribute></Attributes><ChildElements/><ElementName>parent</ElementName><required>true</required><NameAttribute z:Ref="i43"/></URDFElement><URDFElement z:Id="i44" i:type="ChildLink"><Attributes><Attribute z:Id="i45"><AttributeType>link</AttributeType><IsRequired>true</IsRequired><Value i:type="a:string" xmlns:a="http://www.w3.org/2001/XMLSchema"/></Attribute></Attributes><ChildElements/><ElementName>child</ElementName><required>true</required><NameAttribute z:Ref="i45"/></URDFElement><URDFElement z:Id="i46" i:type="Axis"><Attributes><Attribute z:Id="i47"><AttributeType>xyz</AttributeType><IsRequired>true</IsRequired><Value i:type="a:ArrayOfdouble" xmlns:a="http://schemas.microsoft.com/2003/10/Serialization/Arrays"><a:double>0</a:double><a:double>0</a:double><a:double>0</a:double></Value></Attribute></Attributes><ChildElements/><ElementName>axis</ElementName><required>false</required><XYZAttribute z:Ref="i47"/></URDFElement><URDFElement z:Id="i48" i:type="Limit"><Attributes><Attribute z:Id="i49"><AttributeType>lower</AttributeType><IsRequired>false</IsRequired><Value i:nil="true"/></Attribute><Attribute z:Id="i50"><AttributeType>upper</AttributeType><IsRequired>false</IsRequired><Value i:nil="true"/></Attribute><Attribute z:Id="i51"><AttributeType>effort</AttributeType><IsRequired>true</IsRequired><Value i:nil="true"/></Attribute><Attribute z:Id="i52"><AttributeType>velocity</AttributeType><IsRequired>true</IsRequired><Value i:nil="true"/></Attribute></Attributes><ChildElements/><ElementName>limit</ElementName><required>false</required><EffortAttribute z:Ref="i51"/><LowerAttribute z:Ref="i49"/><UpperAttribute z:Ref="i50"/><VelocityAttribute z:Ref="i52"/></URDFElement><URDFElement z:Id="i53" i:type="Calibration"><Attributes><Attribute z:Id="i54"><AttributeType>rising</AttributeType><IsRequired>false</IsRequired><Value i:nil="true"/></Attribute><Attribute z:Id="i55"><AttributeType>falling</AttributeType><IsRequired>false</IsRequired><Value i:nil="true"/></Attribute></Attributes><ChildElements/><ElementName>calibration</ElementName><required>false</required><FallingAttribute z:Ref="i55"/><RisingAttribute z:Ref="i54"/></URDFElement><URDFElement z:Id="i56" i:type="Dynamics"><Attributes><Attribute z:Id="i57"><AttributeType>damping</AttributeType><IsRequired>false</IsRequired><Value i:nil="true"/></Attribute><Attribute z:Id="i58"><AttributeType>friction</AttributeType><IsRequired>false</IsRequired><Value i:nil="true"/></Attribute></Attributes><ChildElements/><ElementName>dynamics</ElementName><required>false</required><DampingAttribute z:Ref="i57"/><FrictionAttribute z:Ref="i58"/></URDFElement><URDFElement z:Id="i59" i:type="SafetyController"><Attributes><Attribute z:Id="i60"><AttributeType>soft_upper_limit</AttributeType><IsRequired>false</IsRequired><Value i:nil="true"/></Attribute><Attribute z:Id="i61"><AttributeType>soft_lower_limit</AttributeType><IsRequired>false</IsRequired><Value i:nil="true"/></Attribute><Attribute z:Id="i62"><AttributeType>k_position</AttributeType><IsRequired>false</IsRequired><Value i:nil="true"/></Attribute><Attribute z:Id="i63"><AttributeType>k_velocity</AttributeType><IsRequired>true</IsRequired><Value i:nil="true"/></Attribute></Attributes><ChildElements/><ElementName>safety_controller</ElementName><required>false</required><KPositionAttribute z:Ref="i62"/><KVelocityAttribute z:Ref="i63"/><SoftLowerAttribute z:Ref="i61"/><SoftUpperAttribute z:Ref="i60"/></URDFElement><URDFElement z:Id="i64" i:type="Mimic"><Attributes><Attribute z:Id="i65"><AttributeType>joint</AttributeType><IsRequired>true</IsRequired><Value i:nil="true"/></Attribute><Attribute z:Id="i66"><AttributeType>multiplier</AttributeType><IsRequired>false</IsRequired><Value i:nil="true"/></Attribute><Attribute z:Id="i67"><AttributeType>offset</AttributeType><IsRequired>false</IsRequired><Value i:nil="true"/></Attribute></Attributes><ChildElements/><ElementName>mimic</ElementName><required>false</required><JointNameAttribute z:Ref="i65"/><MultiplierAttribute z:Ref="i66"/><OffsetAttribute z:Ref="i67"/></URDFElement></ChildElements><ElementName>joint</ElementName><required>false</required><Axis z:Ref="i46"/><AxisName/><Calibration z:Ref="i53"/><Child z:Ref="i44"/><CoordinateSystemName>base</CoordinateSystemName><Dynamics z:Ref="i56"/><Limit z:Ref="i48"/><Mimic z:Ref="i64"/><NameAttribute z:Ref="i37"/><Origin z:Ref="i39"/><Parent z:Ref="i42"/><Safety z:Ref="i59"/><TypeAttribute z:Ref="i38"/></URDFElement></ChildElements><ElementName>link</ElementName><required>true</required><Children/><Collision z:Ref="i29"/><Inertial z:Ref="i3"/><Joint z:Ref="i36"/><NameAttribute z:Ref="i2"/><Parent i:nil="true"/><STLQualityFine>false</STLQualityFine><SWComponentPIDs xmlns:a="http://schemas.microsoft.com/2003/10/Serialization/Arrays"><a:base64Binary>aEIAAAUAAAD//v8AAAAAAA==</a:base64Binary></SWComponentPIDs><SWMainComponentPID i:nil="true"/><Visual z:Ref="i16"/><isFixedFrame>false</isFixedFrame><isIncomplete>false</isIncomplete></Link>
2026-06-17 11:56:34,551 INFO  AssemblyExportForm.cs: 309 - Saving URDF package to E:\仿真\合成-化学反应站\合成-化学反应站-urdf\50ml试剂瓶托盘.urdf
2026-06-17 11:56:34,551 INFO  ExportHelper.cs: 147 - Beginning the export process
2026-06-17 11:56:34,552 INFO  ExportHelper.cs: 153 - Creating package directories with name 50ml试剂瓶托盘.urdf and save path E:\仿真\合成-化学反应站\合成-化学反应站-urdf
2026-06-17 11:56:35,756 INFO  ExportHelper.cs: 162 - Creating CMakeLists.txt at E:\仿真\合成-化学反应站\合成-化学反应站-urdf\50ml试剂瓶托盘.urdf\CMakeLists.txt
2026-06-17 11:56:35,757 INFO  ExportHelper.cs: 166 - Creating joint names config at E:\仿真\合成-化学反应站\合成-化学反应站-urdf\50ml试剂瓶托盘.urdf\config\joint_names_50ml试剂瓶托盘.urdf.yaml
2026-06-17 11:56:35,757 INFO  ExportHelper.cs: 170 - Creating package.xml at E:\仿真\合成-化学反应站\合成-化学反应站-urdf\50ml试剂瓶托盘.urdf\package.xml
2026-06-17 11:56:35,757 INFO  PackageXMLWriter.cs: 21 - Creating package.xml at E:\仿真\合成-化学反应站\合成-化学反应站-urdf\50ml试剂瓶托盘.urdf\package.xml
2026-06-17 11:56:35,770 INFO  ExportHelper.cs: 177 - Creating RVIZ launch file in E:\仿真\合成-化学反应站\合成-化学反应站-urdf\50ml试剂瓶托盘.urdf\launch\
2026-06-17 11:56:35,770 INFO  ExportHelper.cs: 182 - Creating Gazebo launch file in E:\仿真\合成-化学反应站\合成-化学反应站-urdf\50ml试剂瓶托盘.urdf\launch\
2026-06-17 11:56:35,786 INFO  ExportHelper.cs: 187 - Saving existing STL preferences
2026-06-17 11:56:35,786 INFO  ExportHelper.cs: 450 - Saving users preferences
2026-06-17 11:56:35,786 INFO  ExportHelper.cs: 190 - Modifying STL preferences
2026-06-17 11:56:35,786 INFO  ExportHelper.cs: 464 - Setting STL preferences
2026-06-17 11:56:35,786 INFO  ExportHelper.cs: 196 - Found 0 hidden components 
2026-06-17 11:56:35,786 INFO  ExportHelper.cs: 197 - Hiding all components
2026-06-17 11:56:35,828 INFO  ExportHelper.cs: 204 - Beginning individual files export
2026-06-17 11:56:35,828 INFO  ExportHelper.cs: 270 - Exporting link: base_link
2026-06-17 11:56:35,834 INFO  ExportHelper.cs: 272 - Link base_link has 0 children
2026-06-17 11:56:35,834 INFO  ExportHelper.cs: 317 - base_link: Exporting STL with coordinate frame base
2026-06-17 11:56:35,834 INFO  ExportHelper.cs: 322 - base_link: Reference geometry name 
2026-06-17 11:56:35,853 INFO  ExportHelper.cs: 330 - Saving STL to E:\仿真\合成-化学反应站\合成-化学反应站-urdf\50ml试剂瓶托盘.urdf\meshes\base_link.STL
2026-06-17 11:56:35,874 INFO  ExportHelper.cs: 405 - Removing SW header in STL file
2026-06-17 11:56:35,874 INFO  ExportHelper.cs: 145 - Showing all components except previously hidden components
2026-06-17 11:56:35,890 INFO  ExportHelper.cs: 145 - Resetting STL preferences
2026-06-17 11:56:35,893 INFO  ExportHelper.cs: 478 - Returning STL preferences to user preferences
2026-06-17 11:56:35,893 INFO  ExportHelper.cs: 228 - Writing URDF file to E:\仿真\合成-化学反应站\合成-化学反应站-urdf\50ml试剂瓶托盘.urdf\urdf\50ml试剂瓶托盘.urdf.urdf
2026-06-17 11:56:35,893 INFO  CSVImportExport.cs: 32 - Writing CSV file E:\仿真\合成-化学反应站\合成-化学反应站-urdf\50ml试剂瓶托盘.urdf\urdf\50ml试剂瓶托盘.urdf.csv
2026-06-17 11:56:35,893 ERROR CSVImportExport.cs: 130 - The following columns were not written to the CSV: Link.Joint.ChildLink.link,
2026-06-17 11:56:35,896 INFO  ExportHelper.cs: 234 - Copying log file
2026-06-17 11:56:35,896 INFO  ExportHelper.cs: 439 - Copying C:\Users\DP\sw2urdf_logs\sw2urdf.log to E:\仿真\合成-化学反应站\合成-化学反应站-urdf\50ml试剂瓶托盘.urdf\export.log
2026-06-17 11:56:35,900 INFO  ExportHelper.cs: 237 - Resetting STL preferences
2026-06-17 11:56:35,900 INFO  ExportHelper.cs: 478 - Returning STL preferences to user preferences
2026-06-17 11:57:52,504 INFO  SwAddin.cs: 294 - Assembly export called for file 装配体5^固体试剂瓶总装.SLDASM
2026-06-17 11:57:53,774 INFO  SwAddin.cs: 313 - Saving assembly
2026-06-17 11:57:53,868 INFO  SwAddin.cs: 316 - Opening property manager
2026-06-17 11:57:53,869 INFO  ExportHelperExtension.cs: 1125 - Retrieving features of type [CoordSys] from 装配体5^固体试剂瓶总装.SLDASM
2026-06-17 11:57:53,869 INFO  ExportHelperExtension.cs: 1136 - Found 33 in 装配体5^固体试剂瓶总装.SLDASM
2026-06-17 11:57:53,869 INFO  ExportHelperExtension.cs: 1145 - Found 1 features of type [CoordSys] in 装配体5^固体试剂瓶总装.SLDASM
2026-06-17 11:57:53,870 INFO  ExportHelperExtension.cs: 1148 - Proceeding through assembly components
2026-06-17 11:57:53,870 INFO  ExportHelperExtension.cs: 1160 - 6 components to check
2026-06-17 11:57:53,870 INFO  ExportHelperExtension.cs: 1125 - Retrieving features of type [CoordSys] from AKL14-100 拉手 怡合达(默认_按加工_)-2
2026-06-17 11:57:53,870 INFO  ExportHelperExtension.cs: 1136 - Found 27 in AKL14-100 拉手 怡合达(默认_按加工_)-2
2026-06-17 11:57:53,870 INFO  ExportHelperExtension.cs: 1145 - Found 0 features of type [CoordSys] in AKL14-100 拉手 怡合达(默认_按加工_)-2
2026-06-17 11:57:53,871 INFO  ExportHelperExtension.cs: 1125 - Retrieving features of type [CoordSys] from AKL14-100 拉手 怡合达(默认_按加工_)-1
2026-06-17 11:57:53,871 INFO  ExportHelperExtension.cs: 1136 - Found 27 in AKL14-100 拉手 怡合达(默认_按加工_)-1
2026-06-17 11:57:53,871 INFO  ExportHelperExtension.cs: 1145 - Found 0 features of type [CoordSys] in AKL14-100 拉手 怡合达(默认_按加工_)-1
2026-06-17 11:57:53,871 INFO  ExportHelperExtension.cs: 1125 - Retrieving features of type [CoordSys] from 粉筒头密封垫(默认_按加工_)-1
2026-06-17 11:57:53,872 INFO  ExportHelperExtension.cs: 1136 - Found 27 in 粉筒头密封垫(默认_按加工_)-1
2026-06-17 11:57:53,872 INFO  ExportHelperExtension.cs: 1145 - Found 0 features of type [CoordSys] in 粉筒头密封垫(默认_按加工_)-1
2026-06-17 11:57:53,872 INFO  ExportHelperExtension.cs: 1125 - Retrieving features of type [CoordSys] from 固体试剂瓶垫高块(默认_按加工_)-1
2026-06-17 11:57:53,872 INFO  ExportHelperExtension.cs: 1136 - Found 27 in 固体试剂瓶垫高块(默认_按加工_)-1
2026-06-17 11:57:53,873 INFO  ExportHelperExtension.cs: 1145 - Found 0 features of type [CoordSys] in 固体试剂瓶垫高块(默认_按加工_)-1
2026-06-17 11:57:53,874 INFO  ExportHelperExtension.cs: 1125 - Retrieving features of type [CoordSys] from 固定试剂瓶收纳(默认_按加工_)-1
2026-06-17 11:57:53,874 INFO  ExportHelperExtension.cs: 1136 - Found 27 in 固定试剂瓶收纳(默认_按加工_)-1
2026-06-17 11:57:53,874 INFO  ExportHelperExtension.cs: 1145 - Found 0 features of type [CoordSys] in 固定试剂瓶收纳(默认_按加工_)-1
2026-06-17 11:57:53,874 INFO  ExportHelperExtension.cs: 1125 - Retrieving features of type [CoordSys] from 固体试剂瓶垫高块-1(默认_按加工_)-1
2026-06-17 11:57:53,874 INFO  ExportHelperExtension.cs: 1136 - Found 27 in 固体试剂瓶垫高块-1(默认_按加工_)-1
2026-06-17 11:57:53,874 INFO  ExportHelperExtension.cs: 1145 - Found 0 features of type [CoordSys] in 固体试剂瓶垫高块-1(默认_按加工_)-1
2026-06-17 11:57:53,874 INFO  ExportHelperExtension.cs: 1125 - Retrieving features of type [RefAxis] from 装配体5^固体试剂瓶总装.SLDASM
2026-06-17 11:57:53,875 INFO  ExportHelperExtension.cs: 1136 - Found 33 in 装配体5^固体试剂瓶总装.SLDASM
2026-06-17 11:57:53,875 INFO  ExportHelperExtension.cs: 1145 - Found 3 features of type [RefAxis] in 装配体5^固体试剂瓶总装.SLDASM
2026-06-17 11:57:53,875 INFO  ExportHelperExtension.cs: 1148 - Proceeding through assembly components
2026-06-17 11:57:53,875 INFO  ExportHelperExtension.cs: 1160 - 6 components to check
2026-06-17 11:57:53,876 INFO  ExportHelperExtension.cs: 1125 - Retrieving features of type [RefAxis] from AKL14-100 拉手 怡合达(默认_按加工_)-2
2026-06-17 11:57:53,876 INFO  ExportHelperExtension.cs: 1136 - Found 27 in AKL14-100 拉手 怡合达(默认_按加工_)-2
2026-06-17 11:57:53,876 INFO  ExportHelperExtension.cs: 1145 - Found 0 features of type [RefAxis] in AKL14-100 拉手 怡合达(默认_按加工_)-2
2026-06-17 11:57:53,876 INFO  ExportHelperExtension.cs: 1125 - Retrieving features of type [RefAxis] from AKL14-100 拉手 怡合达(默认_按加工_)-1
2026-06-17 11:57:53,877 INFO  ExportHelperExtension.cs: 1136 - Found 27 in AKL14-100 拉手 怡合达(默认_按加工_)-1
2026-06-17 11:57:53,877 INFO  ExportHelperExtension.cs: 1145 - Found 0 features of type [RefAxis] in AKL14-100 拉手 怡合达(默认_按加工_)-1
2026-06-17 11:57:53,877 INFO  ExportHelperExtension.cs: 1125 - Retrieving features of type [RefAxis] from 粉筒头密封垫(默认_按加工_)-1
2026-06-17 11:57:53,877 INFO  ExportHelperExtension.cs: 1136 - Found 27 in 粉筒头密封垫(默认_按加工_)-1
2026-06-17 11:57:53,878 INFO  ExportHelperExtension.cs: 1145 - Found 0 features of type [RefAxis] in 粉筒头密封垫(默认_按加工_)-1
2026-06-17 11:57:53,878 INFO  ExportHelperExtension.cs: 1125 - Retrieving features of type [RefAxis] from 固体试剂瓶垫高块(默认_按加工_)-1
2026-06-17 11:57:53,878 INFO  ExportHelperExtension.cs: 1136 - Found 27 in 固体试剂瓶垫高块(默认_按加工_)-1
2026-06-17 11:57:53,878 INFO  ExportHelperExtension.cs: 1145 - Found 0 features of type [RefAxis] in 固体试剂瓶垫高块(默认_按加工_)-1
2026-06-17 11:57:53,878 INFO  ExportHelperExtension.cs: 1125 - Retrieving features of type [RefAxis] from 固定试剂瓶收纳(默认_按加工_)-1
2026-06-17 11:57:53,879 INFO  ExportHelperExtension.cs: 1136 - Found 27 in 固定试剂瓶收纳(默认_按加工_)-1
2026-06-17 11:57:53,879 INFO  ExportHelperExtension.cs: 1145 - Found 0 features of type [RefAxis] in 固定试剂瓶收纳(默认_按加工_)-1
2026-06-17 11:57:53,879 INFO  ExportHelperExtension.cs: 1125 - Retrieving features of type [RefAxis] from 固体试剂瓶垫高块-1(默认_按加工_)-1
2026-06-17 11:57:53,879 INFO  ExportHelperExtension.cs: 1136 - Found 27 in 固体试剂瓶垫高块-1(默认_按加工_)-1
2026-06-17 11:57:53,880 INFO  ExportHelperExtension.cs: 1145 - Found 0 features of type [RefAxis] in 固体试剂瓶垫高块-1(默认_按加工_)-1
2026-06-17 11:57:53,986 INFO  SwAddin.cs: 339 - Loading config tree
2026-06-17 11:57:53,986 INFO  ExportPropertyManagerExtension.cs: 520 - Starting new configuration
2026-06-17 11:57:53,987 INFO  SwAddin.cs: 344 - Showing property manager
2026-06-17 11:57:56,570 INFO  ExportPropertyManager.cs: 1018 - OnComboboxSelectionChanged called. This method no longer throws an Exception. It just silently does nothing. Ok, except for this logging message
2026-06-17 11:57:59,030 INFO  ExportPropertyManager.cs: 422 - Configuration saved
2026-06-17 11:57:59,144 INFO  ExportHelperExtension.cs: 1125 - Retrieving features of type [CoordSys] from 装配体5^固体试剂瓶总装.SLDASM
2026-06-17 11:57:59,144 INFO  ExportHelperExtension.cs: 1136 - Found 34 in 装配体5^固体试剂瓶总装.SLDASM
2026-06-17 11:57:59,144 INFO  ExportHelperExtension.cs: 1145 - Found 1 features of type [CoordSys] in 装配体5^固体试剂瓶总装.SLDASM
2026-06-17 11:57:59,145 INFO  ExportHelperExtension.cs: 1148 - Proceeding through assembly components
2026-06-17 11:57:59,145 INFO  ExportHelperExtension.cs: 1160 - 6 components to check
2026-06-17 11:57:59,145 INFO  ExportHelperExtension.cs: 1125 - Retrieving features of type [CoordSys] from AKL14-100 拉手 怡合达(默认_按加工_)-2
2026-06-17 11:57:59,145 INFO  ExportHelperExtension.cs: 1136 - Found 27 in AKL14-100 拉手 怡合达(默认_按加工_)-2
2026-06-17 11:57:59,145 INFO  ExportHelperExtension.cs: 1145 - Found 0 features of type [CoordSys] in AKL14-100 拉手 怡合达(默认_按加工_)-2
2026-06-17 11:57:59,146 INFO  ExportHelperExtension.cs: 1125 - Retrieving features of type [CoordSys] from AKL14-100 拉手 怡合达(默认_按加工_)-1
2026-06-17 11:57:59,146 INFO  ExportHelperExtension.cs: 1136 - Found 27 in AKL14-100 拉手 怡合达(默认_按加工_)-1
2026-06-17 11:57:59,146 INFO  ExportHelperExtension.cs: 1145 - Found 0 features of type [CoordSys] in AKL14-100 拉手 怡合达(默认_按加工_)-1
2026-06-17 11:57:59,146 INFO  ExportHelperExtension.cs: 1125 - Retrieving features of type [CoordSys] from 粉筒头密封垫(默认_按加工_)-1
2026-06-17 11:57:59,147 INFO  ExportHelperExtension.cs: 1136 - Found 27 in 粉筒头密封垫(默认_按加工_)-1
2026-06-17 11:57:59,147 INFO  ExportHelperExtension.cs: 1145 - Found 0 features of type [CoordSys] in 粉筒头密封垫(默认_按加工_)-1
2026-06-17 11:57:59,147 INFO  ExportHelperExtension.cs: 1125 - Retrieving features of type [CoordSys] from 固体试剂瓶垫高块(默认_按加工_)-1
2026-06-17 11:57:59,147 INFO  ExportHelperExtension.cs: 1136 - Found 27 in 固体试剂瓶垫高块(默认_按加工_)-1
2026-06-17 11:57:59,148 INFO  ExportHelperExtension.cs: 1145 - Found 0 features of type [CoordSys] in 固体试剂瓶垫高块(默认_按加工_)-1
2026-06-17 11:57:59,151 INFO  ExportHelperExtension.cs: 1125 - Retrieving features of type [CoordSys] from 固定试剂瓶收纳(默认_按加工_)-1
2026-06-17 11:57:59,166 INFO  ExportHelperExtension.cs: 1136 - Found 27 in 固定试剂瓶收纳(默认_按加工_)-1
2026-06-17 11:57:59,166 INFO  ExportHelperExtension.cs: 1145 - Found 0 features of type [CoordSys] in 固定试剂瓶收纳(默认_按加工_)-1
2026-06-17 11:57:59,166 INFO  ExportHelperExtension.cs: 1125 - Retrieving features of type [CoordSys] from 固体试剂瓶垫高块-1(默认_按加工_)-1
2026-06-17 11:57:59,167 INFO  ExportHelperExtension.cs: 1136 - Found 27 in 固体试剂瓶垫高块-1(默认_按加工_)-1
2026-06-17 11:57:59,167 INFO  ExportHelperExtension.cs: 1145 - Found 0 features of type [CoordSys] in 固体试剂瓶垫高块-1(默认_按加工_)-1
2026-06-17 11:57:59,168 INFO  ExportHelperExtension.cs: 1125 - Retrieving features of type [RefAxis] from 装配体5^固体试剂瓶总装.SLDASM
2026-06-17 11:57:59,168 INFO  ExportHelperExtension.cs: 1136 - Found 34 in 装配体5^固体试剂瓶总装.SLDASM
2026-06-17 11:57:59,168 INFO  ExportHelperExtension.cs: 1145 - Found 3 features of type [RefAxis] in 装配体5^固体试剂瓶总装.SLDASM
2026-06-17 11:57:59,168 INFO  ExportHelperExtension.cs: 1148 - Proceeding through assembly components
2026-06-17 11:57:59,168 INFO  ExportHelperExtension.cs: 1160 - 6 components to check
2026-06-17 11:57:59,169 INFO  ExportHelperExtension.cs: 1125 - Retrieving features of type [RefAxis] from AKL14-100 拉手 怡合达(默认_按加工_)-2
2026-06-17 11:57:59,169 INFO  ExportHelperExtension.cs: 1136 - Found 27 in AKL14-100 拉手 怡合达(默认_按加工_)-2
2026-06-17 11:57:59,169 INFO  ExportHelperExtension.cs: 1145 - Found 0 features of type [RefAxis] in AKL14-100 拉手 怡合达(默认_按加工_)-2
2026-06-17 11:57:59,169 INFO  ExportHelperExtension.cs: 1125 - Retrieving features of type [RefAxis] from AKL14-100 拉手 怡合达(默认_按加工_)-1
2026-06-17 11:57:59,170 INFO  ExportHelperExtension.cs: 1136 - Found 27 in AKL14-100 拉手 怡合达(默认_按加工_)-1
2026-06-17 11:57:59,170 INFO  ExportHelperExtension.cs: 1145 - Found 0 features of type [RefAxis] in AKL14-100 拉手 怡合达(默认_按加工_)-1
2026-06-17 11:57:59,170 INFO  ExportHelperExtension.cs: 1125 - Retrieving features of type [RefAxis] from 粉筒头密封垫(默认_按加工_)-1
2026-06-17 11:57:59,170 INFO  ExportHelperExtension.cs: 1136 - Found 27 in 粉筒头密封垫(默认_按加工_)-1
2026-06-17 11:57:59,170 INFO  ExportHelperExtension.cs: 1145 - Found 0 features of type [RefAxis] in 粉筒头密封垫(默认_按加工_)-1
2026-06-17 11:57:59,171 INFO  ExportHelperExtension.cs: 1125 - Retrieving features of type [RefAxis] from 固体试剂瓶垫高块(默认_按加工_)-1
2026-06-17 11:57:59,171 INFO  ExportHelperExtension.cs: 1136 - Found 27 in 固体试剂瓶垫高块(默认_按加工_)-1
2026-06-17 11:57:59,171 INFO  ExportHelperExtension.cs: 1145 - Found 0 features of type [RefAxis] in 固体试剂瓶垫高块(默认_按加工_)-1
2026-06-17 11:57:59,171 INFO  ExportHelperExtension.cs: 1125 - Retrieving features of type [RefAxis] from 固定试剂瓶收纳(默认_按加工_)-1
2026-06-17 11:57:59,171 INFO  ExportHelperExtension.cs: 1136 - Found 27 in 固定试剂瓶收纳(默认_按加工_)-1
2026-06-17 11:57:59,172 INFO  ExportHelperExtension.cs: 1145 - Found 0 features of type [RefAxis] in 固定试剂瓶收纳(默认_按加工_)-1
2026-06-17 11:57:59,172 INFO  ExportHelperExtension.cs: 1125 - Retrieving features of type [RefAxis] from 固体试剂瓶垫高块-1(默认_按加工_)-1
2026-06-17 11:57:59,172 INFO  ExportHelperExtension.cs: 1136 - Found 27 in 固体试剂瓶垫高块-1(默认_按加工_)-1
2026-06-17 11:57:59,172 INFO  ExportHelperExtension.cs: 1145 - Found 0 features of type [RefAxis] in 固体试剂瓶垫高块-1(默认_按加工_)-1
2026-06-17 11:57:59,194 INFO  ExportPropertyManager.cs: 1142 - AfterClose called. This method no longer throws an Exception. It just silently does nothing. Ok, except for this logging message
2026-06-17 11:58:04,350 INFO  AssemblyExportForm.cs: 253 - Completing URDF export
2026-06-17 11:58:04,350 INFO  ConfigurationSerialization.cs: 276 - URDF Configuration found
<Link z:Id="i1" xmlns="http://schemas.datacontract.org/2004/07/SW2URDF" xmlns:i="http://www.w3.org/2001/XMLSchema-instance" xmlns:z="http://schemas.microsoft.com/2003/10/Serialization/"><Attributes><Attribute z:Id="i2"><AttributeType>name</AttributeType><IsRequired>true</IsRequired><Value i:type="a:string" xmlns:a="http://www.w3.org/2001/XMLSchema">base_link</Value></Attribute></Attributes><ChildElements><URDFElement z:Id="i3" i:type="Inertial"><Attributes/><ChildElements><URDFElement z:Id="i4" i:type="Origin"><Attributes><Attribute z:Id="i5"><AttributeType>xyz</AttributeType><IsRequired>true</IsRequired><Value i:type="a:ArrayOfdouble" xmlns:a="http://schemas.microsoft.com/2003/10/Serialization/Arrays"><a:double>0</a:double><a:double>0</a:double><a:double>0</a:double></Value></Attribute><Attribute z:Id="i6"><AttributeType>rpy</AttributeType><IsRequired>true</IsRequired><Value i:type="a:ArrayOfdouble" xmlns:a="http://schemas.microsoft.com/2003/10/Serialization/Arrays"><a:double>0</a:double><a:double>0</a:double><a:double>0</a:double></Value></Attribute></Attributes><ChildElements/><ElementName>origin</ElementName><required>false</required><RPYAttribute z:Ref="i6"/><XYZAttribute z:Ref="i5"/><isCustomized>false</isCustomized></URDFElement><URDFElement z:Id="i7" i:type="Mass"><Attributes><Attribute z:Id="i8"><AttributeType>value</AttributeType><IsRequired>true</IsRequired><Value i:type="a:double" xmlns:a="http://www.w3.org/2001/XMLSchema">0</Value></Attribute></Attributes><ChildElements/><ElementName>mass</ElementName><required>false</required><ValueAttribute z:Ref="i8"/></URDFElement><URDFElement z:Id="i9" i:type="Inertia"><Attributes><Attribute z:Id="i10"><AttributeType>ixx</AttributeType><IsRequired>true</IsRequired><Value i:type="a:double" xmlns:a="http://www.w3.org/2001/XMLSchema">0</Value></Attribute><Attribute z:Id="i11"><AttributeType>ixy</AttributeType><IsRequired>true</IsRequired><Value i:type="a:double" xmlns:a="http://www.w3.org/2001/XMLSchema">0</Value></Attribute><Attribute z:Id="i12"><AttributeType>ixz</AttributeType><IsRequired>true</IsRequired><Value i:type="a:double" xmlns:a="http://www.w3.org/2001/XMLSchema">0</Value></Attribute><Attribute z:Id="i13"><AttributeType>iyy</AttributeType><IsRequired>true</IsRequired><Value i:type="a:double" xmlns:a="http://www.w3.org/2001/XMLSchema">0</Value></Attribute><Attribute z:Id="i14"><AttributeType>iyz</AttributeType><IsRequired>true</IsRequired><Value i:type="a:double" xmlns:a="http://www.w3.org/2001/XMLSchema">0</Value></Attribute><Attribute z:Id="i15"><AttributeType>izz</AttributeType><IsRequired>true</IsRequired><Value i:type="a:double" xmlns:a="http://www.w3.org/2001/XMLSchema">0</Value></Attribute></Attributes><ChildElements/><ElementName>inertia</ElementName><required>false</required><IxxAttribute z:Ref="i10"/><IxyAttribute z:Ref="i11"/><IxzAttribute z:Ref="i12"/><IyyAttribute z:Ref="i13"/><IyzAttribute z:Ref="i14"/><IzzAttribute z:Ref="i15"/></URDFElement></ChildElements><ElementName>inertial</ElementName><required>false</required><Inertia z:Ref="i9"/><Mass z:Ref="i7"/><Origin z:Ref="i4"/></URDFElement><URDFElement z:Id="i16" i:type="Visual"><Attributes/><ChildElements><URDFElement z:Id="i17" i:type="Origin"><Attributes><Attribute z:Id="i18"><AttributeType>xyz</AttributeType><IsRequired>true</IsRequired><Value i:type="a:ArrayOfdouble" xmlns:a="http://schemas.microsoft.com/2003/10/Serialization/Arrays"><a:double>0</a:double><a:double>0</a:double><a:double>0</a:double></Value></Attribute><Attribute z:Id="i19"><AttributeType>rpy</AttributeType><IsRequired>true</IsRequired><Value i:type="a:ArrayOfdouble" xmlns:a="http://schemas.microsoft.com/2003/10/Serialization/Arrays"><a:double>0</a:double><a:double>0</a:double><a:double>0</a:double></Value></Attribute></Attributes><ChildElements/><ElementName>origin</ElementName><required>false</required><RPYAttribute z:Ref="i19"/><XYZAttribute z:Ref="i18"/><isCustomized>false</isCustomized></URDFElement><URDFElement z:Id="i20" i:type="Geometry"><Attributes/><ChildElements><URDFElement z:Id="i21" i:type="Mesh"><Attributes><Attribute z:Id="i22"><AttributeType>filename</AttributeType><IsRequired>true</IsRequired><Value i:nil="true"/></Attribute></Attributes><ChildElements/><ElementName>mesh</ElementName><required>false</required><FilenameAttribute z:Ref="i22"/></URDFElement></ChildElements><ElementName>geometry</ElementName><required>true</required><Mesh z:Ref="i21"/></URDFElement><URDFElement z:Id="i23" i:type="Material"><Attributes><Attribute z:Id="i24"><AttributeType>name</AttributeType><IsRequired>true</IsRequired><Value i:type="a:string" xmlns:a="http://www.w3.org/2001/XMLSchema"/></Attribute></Attributes><ChildElements><URDFElement z:Id="i25" i:type="Color"><Attributes><Attribute z:Id="i26"><AttributeType>rgba</AttributeType><IsRequired>true</IsRequired><Value i:type="a:ArrayOfdouble" xmlns:a="http://schemas.microsoft.com/2003/10/Serialization/Arrays"><a:double>1</a:double><a:double>1</a:double><a:double>1</a:double><a:double>1</a:double></Value></Attribute></Attributes><ChildElements/><ElementName>color</ElementName><required>false</required><RGBAAttribute z:Ref="i26"/></URDFElement><URDFElement z:Id="i27" i:type="Texture"><Attributes><Attribute z:Id="i28"><AttributeType>filename</AttributeType><IsRequired>true</IsRequired><Value i:nil="true"/></Attribute></Attributes><ChildElements/><ElementName>texture</ElementName><required>false</required><FilenameAttribute z:Ref="i28"/><wFilename/></URDFElement></ChildElements><ElementName>material</ElementName><required>false</required><Color z:Ref="i25"/><NameAttribute z:Ref="i24"/><Texture z:Ref="i27"/></URDFElement></ChildElements><ElementName>visual</ElementName><required>false</required><Geometry z:Ref="i20"/><Material z:Ref="i23"/><Origin z:Ref="i17"/></URDFElement><URDFElement z:Id="i29" i:type="Collision"><Attributes/><ChildElements><URDFElement z:Id="i30" i:type="Origin"><Attributes><Attribute z:Id="i31"><AttributeType>xyz</AttributeType><IsRequired>true</IsRequired><Value i:type="a:ArrayOfdouble" xmlns:a="http://schemas.microsoft.com/2003/10/Serialization/Arrays"><a:double>0</a:double><a:double>0</a:double><a:double>0</a:double></Value></Attribute><Attribute z:Id="i32"><AttributeType>rpy</AttributeType><IsRequired>true</IsRequired><Value i:type="a:ArrayOfdouble" xmlns:a="http://schemas.microsoft.com/2003/10/Serialization/Arrays"><a:double>0</a:double><a:double>0</a:double><a:double>0</a:double></Value></Attribute></Attributes><ChildElements/><ElementName>origin</ElementName><required>false</required><RPYAttribute z:Ref="i32"/><XYZAttribute z:Ref="i31"/><isCustomized>false</isCustomized></URDFElement><URDFElement z:Id="i33" i:type="Geometry"><Attributes/><ChildElements><URDFElement z:Id="i34" i:type="Mesh"><Attributes><Attribute z:Id="i35"><AttributeType>filename</AttributeType><IsRequired>true</IsRequired><Value i:nil="true"/></Attribute></Attributes><ChildElements/><ElementName>mesh</ElementName><required>false</required><FilenameAttribute z:Ref="i35"/></URDFElement></ChildElements><ElementName>geometry</ElementName><required>true</required><Mesh z:Ref="i34"/></URDFElement></ChildElements><ElementName>collision</ElementName><required>false</required><Geometry z:Ref="i33"/><Origin z:Ref="i30"/></URDFElement><URDFElement z:Id="i36" i:type="Joint"><Attributes><Attribute z:Id="i37"><AttributeType>name</AttributeType><IsRequired>true</IsRequired><Value i:type="a:string" xmlns:a="http://www.w3.org/2001/XMLSchema"/></Attribute><Attribute z:Id="i38"><AttributeType>type</AttributeType><IsRequired>true</IsRequired><Value i:type="a:string" xmlns:a="http://www.w3.org/2001/XMLSchema"/></Attribute></Attributes><ChildElements><URDFElement z:Id="i39" i:type="Origin"><Attributes><Attribute z:Id="i40"><AttributeType>xyz</AttributeType><IsRequired>true</IsRequired><Value i:type="a:ArrayOfdouble" xmlns:a="http://schemas.microsoft.com/2003/10/Serialization/Arrays"><a:double>0</a:double><a:double>0</a:double><a:double>0</a:double></Value></Attribute><Attribute z:Id="i41"><AttributeType>rpy</AttributeType><IsRequired>true</IsRequired><Value i:type="a:ArrayOfdouble" xmlns:a="http://schemas.microsoft.com/2003/10/Serialization/Arrays"><a:double>0</a:double><a:double>0</a:double><a:double>0</a:double></Value></Attribute></Attributes><ChildElements/><ElementName>origin</ElementName><required>false</required><RPYAttribute z:Ref="i41"/><XYZAttribute z:Ref="i40"/><isCustomized>false</isCustomized></URDFElement><URDFElement z:Id="i42" i:type="ParentLink"><Attributes><Attribute z:Id="i43"><AttributeType>link</AttributeType><IsRequired>true</IsRequired><Value i:type="a:string" xmlns:a="http://www.w3.org/2001/XMLSchema"/></Attribute></Attributes><ChildElements/><ElementName>parent</ElementName><required>true</required><NameAttribute z:Ref="i43"/></URDFElement><URDFElement z:Id="i44" i:type="ChildLink"><Attributes><Attribute z:Id="i45"><AttributeType>link</AttributeType><IsRequired>true</IsRequired><Value i:type="a:string" xmlns:a="http://www.w3.org/2001/XMLSchema"/></Attribute></Attributes><ChildElements/><ElementName>child</ElementName><required>true</required><NameAttribute z:Ref="i45"/></URDFElement><URDFElement z:Id="i46" i:type="Axis"><Attributes><Attribute z:Id="i47"><AttributeType>xyz</AttributeType><IsRequired>true</IsRequired><Value i:type="a:ArrayOfdouble" xmlns:a="http://schemas.microsoft.com/2003/10/Serialization/Arrays"><a:double>0</a:double><a:double>0</a:double><a:double>0</a:double></Value></Attribute></Attributes><ChildElements/><ElementName>axis</ElementName><required>false</required><XYZAttribute z:Ref="i47"/></URDFElement><URDFElement z:Id="i48" i:type="Limit"><Attributes><Attribute z:Id="i49"><AttributeType>lower</AttributeType><IsRequired>false</IsRequired><Value i:nil="true"/></Attribute><Attribute z:Id="i50"><AttributeType>upper</AttributeType><IsRequired>false</IsRequired><Value i:nil="true"/></Attribute><Attribute z:Id="i51"><AttributeType>effort</AttributeType><IsRequired>true</IsRequired><Value i:nil="true"/></Attribute><Attribute z:Id="i52"><AttributeType>velocity</AttributeType><IsRequired>true</IsRequired><Value i:nil="true"/></Attribute></Attributes><ChildElements/><ElementName>limit</ElementName><required>false</required><EffortAttribute z:Ref="i51"/><LowerAttribute z:Ref="i49"/><UpperAttribute z:Ref="i50"/><VelocityAttribute z:Ref="i52"/></URDFElement><URDFElement z:Id="i53" i:type="Calibration"><Attributes><Attribute z:Id="i54"><AttributeType>rising</AttributeType><IsRequired>false</IsRequired><Value i:nil="true"/></Attribute><Attribute z:Id="i55"><AttributeType>falling</AttributeType><IsRequired>false</IsRequired><Value i:nil="true"/></Attribute></Attributes><ChildElements/><ElementName>calibration</ElementName><required>false</required><FallingAttribute z:Ref="i55"/><RisingAttribute z:Ref="i54"/></URDFElement><URDFElement z:Id="i56" i:type="Dynamics"><Attributes><Attribute z:Id="i57"><AttributeType>damping</AttributeType><IsRequired>false</IsRequired><Value i:nil="true"/></Attribute><Attribute z:Id="i58"><AttributeType>friction</AttributeType><IsRequired>false</IsRequired><Value i:nil="true"/></Attribute></Attributes><ChildElements/><ElementName>dynamics</ElementName><required>false</required><DampingAttribute z:Ref="i57"/><FrictionAttribute z:Ref="i58"/></URDFElement><URDFElement z:Id="i59" i:type="SafetyController"><Attributes><Attribute z:Id="i60"><AttributeType>soft_upper_limit</AttributeType><IsRequired>false</IsRequired><Value i:nil="true"/></Attribute><Attribute z:Id="i61"><AttributeType>soft_lower_limit</AttributeType><IsRequired>false</IsRequired><Value i:nil="true"/></Attribute><Attribute z:Id="i62"><AttributeType>k_position</AttributeType><IsRequired>false</IsRequired><Value i:nil="true"/></Attribute><Attribute z:Id="i63"><AttributeType>k_velocity</AttributeType><IsRequired>true</IsRequired><Value i:nil="true"/></Attribute></Attributes><ChildElements/><ElementName>safety_controller</ElementName><required>false</required><KPositionAttribute z:Ref="i62"/><KVelocityAttribute z:Ref="i63"/><SoftLowerAttribute z:Ref="i61"/><SoftUpperAttribute z:Ref="i60"/></URDFElement><URDFElement z:Id="i64" i:type="Mimic"><Attributes><Attribute z:Id="i65"><AttributeType>joint</AttributeType><IsRequired>true</IsRequired><Value i:nil="true"/></Attribute><Attribute z:Id="i66"><AttributeType>multiplier</AttributeType><IsRequired>false</IsRequired><Value i:nil="true"/></Attribute><Attribute z:Id="i67"><AttributeType>offset</AttributeType><IsRequired>false</IsRequired><Value i:nil="true"/></Attribute></Attributes><ChildElements/><ElementName>mimic</ElementName><required>false</required><JointNameAttribute z:Ref="i65"/><MultiplierAttribute z:Ref="i66"/><OffsetAttribute z:Ref="i67"/></URDFElement></ChildElements><ElementName>joint</ElementName><required>false</required><Axis z:Ref="i46"/><AxisName/><Calibration z:Ref="i53"/><Child z:Ref="i44"/><CoordinateSystemName>base</CoordinateSystemName><Dynamics z:Ref="i56"/><Limit z:Ref="i48"/><Mimic z:Ref="i64"/><NameAttribute z:Ref="i37"/><Origin z:Ref="i39"/><Parent z:Ref="i42"/><Safety z:Ref="i59"/><TypeAttribute z:Ref="i38"/></URDFElement></ChildElements><ElementName>link</ElementName><required>true</required><Children/><Collision z:Ref="i29"/><Inertial z:Ref="i3"/><Joint z:Ref="i36"/><NameAttribute z:Ref="i2"/><Parent i:nil="true"/><STLQualityFine>false</STLQualityFine><SWComponentPIDs xmlns:a="http://schemas.microsoft.com/2003/10/Serialization/Arrays"><a:base64Binary>aEIAAAUAAAD//v8AAAAAAA==</a:base64Binary></SWComponentPIDs><SWMainComponentPID i:nil="true"/><Visual z:Ref="i16"/><isFixedFrame>false</isFixedFrame><isIncomplete>false</isIncomplete></Link>
2026-06-17 11:58:10,810 INFO  AssemblyExportForm.cs: 253 - Completing URDF export
2026-06-17 11:58:10,811 INFO  ConfigurationSerialization.cs: 276 - URDF Configuration found
<Link z:Id="i1" xmlns="http://schemas.datacontract.org/2004/07/SW2URDF" xmlns:i="http://www.w3.org/2001/XMLSchema-instance" xmlns:z="http://schemas.microsoft.com/2003/10/Serialization/"><Attributes><Attribute z:Id="i2"><AttributeType>name</AttributeType><IsRequired>true</IsRequired><Value i:type="a:string" xmlns:a="http://www.w3.org/2001/XMLSchema">base_link</Value></Attribute></Attributes><ChildElements><URDFElement z:Id="i3" i:type="Inertial"><Attributes/><ChildElements><URDFElement z:Id="i4" i:type="Origin"><Attributes><Attribute z:Id="i5"><AttributeType>xyz</AttributeType><IsRequired>true</IsRequired><Value i:type="a:ArrayOfdouble" xmlns:a="http://schemas.microsoft.com/2003/10/Serialization/Arrays"><a:double>0.00031703649936529188</a:double><a:double>-0.00065951383783234563</a:double><a:double>0.029878741444983835</a:double></Value></Attribute><Attribute z:Id="i6"><AttributeType>rpy</AttributeType><IsRequired>true</IsRequired><Value i:type="a:ArrayOfdouble" xmlns:a="http://schemas.microsoft.com/2003/10/Serialization/Arrays"><a:double>0</a:double><a:double>0</a:double><a:double>0</a:double></Value></Attribute></Attributes><ChildElements/><ElementName>origin</ElementName><required>false</required><RPYAttribute z:Ref="i6"/><XYZAttribute z:Ref="i5"/><isCustomized>false</isCustomized></URDFElement><URDFElement z:Id="i7" i:type="Mass"><Attributes><Attribute z:Id="i8"><AttributeType>value</AttributeType><IsRequired>true</IsRequired><Value i:type="a:double" xmlns:a="http://www.w3.org/2001/XMLSchema">2.1136363745175086</Value></Attribute></Attributes><ChildElements/><ElementName>mass</ElementName><required>false</required><ValueAttribute z:Ref="i8"/></URDFElement><URDFElement z:Id="i9" i:type="Inertia"><Attributes><Attribute z:Id="i10"><AttributeType>ixx</AttributeType><IsRequired>true</IsRequired><Value i:type="a:double" xmlns:a="http://www.w3.org/2001/XMLSchema">0.015089148173961012</Value></Attribute><Attribute z:Id="i11"><AttributeType>ixy</AttributeType><IsRequired>true</IsRequired><Value i:type="a:double" xmlns:a="http://www.w3.org/2001/XMLSchema">-1.3033873881108878E-05</Value></Attribute><Attribute z:Id="i12"><AttributeType>ixz</AttributeType><IsRequired>true</IsRequired><Value i:type="a:double" xmlns:a="http://www.w3.org/2001/XMLSchema">4.7551548646690957E-13</Value></Attribute><Attribute z:Id="i13"><AttributeType>iyy</AttributeType><IsRequired>true</IsRequired><Value i:type="a:double" xmlns:a="http://www.w3.org/2001/XMLSchema">0.0062137976390448267</Value></Attribute><Attribute z:Id="i14"><AttributeType>iyz</AttributeType><IsRequired>true</IsRequired><Value i:type="a:double" xmlns:a="http://www.w3.org/2001/XMLSchema">9.7609740844949174E-20</Value></Attribute><Attribute z:Id="i15"><AttributeType>izz</AttributeType><IsRequired>true</IsRequired><Value i:type="a:double" xmlns:a="http://www.w3.org/2001/XMLSchema">0.021055832649667067</Value></Attribute></Attributes><ChildElements/><ElementName>inertia</ElementName><required>false</required><IxxAttribute z:Ref="i10"/><IxyAttribute z:Ref="i11"/><IxzAttribute z:Ref="i12"/><IyyAttribute z:Ref="i13"/><IyzAttribute z:Ref="i14"/><IzzAttribute z:Ref="i15"/></URDFElement></ChildElements><ElementName>inertial</ElementName><required>false</required><Inertia z:Ref="i9"/><Mass z:Ref="i7"/><Origin z:Ref="i4"/></URDFElement><URDFElement z:Id="i16" i:type="Visual"><Attributes/><ChildElements><URDFElement z:Id="i17" i:type="Origin"><Attributes><Attribute z:Id="i18"><AttributeType>xyz</AttributeType><IsRequired>true</IsRequired><Value i:type="a:ArrayOfdouble" xmlns:a="http://schemas.microsoft.com/2003/10/Serialization/Arrays"><a:double>0</a:double><a:double>0</a:double><a:double>0</a:double></Value></Attribute><Attribute z:Id="i19"><AttributeType>rpy</AttributeType><IsRequired>true</IsRequired><Value i:type="a:ArrayOfdouble" xmlns:a="http://schemas.microsoft.com/2003/10/Serialization/Arrays"><a:double>0</a:double><a:double>0</a:double><a:double>0</a:double></Value></Attribute></Attributes><ChildElements/><ElementName>origin</ElementName><required>false</required><RPYAttribute z:Ref="i19"/><XYZAttribute z:Ref="i18"/><isCustomized>false</isCustomized></URDFElement><URDFElement z:Id="i20" i:type="Geometry"><Attributes/><ChildElements><URDFElement z:Id="i21" i:type="Mesh"><Attributes><Attribute z:Id="i22"><AttributeType>filename</AttributeType><IsRequired>true</IsRequired><Value i:nil="true"/></Attribute></Attributes><ChildElements/><ElementName>mesh</ElementName><required>false</required><FilenameAttribute z:Ref="i22"/></URDFElement></ChildElements><ElementName>geometry</ElementName><required>true</required><Mesh z:Ref="i21"/></URDFElement><URDFElement z:Id="i23" i:type="Material"><Attributes><Attribute z:Id="i24"><AttributeType>name</AttributeType><IsRequired>true</IsRequired><Value i:type="a:string" xmlns:a="http://www.w3.org/2001/XMLSchema"/></Attribute></Attributes><ChildElements><URDFElement z:Id="i25" i:type="Color"><Attributes><Attribute z:Id="i26"><AttributeType>rgba</AttributeType><IsRequired>true</IsRequired><Value i:type="a:ArrayOfdouble" xmlns:a="http://schemas.microsoft.com/2003/10/Serialization/Arrays"><a:double>0.75294117647058822</a:double><a:double>0.75294117647058822</a:double><a:double>0.75294117647058822</a:double><a:double>1</a:double></Value></Attribute></Attributes><ChildElements/><ElementName>color</ElementName><required>false</required><RGBAAttribute z:Ref="i26"/></URDFElement><URDFElement z:Id="i27" i:type="Texture"><Attributes><Attribute z:Id="i28"><AttributeType>filename</AttributeType><IsRequired>true</IsRequired><Value i:nil="true"/></Attribute></Attributes><ChildElements/><ElementName>texture</ElementName><required>false</required><FilenameAttribute z:Ref="i28"/><wFilename/></URDFElement></ChildElements><ElementName>material</ElementName><required>false</required><Color z:Ref="i25"/><NameAttribute z:Ref="i24"/><Texture z:Ref="i27"/></URDFElement></ChildElements><ElementName>visual</ElementName><required>false</required><Geometry z:Ref="i20"/><Material z:Ref="i23"/><Origin z:Ref="i17"/></URDFElement><URDFElement z:Id="i29" i:type="Collision"><Attributes/><ChildElements><URDFElement z:Id="i30" i:type="Origin"><Attributes><Attribute z:Id="i31"><AttributeType>xyz</AttributeType><IsRequired>true</IsRequired><Value i:type="a:ArrayOfdouble" xmlns:a="http://schemas.microsoft.com/2003/10/Serialization/Arrays"><a:double>0</a:double><a:double>0</a:double><a:double>0</a:double></Value></Attribute><Attribute z:Id="i32"><AttributeType>rpy</AttributeType><IsRequired>true</IsRequired><Value i:type="a:ArrayOfdouble" xmlns:a="http://schemas.microsoft.com/2003/10/Serialization/Arrays"><a:double>0</a:double><a:double>0</a:double><a:double>0</a:double></Value></Attribute></Attributes><ChildElements/><ElementName>origin</ElementName><required>false</required><RPYAttribute z:Ref="i32"/><XYZAttribute z:Ref="i31"/><isCustomized>false</isCustomized></URDFElement><URDFElement z:Id="i33" i:type="Geometry"><Attributes/><ChildElements><URDFElement z:Id="i34" i:type="Mesh"><Attributes><Attribute z:Id="i35"><AttributeType>filename</AttributeType><IsRequired>true</IsRequired><Value i:nil="true"/></Attribute></Attributes><ChildElements/><ElementName>mesh</ElementName><required>false</required><FilenameAttribute z:Ref="i35"/></URDFElement></ChildElements><ElementName>geometry</ElementName><required>true</required><Mesh z:Ref="i34"/></URDFElement></ChildElements><ElementName>collision</ElementName><required>false</required><Geometry z:Ref="i33"/><Origin z:Ref="i30"/></URDFElement><URDFElement z:Id="i36" i:type="Joint"><Attributes><Attribute z:Id="i37"><AttributeType>name</AttributeType><IsRequired>true</IsRequired><Value i:type="a:string" xmlns:a="http://www.w3.org/2001/XMLSchema"/></Attribute><Attribute z:Id="i38"><AttributeType>type</AttributeType><IsRequired>true</IsRequired><Value i:type="a:string" xmlns:a="http://www.w3.org/2001/XMLSchema"/></Attribute></Attributes><ChildElements><URDFElement z:Id="i39" i:type="Origin"><Attributes><Attribute z:Id="i40"><AttributeType>xyz</AttributeType><IsRequired>true</IsRequired><Value i:type="a:ArrayOfdouble" xmlns:a="http://schemas.microsoft.com/2003/10/Serialization/Arrays"><a:double>0</a:double><a:double>0</a:double><a:double>0</a:double></Value></Attribute><Attribute z:Id="i41"><AttributeType>rpy</AttributeType><IsRequired>true</IsRequired><Value i:type="a:ArrayOfdouble" xmlns:a="http://schemas.microsoft.com/2003/10/Serialization/Arrays"><a:double>0</a:double><a:double>0</a:double><a:double>0</a:double></Value></Attribute></Attributes><ChildElements/><ElementName>origin</ElementName><required>false</required><RPYAttribute z:Ref="i41"/><XYZAttribute z:Ref="i40"/><isCustomized>false</isCustomized></URDFElement><URDFElement z:Id="i42" i:type="ParentLink"><Attributes><Attribute z:Id="i43"><AttributeType>link</AttributeType><IsRequired>true</IsRequired><Value i:type="a:string" xmlns:a="http://www.w3.org/2001/XMLSchema"/></Attribute></Attributes><ChildElements/><ElementName>parent</ElementName><required>true</required><NameAttribute z:Ref="i43"/></URDFElement><URDFElement z:Id="i44" i:type="ChildLink"><Attributes><Attribute z:Id="i45"><AttributeType>link</AttributeType><IsRequired>true</IsRequired><Value i:type="a:string" xmlns:a="http://www.w3.org/2001/XMLSchema"/></Attribute></Attributes><ChildElements/><ElementName>child</ElementName><required>true</required><NameAttribute z:Ref="i45"/></URDFElement><URDFElement z:Id="i46" i:type="Axis"><Attributes><Attribute z:Id="i47"><AttributeType>xyz</AttributeType><IsRequired>true</IsRequired><Value i:type="a:ArrayOfdouble" xmlns:a="http://schemas.microsoft.com/2003/10/Serialization/Arrays"><a:double>0</a:double><a:double>0</a:double><a:double>0</a:double></Value></Attribute></Attributes><ChildElements/><ElementName>axis</ElementName><required>false</required><XYZAttribute z:Ref="i47"/></URDFElement><URDFElement z:Id="i48" i:type="Limit"><Attributes><Attribute z:Id="i49"><AttributeType>lower</AttributeType><IsRequired>false</IsRequired><Value i:nil="true"/></Attribute><Attribute z:Id="i50"><AttributeType>upper</AttributeType><IsRequired>false</IsRequired><Value i:nil="true"/></Attribute><Attribute z:Id="i51"><AttributeType>effort</AttributeType><IsRequired>true</IsRequired><Value i:nil="true"/></Attribute><Attribute z:Id="i52"><AttributeType>velocity</AttributeType><IsRequired>true</IsRequired><Value i:nil="true"/></Attribute></Attributes><ChildElements/><ElementName>limit</ElementName><required>false</required><EffortAttribute z:Ref="i51"/><LowerAttribute z:Ref="i49"/><UpperAttribute z:Ref="i50"/><VelocityAttribute z:Ref="i52"/></URDFElement><URDFElement z:Id="i53" i:type="Calibration"><Attributes><Attribute z:Id="i54"><AttributeType>rising</AttributeType><IsRequired>false</IsRequired><Value i:nil="true"/></Attribute><Attribute z:Id="i55"><AttributeType>falling</AttributeType><IsRequired>false</IsRequired><Value i:nil="true"/></Attribute></Attributes><ChildElements/><ElementName>calibration</ElementName><required>false</required><FallingAttribute z:Ref="i55"/><RisingAttribute z:Ref="i54"/></URDFElement><URDFElement z:Id="i56" i:type="Dynamics"><Attributes><Attribute z:Id="i57"><AttributeType>damping</AttributeType><IsRequired>false</IsRequired><Value i:nil="true"/></Attribute><Attribute z:Id="i58"><AttributeType>friction</AttributeType><IsRequired>false</IsRequired><Value i:nil="true"/></Attribute></Attributes><ChildElements/><ElementName>dynamics</ElementName><required>false</required><DampingAttribute z:Ref="i57"/><FrictionAttribute z:Ref="i58"/></URDFElement><URDFElement z:Id="i59" i:type="SafetyController"><Attributes><Attribute z:Id="i60"><AttributeType>soft_upper_limit</AttributeType><IsRequired>false</IsRequired><Value i:nil="true"/></Attribute><Attribute z:Id="i61"><AttributeType>soft_lower_limit</AttributeType><IsRequired>false</IsRequired><Value i:nil="true"/></Attribute><Attribute z:Id="i62"><AttributeType>k_position</AttributeType><IsRequired>false</IsRequired><Value i:nil="true"/></Attribute><Attribute z:Id="i63"><AttributeType>k_velocity</AttributeType><IsRequired>true</IsRequired><Value i:nil="true"/></Attribute></Attributes><ChildElements/><ElementName>safety_controller</ElementName><required>false</required><KPositionAttribute z:Ref="i62"/><KVelocityAttribute z:Ref="i63"/><SoftLowerAttribute z:Ref="i61"/><SoftUpperAttribute z:Ref="i60"/></URDFElement><URDFElement z:Id="i64" i:type="Mimic"><Attributes><Attribute z:Id="i65"><AttributeType>joint</AttributeType><IsRequired>true</IsRequired><Value i:nil="true"/></Attribute><Attribute z:Id="i66"><AttributeType>multiplier</AttributeType><IsRequired>false</IsRequired><Value i:nil="true"/></Attribute><Attribute z:Id="i67"><AttributeType>offset</AttributeType><IsRequired>false</IsRequired><Value i:nil="true"/></Attribute></Attributes><ChildElements/><ElementName>mimic</ElementName><required>false</required><JointNameAttribute z:Ref="i65"/><MultiplierAttribute z:Ref="i66"/><OffsetAttribute z:Ref="i67"/></URDFElement></ChildElements><ElementName>joint</ElementName><required>false</required><Axis z:Ref="i46"/><AxisName/><Calibration z:Ref="i53"/><Child z:Ref="i44"/><CoordinateSystemName>base</CoordinateSystemName><Dynamics z:Ref="i56"/><Limit z:Ref="i48"/><Mimic z:Ref="i64"/><NameAttribute z:Ref="i37"/><Origin z:Ref="i39"/><Parent z:Ref="i42"/><Safety z:Ref="i59"/><TypeAttribute z:Ref="i38"/></URDFElement></ChildElements><ElementName>link</ElementName><required>true</required><Children/><Collision z:Ref="i29"/><Inertial z:Ref="i3"/><Joint z:Ref="i36"/><NameAttribute z:Ref="i2"/><Parent i:nil="true"/><STLQualityFine>false</STLQualityFine><SWComponentPIDs xmlns:a="http://schemas.microsoft.com/2003/10/Serialization/Arrays"><a:base64Binary>aEIAAAUAAAD//v8AAAAAAA==</a:base64Binary></SWComponentPIDs><SWMainComponentPID i:nil="true"/><Visual z:Ref="i16"/><isFixedFrame>false</isFixedFrame><isIncomplete>false</isIncomplete></Link>
2026-06-17 11:58:54,917 INFO  AssemblyExportForm.cs: 309 - Saving URDF package to E:\仿真\合成-化学反应站\合成-化学反应站-urdf\粉桶-固体试剂托盘.urdf
2026-06-17 11:58:54,917 INFO  ExportHelper.cs: 147 - Beginning the export process
2026-06-17 11:58:54,918 INFO  ExportHelper.cs: 153 - Creating package directories with name 粉桶-固体试剂托盘.urdf and save path E:\仿真\合成-化学反应站\合成-化学反应站-urdf
2026-06-17 11:58:56,190 INFO  ExportHelper.cs: 162 - Creating CMakeLists.txt at E:\仿真\合成-化学反应站\合成-化学反应站-urdf\粉桶-固体试剂托盘.urdf\CMakeLists.txt
2026-06-17 11:58:56,191 INFO  ExportHelper.cs: 166 - Creating joint names config at E:\仿真\合成-化学反应站\合成-化学反应站-urdf\粉桶-固体试剂托盘.urdf\config\joint_names_粉桶-固体试剂托盘.urdf.yaml
2026-06-17 11:58:56,192 INFO  ExportHelper.cs: 170 - Creating package.xml at E:\仿真\合成-化学反应站\合成-化学反应站-urdf\粉桶-固体试剂托盘.urdf\package.xml
2026-06-17 11:58:56,192 INFO  PackageXMLWriter.cs: 21 - Creating package.xml at E:\仿真\合成-化学反应站\合成-化学反应站-urdf\粉桶-固体试剂托盘.urdf\package.xml
2026-06-17 11:58:56,203 INFO  ExportHelper.cs: 177 - Creating RVIZ launch file in E:\仿真\合成-化学反应站\合成-化学反应站-urdf\粉桶-固体试剂托盘.urdf\launch\
2026-06-17 11:58:56,203 INFO  ExportHelper.cs: 182 - Creating Gazebo launch file in E:\仿真\合成-化学反应站\合成-化学反应站-urdf\粉桶-固体试剂托盘.urdf\launch\
2026-06-17 11:58:56,218 INFO  ExportHelper.cs: 187 - Saving existing STL preferences
2026-06-17 11:58:56,218 INFO  ExportHelper.cs: 450 - Saving users preferences
2026-06-17 11:58:56,218 INFO  ExportHelper.cs: 190 - Modifying STL preferences
2026-06-17 11:58:56,218 INFO  ExportHelper.cs: 464 - Setting STL preferences
2026-06-17 11:58:56,218 INFO  ExportHelper.cs: 196 - Found 0 hidden components 
2026-06-17 11:58:56,226 INFO  ExportHelper.cs: 197 - Hiding all components
2026-06-17 11:58:56,266 INFO  ExportHelper.cs: 204 - Beginning individual files export
2026-06-17 11:58:56,266 INFO  ExportHelper.cs: 270 - Exporting link: base_link
2026-06-17 11:58:56,266 INFO  ExportHelper.cs: 272 - Link base_link has 0 children
2026-06-17 11:58:56,266 INFO  ExportHelper.cs: 317 - base_link: Exporting STL with coordinate frame base
2026-06-17 11:58:56,266 INFO  ExportHelper.cs: 322 - base_link: Reference geometry name 
2026-06-17 11:58:56,295 INFO  ExportHelper.cs: 330 - Saving STL to E:\仿真\合成-化学反应站\合成-化学反应站-urdf\粉桶-固体试剂托盘.urdf\meshes\base_link.STL
2026-06-17 11:58:56,330 INFO  ExportHelper.cs: 405 - Removing SW header in STL file
2026-06-17 11:58:56,330 INFO  ExportHelper.cs: 145 - Showing all components except previously hidden components
2026-06-17 11:58:56,346 INFO  ExportHelper.cs: 145 - Resetting STL preferences
2026-06-17 11:58:56,346 INFO  ExportHelper.cs: 478 - Returning STL preferences to user preferences
2026-06-17 11:58:56,346 INFO  ExportHelper.cs: 228 - Writing URDF file to E:\仿真\合成-化学反应站\合成-化学反应站-urdf\粉桶-固体试剂托盘.urdf\urdf\粉桶-固体试剂托盘.urdf.urdf
2026-06-17 11:58:56,352 INFO  CSVImportExport.cs: 32 - Writing CSV file E:\仿真\合成-化学反应站\合成-化学反应站-urdf\粉桶-固体试剂托盘.urdf\urdf\粉桶-固体试剂托盘.urdf.csv
2026-06-17 11:58:56,352 ERROR CSVImportExport.cs: 130 - The following columns were not written to the CSV: Link.Joint.ChildLink.link,
2026-06-17 11:58:56,362 INFO  ExportHelper.cs: 234 - Copying log file
2026-06-17 11:58:56,362 INFO  ExportHelper.cs: 439 - Copying C:\Users\DP\sw2urdf_logs\sw2urdf.log to E:\仿真\合成-化学反应站\合成-化学反应站-urdf\粉桶-固体试剂托盘.urdf\export.log
2026-06-17 11:58:56,362 INFO  ExportHelper.cs: 237 - Resetting STL preferences
2026-06-17 11:58:56,362 INFO  ExportHelper.cs: 478 - Returning STL preferences to user preferences
2026-06-17 12:03:19,080 INFO  SwAddin.cs: 294 - Assembly export called for file 装配体6^DXJ20220201-02.07-00 快换定位组件-X.SLDASM
2026-06-17 12:03:19,081 INFO  SwAddin.cs: 299 - Save is required
2026-06-17 12:03:19,082 INFO  SwAddin.cs: 313 - Saving assembly
2026-06-17 12:03:19,266 INFO  SwAddin.cs: 316 - Opening property manager
2026-06-17 12:03:19,266 INFO  ExportHelperExtension.cs: 1125 - Retrieving features of type [CoordSys] from 装配体6^DXJ20220201-02.07-00 快换定位组件-X.SLDASM
2026-06-17 12:03:19,267 INFO  ExportHelperExtension.cs: 1136 - Found 31 in 装配体6^DXJ20220201-02.07-00 快换定位组件-X.SLDASM
2026-06-17 12:03:19,267 INFO  ExportHelperExtension.cs: 1145 - Found 1 features of type [CoordSys] in 装配体6^DXJ20220201-02.07-00 快换定位组件-X.SLDASM
2026-06-17 12:03:19,269 INFO  ExportHelperExtension.cs: 1148 - Proceeding through assembly components
2026-06-17 12:03:19,312 INFO  ExportHelperExtension.cs: 1160 - 4 components to check
2026-06-17 12:03:19,312 INFO  ExportHelperExtension.cs: 1125 - Retrieving features of type [CoordSys] from DXJ20220201-02.07-03 快换定位板-X(默认_按加工_)-1
2026-06-17 12:03:19,312 INFO  ExportHelperExtension.cs: 1136 - Found 27 in DXJ20220201-02.07-03 快换定位板-X(默认_按加工_)-1
2026-06-17 12:03:19,312 INFO  ExportHelperExtension.cs: 1145 - Found 0 features of type [CoordSys] in DXJ20220201-02.07-03 快换定位板-X(默认_按加工_)-1
2026-06-17 12:03:19,312 INFO  ExportHelperExtension.cs: 1125 - Retrieving features of type [CoordSys] from DXJ20220201-02.07-01 快换底板-X(默认_按加工_)-1
2026-06-17 12:03:19,312 INFO  ExportHelperExtension.cs: 1136 - Found 27 in DXJ20220201-02.07-01 快换底板-X(默认_按加工_)-1
2026-06-17 12:03:19,314 INFO  ExportHelperExtension.cs: 1145 - Found 0 features of type [CoordSys] in DXJ20220201-02.07-01 快换底板-X(默认_按加工_)-1
2026-06-17 12:03:19,314 INFO  ExportHelperExtension.cs: 1125 - Retrieving features of type [CoordSys] from DXJ20220201-02.07-02 快换立板-X(默认_按加工_)-1
2026-06-17 12:03:19,314 INFO  ExportHelperExtension.cs: 1136 - Found 27 in DXJ20220201-02.07-02 快换立板-X(默认_按加工_)-1
2026-06-17 12:03:19,314 INFO  ExportHelperExtension.cs: 1145 - Found 0 features of type [CoordSys] in DXJ20220201-02.07-02 快换立板-X(默认_按加工_)-1
2026-06-17 12:03:19,314 INFO  ExportHelperExtension.cs: 1125 - Retrieving features of type [CoordSys] from DXJ20220201-02.07-02 快换立板-X(默认_按加工_)-2
2026-06-17 12:03:19,314 INFO  ExportHelperExtension.cs: 1136 - Found 27 in DXJ20220201-02.07-02 快换立板-X(默认_按加工_)-2
2026-06-17 12:03:19,314 INFO  ExportHelperExtension.cs: 1145 - Found 0 features of type [CoordSys] in DXJ20220201-02.07-02 快换立板-X(默认_按加工_)-2
2026-06-17 12:03:19,314 INFO  ExportHelperExtension.cs: 1125 - Retrieving features of type [RefAxis] from 装配体6^DXJ20220201-02.07-00 快换定位组件-X.SLDASM
2026-06-17 12:03:19,314 INFO  ExportHelperExtension.cs: 1136 - Found 31 in 装配体6^DXJ20220201-02.07-00 快换定位组件-X.SLDASM
2026-06-17 12:03:19,316 INFO  ExportHelperExtension.cs: 1145 - Found 3 features of type [RefAxis] in 装配体6^DXJ20220201-02.07-00 快换定位组件-X.SLDASM
2026-06-17 12:03:19,316 INFO  ExportHelperExtension.cs: 1148 - Proceeding through assembly components
2026-06-17 12:03:19,316 INFO  ExportHelperExtension.cs: 1160 - 4 components to check
2026-06-17 12:03:19,316 INFO  ExportHelperExtension.cs: 1125 - Retrieving features of type [RefAxis] from DXJ20220201-02.07-03 快换定位板-X(默认_按加工_)-1
2026-06-17 12:03:19,316 INFO  ExportHelperExtension.cs: 1136 - Found 27 in DXJ20220201-02.07-03 快换定位板-X(默认_按加工_)-1
2026-06-17 12:03:19,316 INFO  ExportHelperExtension.cs: 1145 - Found 0 features of type [RefAxis] in DXJ20220201-02.07-03 快换定位板-X(默认_按加工_)-1
2026-06-17 12:03:19,316 INFO  ExportHelperExtension.cs: 1125 - Retrieving features of type [RefAxis] from DXJ20220201-02.07-01 快换底板-X(默认_按加工_)-1
2026-06-17 12:03:19,316 INFO  ExportHelperExtension.cs: 1136 - Found 27 in DXJ20220201-02.07-01 快换底板-X(默认_按加工_)-1
2026-06-17 12:03:19,316 INFO  ExportHelperExtension.cs: 1145 - Found 0 features of type [RefAxis] in DXJ20220201-02.07-01 快换底板-X(默认_按加工_)-1
2026-06-17 12:03:19,318 INFO  ExportHelperExtension.cs: 1125 - Retrieving features of type [RefAxis] from DXJ20220201-02.07-02 快换立板-X(默认_按加工_)-1
2026-06-17 12:03:19,318 INFO  ExportHelperExtension.cs: 1136 - Found 27 in DXJ20220201-02.07-02 快换立板-X(默认_按加工_)-1
2026-06-17 12:03:19,318 INFO  ExportHelperExtension.cs: 1145 - Found 0 features of type [RefAxis] in DXJ20220201-02.07-02 快换立板-X(默认_按加工_)-1
2026-06-17 12:03:19,318 INFO  ExportHelperExtension.cs: 1125 - Retrieving features of type [RefAxis] from DXJ20220201-02.07-02 快换立板-X(默认_按加工_)-2
2026-06-17 12:03:19,318 INFO  ExportHelperExtension.cs: 1136 - Found 27 in DXJ20220201-02.07-02 快换立板-X(默认_按加工_)-2
2026-06-17 12:03:19,318 INFO  ExportHelperExtension.cs: 1145 - Found 0 features of type [RefAxis] in DXJ20220201-02.07-02 快换立板-X(默认_按加工_)-2
2026-06-17 12:03:19,426 INFO  SwAddin.cs: 339 - Loading config tree
2026-06-17 12:03:19,427 INFO  ExportPropertyManagerExtension.cs: 520 - Starting new configuration
2026-06-17 12:03:19,428 INFO  SwAddin.cs: 344 - Showing property manager
2026-06-17 12:03:23,228 INFO  ExportPropertyManager.cs: 1018 - OnComboboxSelectionChanged called. This method no longer throws an Exception. It just silently does nothing. Ok, except for this logging message
2026-06-17 12:03:25,510 INFO  ExportPropertyManager.cs: 422 - Configuration saved
2026-06-17 12:03:25,615 INFO  ExportHelperExtension.cs: 1125 - Retrieving features of type [CoordSys] from 装配体6^DXJ20220201-02.07-00 快换定位组件-X.SLDASM
2026-06-17 12:03:25,616 INFO  ExportHelperExtension.cs: 1136 - Found 32 in 装配体6^DXJ20220201-02.07-00 快换定位组件-X.SLDASM
2026-06-17 12:03:25,616 INFO  ExportHelperExtension.cs: 1145 - Found 1 features of type [CoordSys] in 装配体6^DXJ20220201-02.07-00 快换定位组件-X.SLDASM
2026-06-17 12:03:25,616 INFO  ExportHelperExtension.cs: 1148 - Proceeding through assembly components
2026-06-17 12:03:25,616 INFO  ExportHelperExtension.cs: 1160 - 4 components to check
2026-06-17 12:03:25,616 INFO  ExportHelperExtension.cs: 1125 - Retrieving features of type [CoordSys] from DXJ20220201-02.07-03 快换定位板-X(默认_按加工_)-1
2026-06-17 12:03:25,617 INFO  ExportHelperExtension.cs: 1136 - Found 27 in DXJ20220201-02.07-03 快换定位板-X(默认_按加工_)-1
2026-06-17 12:03:25,617 INFO  ExportHelperExtension.cs: 1145 - Found 0 features of type [CoordSys] in DXJ20220201-02.07-03 快换定位板-X(默认_按加工_)-1
2026-06-17 12:03:25,617 INFO  ExportHelperExtension.cs: 1125 - Retrieving features of type [CoordSys] from DXJ20220201-02.07-01 快换底板-X(默认_按加工_)-1
2026-06-17 12:03:25,617 INFO  ExportHelperExtension.cs: 1136 - Found 27 in DXJ20220201-02.07-01 快换底板-X(默认_按加工_)-1
2026-06-17 12:03:25,617 INFO  ExportHelperExtension.cs: 1145 - Found 0 features of type [CoordSys] in DXJ20220201-02.07-01 快换底板-X(默认_按加工_)-1
2026-06-17 12:03:25,617 INFO  ExportHelperExtension.cs: 1125 - Retrieving features of type [CoordSys] from DXJ20220201-02.07-02 快换立板-X(默认_按加工_)-1
2026-06-17 12:03:25,619 INFO  ExportHelperExtension.cs: 1136 - Found 27 in DXJ20220201-02.07-02 快换立板-X(默认_按加工_)-1
2026-06-17 12:03:25,619 INFO  ExportHelperExtension.cs: 1145 - Found 0 features of type [CoordSys] in DXJ20220201-02.07-02 快换立板-X(默认_按加工_)-1
2026-06-17 12:03:25,619 INFO  ExportHelperExtension.cs: 1125 - Retrieving features of type [CoordSys] from DXJ20220201-02.07-02 快换立板-X(默认_按加工_)-2
2026-06-17 12:03:25,619 INFO  ExportHelperExtension.cs: 1136 - Found 27 in DXJ20220201-02.07-02 快换立板-X(默认_按加工_)-2
2026-06-17 12:03:25,619 INFO  ExportHelperExtension.cs: 1145 - Found 0 features of type [CoordSys] in DXJ20220201-02.07-02 快换立板-X(默认_按加工_)-2
2026-06-17 12:03:25,619 INFO  ExportHelperExtension.cs: 1125 - Retrieving features of type [RefAxis] from 装配体6^DXJ20220201-02.07-00 快换定位组件-X.SLDASM
2026-06-17 12:03:25,620 INFO  ExportHelperExtension.cs: 1136 - Found 32 in 装配体6^DXJ20220201-02.07-00 快换定位组件-X.SLDASM
2026-06-17 12:03:25,620 INFO  ExportHelperExtension.cs: 1145 - Found 3 features of type [RefAxis] in 装配体6^DXJ20220201-02.07-00 快换定位组件-X.SLDASM
2026-06-17 12:03:25,620 INFO  ExportHelperExtension.cs: 1148 - Proceeding through assembly components
2026-06-17 12:03:25,620 INFO  ExportHelperExtension.cs: 1160 - 4 components to check
2026-06-17 12:03:25,620 INFO  ExportHelperExtension.cs: 1125 - Retrieving features of type [RefAxis] from DXJ20220201-02.07-03 快换定位板-X(默认_按加工_)-1
2026-06-17 12:03:25,620 INFO  ExportHelperExtension.cs: 1136 - Found 27 in DXJ20220201-02.07-03 快换定位板-X(默认_按加工_)-1
2026-06-17 12:03:25,621 INFO  ExportHelperExtension.cs: 1145 - Found 0 features of type [RefAxis] in DXJ20220201-02.07-03 快换定位板-X(默认_按加工_)-1
2026-06-17 12:03:25,621 INFO  ExportHelperExtension.cs: 1125 - Retrieving features of type [RefAxis] from DXJ20220201-02.07-01 快换底板-X(默认_按加工_)-1
2026-06-17 12:03:25,621 INFO  ExportHelperExtension.cs: 1136 - Found 27 in DXJ20220201-02.07-01 快换底板-X(默认_按加工_)-1
2026-06-17 12:03:25,621 INFO  ExportHelperExtension.cs: 1145 - Found 0 features of type [RefAxis] in DXJ20220201-02.07-01 快换底板-X(默认_按加工_)-1
2026-06-17 12:03:25,621 INFO  ExportHelperExtension.cs: 1125 - Retrieving features of type [RefAxis] from DXJ20220201-02.07-02 快换立板-X(默认_按加工_)-1
2026-06-17 12:03:25,621 INFO  ExportHelperExtension.cs: 1136 - Found 27 in DXJ20220201-02.07-02 快换立板-X(默认_按加工_)-1
2026-06-17 12:03:25,623 INFO  ExportHelperExtension.cs: 1145 - Found 0 features of type [RefAxis] in DXJ20220201-02.07-02 快换立板-X(默认_按加工_)-1
2026-06-17 12:03:25,623 INFO  ExportHelperExtension.cs: 1125 - Retrieving features of type [RefAxis] from DXJ20220201-02.07-02 快换立板-X(默认_按加工_)-2
2026-06-17 12:03:25,623 INFO  ExportHelperExtension.cs: 1136 - Found 27 in DXJ20220201-02.07-02 快换立板-X(默认_按加工_)-2
2026-06-17 12:03:25,623 INFO  ExportHelperExtension.cs: 1145 - Found 0 features of type [RefAxis] in DXJ20220201-02.07-02 快换立板-X(默认_按加工_)-2
2026-06-17 12:03:25,647 INFO  ExportPropertyManager.cs: 1142 - AfterClose called. This method no longer throws an Exception. It just silently does nothing. Ok, except for this logging message
2026-06-17 12:03:31,439 INFO  AssemblyExportForm.cs: 253 - Completing URDF export
2026-06-17 12:03:31,439 INFO  ConfigurationSerialization.cs: 276 - URDF Configuration found
<Link z:Id="i1" xmlns="http://schemas.datacontract.org/2004/07/SW2URDF" xmlns:i="http://www.w3.org/2001/XMLSchema-instance" xmlns:z="http://schemas.microsoft.com/2003/10/Serialization/"><Attributes><Attribute z:Id="i2"><AttributeType>name</AttributeType><IsRequired>true</IsRequired><Value i:type="a:string" xmlns:a="http://www.w3.org/2001/XMLSchema">base_link</Value></Attribute></Attributes><ChildElements><URDFElement z:Id="i3" i:type="Inertial"><Attributes/><ChildElements><URDFElement z:Id="i4" i:type="Origin"><Attributes><Attribute z:Id="i5"><AttributeType>xyz</AttributeType><IsRequired>true</IsRequired><Value i:type="a:ArrayOfdouble" xmlns:a="http://schemas.microsoft.com/2003/10/Serialization/Arrays"><a:double>0</a:double><a:double>0</a:double><a:double>0</a:double></Value></Attribute><Attribute z:Id="i6"><AttributeType>rpy</AttributeType><IsRequired>true</IsRequired><Value i:type="a:ArrayOfdouble" xmlns:a="http://schemas.microsoft.com/2003/10/Serialization/Arrays"><a:double>0</a:double><a:double>0</a:double><a:double>0</a:double></Value></Attribute></Attributes><ChildElements/><ElementName>origin</ElementName><required>false</required><RPYAttribute z:Ref="i6"/><XYZAttribute z:Ref="i5"/><isCustomized>false</isCustomized></URDFElement><URDFElement z:Id="i7" i:type="Mass"><Attributes><Attribute z:Id="i8"><AttributeType>value</AttributeType><IsRequired>true</IsRequired><Value i:type="a:double" xmlns:a="http://www.w3.org/2001/XMLSchema">0</Value></Attribute></Attributes><ChildElements/><ElementName>mass</ElementName><required>false</required><ValueAttribute z:Ref="i8"/></URDFElement><URDFElement z:Id="i9" i:type="Inertia"><Attributes><Attribute z:Id="i10"><AttributeType>ixx</AttributeType><IsRequired>true</IsRequired><Value i:type="a:double" xmlns:a="http://www.w3.org/2001/XMLSchema">0</Value></Attribute><Attribute z:Id="i11"><AttributeType>ixy</AttributeType><IsRequired>true</IsRequired><Value i:type="a:double" xmlns:a="http://www.w3.org/2001/XMLSchema">0</Value></Attribute><Attribute z:Id="i12"><AttributeType>ixz</AttributeType><IsRequired>true</IsRequired><Value i:type="a:double" xmlns:a="http://www.w3.org/2001/XMLSchema">0</Value></Attribute><Attribute z:Id="i13"><AttributeType>iyy</AttributeType><IsRequired>true</IsRequired><Value i:type="a:double" xmlns:a="http://www.w3.org/2001/XMLSchema">0</Value></Attribute><Attribute z:Id="i14"><AttributeType>iyz</AttributeType><IsRequired>true</IsRequired><Value i:type="a:double" xmlns:a="http://www.w3.org/2001/XMLSchema">0</Value></Attribute><Attribute z:Id="i15"><AttributeType>izz</AttributeType><IsRequired>true</IsRequired><Value i:type="a:double" xmlns:a="http://www.w3.org/2001/XMLSchema">0</Value></Attribute></Attributes><ChildElements/><ElementName>inertia</ElementName><required>false</required><IxxAttribute z:Ref="i10"/><IxyAttribute z:Ref="i11"/><IxzAttribute z:Ref="i12"/><IyyAttribute z:Ref="i13"/><IyzAttribute z:Ref="i14"/><IzzAttribute z:Ref="i15"/></URDFElement></ChildElements><ElementName>inertial</ElementName><required>false</required><Inertia z:Ref="i9"/><Mass z:Ref="i7"/><Origin z:Ref="i4"/></URDFElement><URDFElement z:Id="i16" i:type="Visual"><Attributes/><ChildElements><URDFElement z:Id="i17" i:type="Origin"><Attributes><Attribute z:Id="i18"><AttributeType>xyz</AttributeType><IsRequired>true</IsRequired><Value i:type="a:ArrayOfdouble" xmlns:a="http://schemas.microsoft.com/2003/10/Serialization/Arrays"><a:double>0</a:double><a:double>0</a:double><a:double>0</a:double></Value></Attribute><Attribute z:Id="i19"><AttributeType>rpy</AttributeType><IsRequired>true</IsRequired><Value i:type="a:ArrayOfdouble" xmlns:a="http://schemas.microsoft.com/2003/10/Serialization/Arrays"><a:double>0</a:double><a:double>0</a:double><a:double>0</a:double></Value></Attribute></Attributes><ChildElements/><ElementName>origin</ElementName><required>false</required><RPYAttribute z:Ref="i19"/><XYZAttribute z:Ref="i18"/><isCustomized>false</isCustomized></URDFElement><URDFElement z:Id="i20" i:type="Geometry"><Attributes/><ChildElements><URDFElement z:Id="i21" i:type="Mesh"><Attributes><Attribute z:Id="i22"><AttributeType>filename</AttributeType><IsRequired>true</IsRequired><Value i:nil="true"/></Attribute></Attributes><ChildElements/><ElementName>mesh</ElementName><required>false</required><FilenameAttribute z:Ref="i22"/></URDFElement></ChildElements><ElementName>geometry</ElementName><required>true</required><Mesh z:Ref="i21"/></URDFElement><URDFElement z:Id="i23" i:type="Material"><Attributes><Attribute z:Id="i24"><AttributeType>name</AttributeType><IsRequired>true</IsRequired><Value i:type="a:string" xmlns:a="http://www.w3.org/2001/XMLSchema"/></Attribute></Attributes><ChildElements><URDFElement z:Id="i25" i:type="Color"><Attributes><Attribute z:Id="i26"><AttributeType>rgba</AttributeType><IsRequired>true</IsRequired><Value i:type="a:ArrayOfdouble" xmlns:a="http://schemas.microsoft.com/2003/10/Serialization/Arrays"><a:double>1</a:double><a:double>1</a:double><a:double>1</a:double><a:double>1</a:double></Value></Attribute></Attributes><ChildElements/><ElementName>color</ElementName><required>false</required><RGBAAttribute z:Ref="i26"/></URDFElement><URDFElement z:Id="i27" i:type="Texture"><Attributes><Attribute z:Id="i28"><AttributeType>filename</AttributeType><IsRequired>true</IsRequired><Value i:nil="true"/></Attribute></Attributes><ChildElements/><ElementName>texture</ElementName><required>false</required><FilenameAttribute z:Ref="i28"/><wFilename/></URDFElement></ChildElements><ElementName>material</ElementName><required>false</required><Color z:Ref="i25"/><NameAttribute z:Ref="i24"/><Texture z:Ref="i27"/></URDFElement></ChildElements><ElementName>visual</ElementName><required>false</required><Geometry z:Ref="i20"/><Material z:Ref="i23"/><Origin z:Ref="i17"/></URDFElement><URDFElement z:Id="i29" i:type="Collision"><Attributes/><ChildElements><URDFElement z:Id="i30" i:type="Origin"><Attributes><Attribute z:Id="i31"><AttributeType>xyz</AttributeType><IsRequired>true</IsRequired><Value i:type="a:ArrayOfdouble" xmlns:a="http://schemas.microsoft.com/2003/10/Serialization/Arrays"><a:double>0</a:double><a:double>0</a:double><a:double>0</a:double></Value></Attribute><Attribute z:Id="i32"><AttributeType>rpy</AttributeType><IsRequired>true</IsRequired><Value i:type="a:ArrayOfdouble" xmlns:a="http://schemas.microsoft.com/2003/10/Serialization/Arrays"><a:double>0</a:double><a:double>0</a:double><a:double>0</a:double></Value></Attribute></Attributes><ChildElements/><ElementName>origin</ElementName><required>false</required><RPYAttribute z:Ref="i32"/><XYZAttribute z:Ref="i31"/><isCustomized>false</isCustomized></URDFElement><URDFElement z:Id="i33" i:type="Geometry"><Attributes/><ChildElements><URDFElement z:Id="i34" i:type="Mesh"><Attributes><Attribute z:Id="i35"><AttributeType>filename</AttributeType><IsRequired>true</IsRequired><Value i:nil="true"/></Attribute></Attributes><ChildElements/><ElementName>mesh</ElementName><required>false</required><FilenameAttribute z:Ref="i35"/></URDFElement></ChildElements><ElementName>geometry</ElementName><required>true</required><Mesh z:Ref="i34"/></URDFElement></ChildElements><ElementName>collision</ElementName><required>false</required><Geometry z:Ref="i33"/><Origin z:Ref="i30"/></URDFElement><URDFElement z:Id="i36" i:type="Joint"><Attributes><Attribute z:Id="i37"><AttributeType>name</AttributeType><IsRequired>true</IsRequired><Value i:type="a:string" xmlns:a="http://www.w3.org/2001/XMLSchema"/></Attribute><Attribute z:Id="i38"><AttributeType>type</AttributeType><IsRequired>true</IsRequired><Value i:type="a:string" xmlns:a="http://www.w3.org/2001/XMLSchema"/></Attribute></Attributes><ChildElements><URDFElement z:Id="i39" i:type="Origin"><Attributes><Attribute z:Id="i40"><AttributeType>xyz</AttributeType><IsRequired>true</IsRequired><Value i:type="a:ArrayOfdouble" xmlns:a="http://schemas.microsoft.com/2003/10/Serialization/Arrays"><a:double>0</a:double><a:double>0</a:double><a:double>0</a:double></Value></Attribute><Attribute z:Id="i41"><AttributeType>rpy</AttributeType><IsRequired>true</IsRequired><Value i:type="a:ArrayOfdouble" xmlns:a="http://schemas.microsoft.com/2003/10/Serialization/Arrays"><a:double>0</a:double><a:double>0</a:double><a:double>0</a:double></Value></Attribute></Attributes><ChildElements/><ElementName>origin</ElementName><required>false</required><RPYAttribute z:Ref="i41"/><XYZAttribute z:Ref="i40"/><isCustomized>false</isCustomized></URDFElement><URDFElement z:Id="i42" i:type="ParentLink"><Attributes><Attribute z:Id="i43"><AttributeType>link</AttributeType><IsRequired>true</IsRequired><Value i:type="a:string" xmlns:a="http://www.w3.org/2001/XMLSchema"/></Attribute></Attributes><ChildElements/><ElementName>parent</ElementName><required>true</required><NameAttribute z:Ref="i43"/></URDFElement><URDFElement z:Id="i44" i:type="ChildLink"><Attributes><Attribute z:Id="i45"><AttributeType>link</AttributeType><IsRequired>true</IsRequired><Value i:type="a:string" xmlns:a="http://www.w3.org/2001/XMLSchema"/></Attribute></Attributes><ChildElements/><ElementName>child</ElementName><required>true</required><NameAttribute z:Ref="i45"/></URDFElement><URDFElement z:Id="i46" i:type="Axis"><Attributes><Attribute z:Id="i47"><AttributeType>xyz</AttributeType><IsRequired>true</IsRequired><Value i:type="a:ArrayOfdouble" xmlns:a="http://schemas.microsoft.com/2003/10/Serialization/Arrays"><a:double>0</a:double><a:double>0</a:double><a:double>0</a:double></Value></Attribute></Attributes><ChildElements/><ElementName>axis</ElementName><required>false</required><XYZAttribute z:Ref="i47"/></URDFElement><URDFElement z:Id="i48" i:type="Limit"><Attributes><Attribute z:Id="i49"><AttributeType>lower</AttributeType><IsRequired>false</IsRequired><Value i:nil="true"/></Attribute><Attribute z:Id="i50"><AttributeType>upper</AttributeType><IsRequired>false</IsRequired><Value i:nil="true"/></Attribute><Attribute z:Id="i51"><AttributeType>effort</AttributeType><IsRequired>true</IsRequired><Value i:nil="true"/></Attribute><Attribute z:Id="i52"><AttributeType>velocity</AttributeType><IsRequired>true</IsRequired><Value i:nil="true"/></Attribute></Attributes><ChildElements/><ElementName>limit</ElementName><required>false</required><EffortAttribute z:Ref="i51"/><LowerAttribute z:Ref="i49"/><UpperAttribute z:Ref="i50"/><VelocityAttribute z:Ref="i52"/></URDFElement><URDFElement z:Id="i53" i:type="Calibration"><Attributes><Attribute z:Id="i54"><AttributeType>rising</AttributeType><IsRequired>false</IsRequired><Value i:nil="true"/></Attribute><Attribute z:Id="i55"><AttributeType>falling</AttributeType><IsRequired>false</IsRequired><Value i:nil="true"/></Attribute></Attributes><ChildElements/><ElementName>calibration</ElementName><required>false</required><FallingAttribute z:Ref="i55"/><RisingAttribute z:Ref="i54"/></URDFElement><URDFElement z:Id="i56" i:type="Dynamics"><Attributes><Attribute z:Id="i57"><AttributeType>damping</AttributeType><IsRequired>false</IsRequired><Value i:nil="true"/></Attribute><Attribute z:Id="i58"><AttributeType>friction</AttributeType><IsRequired>false</IsRequired><Value i:nil="true"/></Attribute></Attributes><ChildElements/><ElementName>dynamics</ElementName><required>false</required><DampingAttribute z:Ref="i57"/><FrictionAttribute z:Ref="i58"/></URDFElement><URDFElement z:Id="i59" i:type="SafetyController"><Attributes><Attribute z:Id="i60"><AttributeType>soft_upper_limit</AttributeType><IsRequired>false</IsRequired><Value i:nil="true"/></Attribute><Attribute z:Id="i61"><AttributeType>soft_lower_limit</AttributeType><IsRequired>false</IsRequired><Value i:nil="true"/></Attribute><Attribute z:Id="i62"><AttributeType>k_position</AttributeType><IsRequired>false</IsRequired><Value i:nil="true"/></Attribute><Attribute z:Id="i63"><AttributeType>k_velocity</AttributeType><IsRequired>true</IsRequired><Value i:nil="true"/></Attribute></Attributes><ChildElements/><ElementName>safety_controller</ElementName><required>false</required><KPositionAttribute z:Ref="i62"/><KVelocityAttribute z:Ref="i63"/><SoftLowerAttribute z:Ref="i61"/><SoftUpperAttribute z:Ref="i60"/></URDFElement><URDFElement z:Id="i64" i:type="Mimic"><Attributes><Attribute z:Id="i65"><AttributeType>joint</AttributeType><IsRequired>true</IsRequired><Value i:nil="true"/></Attribute><Attribute z:Id="i66"><AttributeType>multiplier</AttributeType><IsRequired>false</IsRequired><Value i:nil="true"/></Attribute><Attribute z:Id="i67"><AttributeType>offset</AttributeType><IsRequired>false</IsRequired><Value i:nil="true"/></Attribute></Attributes><ChildElements/><ElementName>mimic</ElementName><required>false</required><JointNameAttribute z:Ref="i65"/><MultiplierAttribute z:Ref="i66"/><OffsetAttribute z:Ref="i67"/></URDFElement></ChildElements><ElementName>joint</ElementName><required>false</required><Axis z:Ref="i46"/><AxisName/><Calibration z:Ref="i53"/><Child z:Ref="i44"/><CoordinateSystemName>base</CoordinateSystemName><Dynamics z:Ref="i56"/><Limit z:Ref="i48"/><Mimic z:Ref="i64"/><NameAttribute z:Ref="i37"/><Origin z:Ref="i39"/><Parent z:Ref="i42"/><Safety z:Ref="i59"/><TypeAttribute z:Ref="i38"/></URDFElement></ChildElements><ElementName>link</ElementName><required>true</required><Children/><Collision z:Ref="i29"/><Inertial z:Ref="i3"/><Joint z:Ref="i36"/><NameAttribute z:Ref="i2"/><Parent i:nil="true"/><STLQualityFine>false</STLQualityFine><SWComponentPIDs xmlns:a="http://schemas.microsoft.com/2003/10/Serialization/Arrays"><a:base64Binary>aEIAAAUAAAD//v8AAAAAAA==</a:base64Binary></SWComponentPIDs><SWMainComponentPID i:nil="true"/><Visual z:Ref="i16"/><isFixedFrame>false</isFixedFrame><isIncomplete>false</isIncomplete></Link>
2026-06-17 12:03:58,037 INFO  AssemblyExportForm.cs: 309 - Saving URDF package to E:\仿真\合成-化学反应站\合成-化学反应站-urdf\快换定位组件.urdf
2026-06-17 12:03:58,037 INFO  ExportHelper.cs: 147 - Beginning the export process
2026-06-17 12:03:58,038 INFO  ExportHelper.cs: 153 - Creating package directories with name 快换定位组件.urdf and save path E:\仿真\合成-化学反应站\合成-化学反应站-urdf
2026-06-17 12:03:59,171 INFO  ExportHelper.cs: 162 - Creating CMakeLists.txt at E:\仿真\合成-化学反应站\合成-化学反应站-urdf\快换定位组件.urdf\CMakeLists.txt
2026-06-17 12:03:59,173 INFO  ExportHelper.cs: 166 - Creating joint names config at E:\仿真\合成-化学反应站\合成-化学反应站-urdf\快换定位组件.urdf\config\joint_names_快换定位组件.urdf.yaml
2026-06-17 12:03:59,173 INFO  ExportHelper.cs: 170 - Creating package.xml at E:\仿真\合成-化学反应站\合成-化学反应站-urdf\快换定位组件.urdf\package.xml
2026-06-17 12:03:59,173 INFO  PackageXMLWriter.cs: 21 - Creating package.xml at E:\仿真\合成-化学反应站\合成-化学反应站-urdf\快换定位组件.urdf\package.xml
2026-06-17 12:03:59,190 INFO  ExportHelper.cs: 177 - Creating RVIZ launch file in E:\仿真\合成-化学反应站\合成-化学反应站-urdf\快换定位组件.urdf\launch\
2026-06-17 12:03:59,192 INFO  ExportHelper.cs: 182 - Creating Gazebo launch file in E:\仿真\合成-化学反应站\合成-化学反应站-urdf\快换定位组件.urdf\launch\
2026-06-17 12:03:59,202 INFO  ExportHelper.cs: 187 - Saving existing STL preferences
2026-06-17 12:03:59,202 INFO  ExportHelper.cs: 450 - Saving users preferences
2026-06-17 12:03:59,202 INFO  ExportHelper.cs: 190 - Modifying STL preferences
2026-06-17 12:03:59,202 INFO  ExportHelper.cs: 464 - Setting STL preferences
2026-06-17 12:03:59,218 INFO  ExportHelper.cs: 196 - Found 0 hidden components 
2026-06-17 12:03:59,218 INFO  ExportHelper.cs: 197 - Hiding all components
2026-06-17 12:03:59,252 INFO  ExportHelper.cs: 204 - Beginning individual files export
2026-06-17 12:03:59,252 INFO  ExportHelper.cs: 270 - Exporting link: base_link
2026-06-17 12:03:59,252 INFO  ExportHelper.cs: 272 - Link base_link has 0 children
2026-06-17 12:03:59,252 INFO  ExportHelper.cs: 317 - base_link: Exporting STL with coordinate frame base
2026-06-17 12:03:59,252 INFO  ExportHelper.cs: 322 - base_link: Reference geometry name 
2026-06-17 12:03:59,281 INFO  ExportHelper.cs: 330 - Saving STL to E:\仿真\合成-化学反应站\合成-化学反应站-urdf\快换定位组件.urdf\meshes\base_link.STL
2026-06-17 12:03:59,315 INFO  ExportHelper.cs: 405 - Removing SW header in STL file
2026-06-17 12:03:59,315 INFO  ExportHelper.cs: 145 - Showing all components except previously hidden components
2026-06-17 12:03:59,322 INFO  ExportHelper.cs: 145 - Resetting STL preferences
2026-06-17 12:03:59,322 INFO  ExportHelper.cs: 478 - Returning STL preferences to user preferences
2026-06-17 12:03:59,322 INFO  ExportHelper.cs: 228 - Writing URDF file to E:\仿真\合成-化学反应站\合成-化学反应站-urdf\快换定位组件.urdf\urdf\快换定位组件.urdf.urdf
2026-06-17 12:03:59,322 INFO  CSVImportExport.cs: 32 - Writing CSV file E:\仿真\合成-化学反应站\合成-化学反应站-urdf\快换定位组件.urdf\urdf\快换定位组件.urdf.csv
2026-06-17 12:03:59,338 ERROR CSVImportExport.cs: 130 - The following columns were not written to the CSV: Link.Joint.ChildLink.link,
2026-06-17 12:03:59,338 INFO  ExportHelper.cs: 234 - Copying log file
2026-06-17 12:03:59,338 INFO  ExportHelper.cs: 439 - Copying C:\Users\DP\sw2urdf_logs\sw2urdf.log to E:\仿真\合成-化学反应站\合成-化学反应站-urdf\快换定位组件.urdf\export.log
2026-06-17 12:03:59,338 INFO  ExportHelper.cs: 237 - Resetting STL preferences
2026-06-17 12:03:59,338 INFO  ExportHelper.cs: 478 - Returning STL preferences to user preferences
2026-06-17 12:29:12,159 INFO  SwAddin.cs: 294 - Assembly export called for file 装配体8^拧盖抓手.SLDASM
2026-06-17 12:29:12,160 INFO  SwAddin.cs: 299 - Save is required
2026-06-17 12:29:12,160 INFO  SwAddin.cs: 313 - Saving assembly
2026-06-17 12:29:12,521 INFO  SwAddin.cs: 316 - Opening property manager
2026-06-17 12:29:12,522 INFO  ExportHelperExtension.cs: 1125 - Retrieving features of type [CoordSys] from 装配体8^拧盖抓手.SLDASM
2026-06-17 12:29:12,522 INFO  ExportHelperExtension.cs: 1136 - Found 48 in 装配体8^拧盖抓手.SLDASM
2026-06-17 12:29:12,523 INFO  ExportHelperExtension.cs: 1145 - Found 6 features of type [CoordSys] in 装配体8^拧盖抓手.SLDASM
2026-06-17 12:29:12,523 INFO  ExportHelperExtension.cs: 1148 - Proceeding through assembly components
2026-06-17 12:29:12,523 INFO  ExportHelperExtension.cs: 1160 - 6 components to check
2026-06-17 12:29:12,523 INFO  ExportHelperExtension.cs: 1125 - Retrieving features of type [CoordSys] from RGIC-100-35-O-S_简易模型_20250108-1
2026-06-17 12:29:12,524 INFO  ExportHelperExtension.cs: 1136 - Found 23 in RGIC-100-35-O-S_简易模型_20250108-1
2026-06-17 12:29:12,524 INFO  ExportHelperExtension.cs: 1145 - Found 0 features of type [CoordSys] in RGIC-100-35-O-S_简易模型_20250108-1
2026-06-17 12:29:12,524 INFO  ExportHelperExtension.cs: 1125 - Retrieving features of type [CoordSys] from 12公斤工具盘 快换(默认_按加工_)-1
2026-06-17 12:29:12,524 INFO  ExportHelperExtension.cs: 1136 - Found 27 in 12公斤工具盘 快换(默认_按加工_)-1
2026-06-17 12:29:12,525 INFO  ExportHelperExtension.cs: 1145 - Found 0 features of type [CoordSys] in 12公斤工具盘 快换(默认_按加工_)-1
2026-06-17 12:29:12,525 INFO  ExportHelperExtension.cs: 1125 - Retrieving features of type [CoordSys] from S0506-S2200817-60-0100-A-X1-1-1
2026-06-17 12:29:12,525 INFO  ExportHelperExtension.cs: 1136 - Found 31 in S0506-S2200817-60-0100-A-X1-1-1
2026-06-17 12:29:12,525 INFO  ExportHelperExtension.cs: 1145 - Found 0 features of type [CoordSys] in S0506-S2200817-60-0100-A-X1-1-1
2026-06-17 12:29:12,525 INFO  ExportHelperExtension.cs: 1125 - Retrieving features of type [CoordSys] from 旋转电夹抓快换固定板(默认_按加工_)-1
2026-06-17 12:29:12,526 INFO  ExportHelperExtension.cs: 1136 - Found 27 in 旋转电夹抓快换固定板(默认_按加工_)-1
2026-06-17 12:29:12,526 INFO  ExportHelperExtension.cs: 1145 - Found 0 features of type [CoordSys] in 旋转电夹抓快换固定板(默认_按加工_)-1
2026-06-17 12:29:12,526 INFO  ExportHelperExtension.cs: 1125 - Retrieving features of type [CoordSys] from 旋转电爪快换转接板(默认_按加工_)-1
2026-06-17 12:29:12,526 INFO  ExportHelperExtension.cs: 1136 - Found 27 in 旋转电爪快换转接板(默认_按加工_)-1
2026-06-17 12:29:12,527 INFO  ExportHelperExtension.cs: 1145 - Found 0 features of type [CoordSys] in 旋转电爪快换转接板(默认_按加工_)-1
2026-06-17 12:29:12,527 INFO  ExportHelperExtension.cs: 1125 - Retrieving features of type [CoordSys] from S0506-S2200817-60-0100-A-X1-1
2026-06-17 12:29:12,527 INFO  ExportHelperExtension.cs: 1136 - Found 31 in S0506-S2200817-60-0100-A-X1-1
2026-06-17 12:29:12,527 INFO  ExportHelperExtension.cs: 1145 - Found 0 features of type [CoordSys] in S0506-S2200817-60-0100-A-X1-1
2026-06-17 12:29:12,528 INFO  ExportHelperExtension.cs: 1125 - Retrieving features of type [RefAxis] from 装配体8^拧盖抓手.SLDASM
2026-06-17 12:29:12,528 INFO  ExportHelperExtension.cs: 1136 - Found 48 in 装配体8^拧盖抓手.SLDASM
2026-06-17 12:29:12,528 INFO  ExportHelperExtension.cs: 1145 - Found 8 features of type [RefAxis] in 装配体8^拧盖抓手.SLDASM
2026-06-17 12:29:12,528 INFO  ExportHelperExtension.cs: 1148 - Proceeding through assembly components
2026-06-17 12:29:12,528 INFO  ExportHelperExtension.cs: 1160 - 6 components to check
2026-06-17 12:29:12,529 INFO  ExportHelperExtension.cs: 1125 - Retrieving features of type [RefAxis] from RGIC-100-35-O-S_简易模型_20250108-1
2026-06-17 12:29:12,529 INFO  ExportHelperExtension.cs: 1136 - Found 23 in RGIC-100-35-O-S_简易模型_20250108-1
2026-06-17 12:29:12,529 INFO  ExportHelperExtension.cs: 1145 - Found 0 features of type [RefAxis] in RGIC-100-35-O-S_简易模型_20250108-1
2026-06-17 12:29:12,529 INFO  ExportHelperExtension.cs: 1125 - Retrieving features of type [RefAxis] from 12公斤工具盘 快换(默认_按加工_)-1
2026-06-17 12:29:12,529 INFO  ExportHelperExtension.cs: 1136 - Found 27 in 12公斤工具盘 快换(默认_按加工_)-1
2026-06-17 12:29:12,530 INFO  ExportHelperExtension.cs: 1145 - Found 0 features of type [RefAxis] in 12公斤工具盘 快换(默认_按加工_)-1
2026-06-17 12:29:12,530 INFO  ExportHelperExtension.cs: 1125 - Retrieving features of type [RefAxis] from S0506-S2200817-60-0100-A-X1-1-1
2026-06-17 12:29:12,530 INFO  ExportHelperExtension.cs: 1136 - Found 31 in S0506-S2200817-60-0100-A-X1-1-1
2026-06-17 12:29:12,530 INFO  ExportHelperExtension.cs: 1145 - Found 0 features of type [RefAxis] in S0506-S2200817-60-0100-A-X1-1-1
2026-06-17 12:29:12,531 INFO  ExportHelperExtension.cs: 1125 - Retrieving features of type [RefAxis] from 旋转电夹抓快换固定板(默认_按加工_)-1
2026-06-17 12:29:12,531 INFO  ExportHelperExtension.cs: 1136 - Found 27 in 旋转电夹抓快换固定板(默认_按加工_)-1
2026-06-17 12:29:12,531 INFO  ExportHelperExtension.cs: 1145 - Found 0 features of type [RefAxis] in 旋转电夹抓快换固定板(默认_按加工_)-1
2026-06-17 12:29:12,531 INFO  ExportHelperExtension.cs: 1125 - Retrieving features of type [RefAxis] from 旋转电爪快换转接板(默认_按加工_)-1
2026-06-17 12:29:12,532 INFO  ExportHelperExtension.cs: 1136 - Found 27 in 旋转电爪快换转接板(默认_按加工_)-1
2026-06-17 12:29:12,532 INFO  ExportHelperExtension.cs: 1145 - Found 0 features of type [RefAxis] in 旋转电爪快换转接板(默认_按加工_)-1
2026-06-17 12:29:12,534 INFO  ExportHelperExtension.cs: 1125 - Retrieving features of type [RefAxis] from S0506-S2200817-60-0100-A-X1-1
2026-06-17 12:29:12,554 INFO  ExportHelperExtension.cs: 1136 - Found 31 in S0506-S2200817-60-0100-A-X1-1
2026-06-17 12:29:12,554 INFO  ExportHelperExtension.cs: 1145 - Found 0 features of type [RefAxis] in S0506-S2200817-60-0100-A-X1-1
2026-06-17 12:29:12,704 INFO  SwAddin.cs: 339 - Loading config tree
2026-06-17 12:29:12,704 INFO  ExportPropertyManagerExtension.cs: 520 - Starting new configuration
2026-06-17 12:29:12,705 INFO  SwAddin.cs: 344 - Showing property manager
2026-06-17 12:29:14,852 INFO  ExportPropertyManager.cs: 1018 - OnComboboxSelectionChanged called. This method no longer throws an Exception. It just silently does nothing. Ok, except for this logging message
2026-06-17 12:29:31,406 INFO  ExportPropertyManager.cs: 1136 - OnNumberBoxTrackingCompleted called. This method no longer throws an Exception. It just silently does nothing. Ok, except for this logging message
2026-06-17 12:29:47,977 INFO  ExportPropertyManager.cs: 1018 - OnComboboxSelectionChanged called. This method no longer throws an Exception. It just silently does nothing. Ok, except for this logging message
2026-06-17 12:29:49,975 INFO  ExportPropertyManager.cs: 1018 - OnComboboxSelectionChanged called. This method no longer throws an Exception. It just silently does nothing. Ok, except for this logging message
2026-06-17 12:29:51,445 INFO  ExportPropertyManager.cs: 1018 - OnComboboxSelectionChanged called. This method no longer throws an Exception. It just silently does nothing. Ok, except for this logging message
2026-06-17 12:29:53,877 INFO  ExportPropertyManager.cs: 1018 - OnComboboxSelectionChanged called. This method no longer throws an Exception. It just silently does nothing. Ok, except for this logging message
2026-06-17 12:29:56,658 INFO  ExportPropertyManager.cs: 1018 - OnComboboxSelectionChanged called. This method no longer throws an Exception. It just silently does nothing. Ok, except for this logging message
2026-06-17 12:30:08,091 INFO  ExportPropertyManager.cs: 1136 - OnNumberBoxTrackingCompleted called. This method no longer throws an Exception. It just silently does nothing. Ok, except for this logging message
2026-06-17 12:30:08,277 INFO  ExportPropertyManager.cs: 1136 - OnNumberBoxTrackingCompleted called. This method no longer throws an Exception. It just silently does nothing. Ok, except for this logging message
2026-06-17 12:30:24,453 INFO  ExportPropertyManager.cs: 1018 - OnComboboxSelectionChanged called. This method no longer throws an Exception. It just silently does nothing. Ok, except for this logging message
2026-06-17 12:30:26,299 INFO  ExportPropertyManager.cs: 1018 - OnComboboxSelectionChanged called. This method no longer throws an Exception. It just silently does nothing. Ok, except for this logging message
2026-06-17 12:30:28,423 INFO  ExportPropertyManager.cs: 1018 - OnComboboxSelectionChanged called. This method no longer throws an Exception. It just silently does nothing. Ok, except for this logging message
2026-06-17 12:30:32,536 INFO  ExportPropertyManager.cs: 1018 - OnComboboxSelectionChanged called. This method no longer throws an Exception. It just silently does nothing. Ok, except for this logging message
2026-06-17 12:31:41,540 INFO  ExportPropertyManager.cs: 1018 - OnComboboxSelectionChanged called. This method no longer throws an Exception. It just silently does nothing. Ok, except for this logging message
2026-06-17 12:31:43,099 INFO  ExportPropertyManager.cs: 1018 - OnComboboxSelectionChanged called. This method no longer throws an Exception. It just silently does nothing. Ok, except for this logging message
2026-06-17 12:31:44,850 INFO  ExportPropertyManager.cs: 1018 - OnComboboxSelectionChanged called. This method no longer throws an Exception. It just silently does nothing. Ok, except for this logging message
2026-06-17 12:31:47,379 INFO  ExportPropertyManager.cs: 1018 - OnComboboxSelectionChanged called. This method no longer throws an Exception. It just silently does nothing. Ok, except for this logging message
2026-06-17 12:32:13,858 INFO  ExportPropertyManager.cs: 1136 - OnNumberBoxTrackingCompleted called. This method no longer throws an Exception. It just silently does nothing. Ok, except for this logging message
2026-06-17 12:32:15,973 INFO  ExportPropertyManager.cs: 1136 - OnNumberBoxTrackingCompleted called. This method no longer throws an Exception. It just silently does nothing. Ok, except for this logging message
2026-06-17 12:32:26,501 INFO  ExportPropertyManager.cs: 1018 - OnComboboxSelectionChanged called. This method no longer throws an Exception. It just silently does nothing. Ok, except for this logging message
2026-06-17 12:32:29,131 INFO  ExportPropertyManager.cs: 1018 - OnComboboxSelectionChanged called. This method no longer throws an Exception. It just silently does nothing. Ok, except for this logging message
2026-06-17 12:32:31,331 INFO  ExportPropertyManager.cs: 1018 - OnComboboxSelectionChanged called. This method no longer throws an Exception. It just silently does nothing. Ok, except for this logging message
2026-06-17 12:33:04,645 INFO  ExportPropertyManager.cs: 1018 - OnComboboxSelectionChanged called. This method no longer throws an Exception. It just silently does nothing. Ok, except for this logging message
2026-06-17 12:33:06,685 INFO  ExportPropertyManager.cs: 1018 - OnComboboxSelectionChanged called. This method no longer throws an Exception. It just silently does nothing. Ok, except for this logging message
2026-06-17 12:33:09,103 INFO  ExportPropertyManager.cs: 1018 - OnComboboxSelectionChanged called. This method no longer throws an Exception. It just silently does nothing. Ok, except for this logging message
2026-06-17 12:33:24,677 INFO  ExportPropertyManager.cs: 422 - Configuration saved
2026-06-17 12:33:24,775 INFO  ExportPropertyManager.cs: 1142 - AfterClose called. This method no longer throws an Exception. It just silently does nothing. Ok, except for this logging message
2026-06-17 12:33:27,335 INFO  SwAddin.cs: 294 - Assembly export called for file 装配体8^拧盖抓手.SLDASM
2026-06-17 12:33:27,336 INFO  SwAddin.cs: 299 - Save is required
2026-06-17 12:33:27,336 INFO  SwAddin.cs: 313 - Saving assembly
2026-06-17 12:33:27,723 INFO  SwAddin.cs: 316 - Opening property manager
2026-06-17 12:33:27,723 INFO  ExportHelperExtension.cs: 1125 - Retrieving features of type [CoordSys] from 装配体8^拧盖抓手.SLDASM
2026-06-17 12:33:27,725 INFO  ExportHelperExtension.cs: 1136 - Found 49 in 装配体8^拧盖抓手.SLDASM
2026-06-17 12:33:27,725 INFO  ExportHelperExtension.cs: 1145 - Found 6 features of type [CoordSys] in 装配体8^拧盖抓手.SLDASM
2026-06-17 12:33:27,725 INFO  ExportHelperExtension.cs: 1148 - Proceeding through assembly components
2026-06-17 12:33:27,725 INFO  ExportHelperExtension.cs: 1160 - 6 components to check
2026-06-17 12:33:27,726 INFO  ExportHelperExtension.cs: 1125 - Retrieving features of type [CoordSys] from RGIC-100-35-O-S_简易模型_20250108-1
2026-06-17 12:33:27,726 INFO  ExportHelperExtension.cs: 1136 - Found 23 in RGIC-100-35-O-S_简易模型_20250108-1
2026-06-17 12:33:27,726 INFO  ExportHelperExtension.cs: 1145 - Found 0 features of type [CoordSys] in RGIC-100-35-O-S_简易模型_20250108-1
2026-06-17 12:33:27,726 INFO  ExportHelperExtension.cs: 1125 - Retrieving features of type [CoordSys] from 12公斤工具盘 快换(默认_按加工_)-1
2026-06-17 12:33:27,726 INFO  ExportHelperExtension.cs: 1136 - Found 27 in 12公斤工具盘 快换(默认_按加工_)-1
2026-06-17 12:33:27,727 INFO  ExportHelperExtension.cs: 1145 - Found 0 features of type [CoordSys] in 12公斤工具盘 快换(默认_按加工_)-1
2026-06-17 12:33:27,727 INFO  ExportHelperExtension.cs: 1125 - Retrieving features of type [CoordSys] from S0506-S2200817-60-0100-A-X1-1-1
2026-06-17 12:33:27,727 INFO  ExportHelperExtension.cs: 1136 - Found 31 in S0506-S2200817-60-0100-A-X1-1-1
2026-06-17 12:33:27,728 INFO  ExportHelperExtension.cs: 1145 - Found 0 features of type [CoordSys] in S0506-S2200817-60-0100-A-X1-1-1
2026-06-17 12:33:27,728 INFO  ExportHelperExtension.cs: 1125 - Retrieving features of type [CoordSys] from 旋转电夹抓快换固定板(默认_按加工_)-1
2026-06-17 12:33:27,728 INFO  ExportHelperExtension.cs: 1136 - Found 27 in 旋转电夹抓快换固定板(默认_按加工_)-1
2026-06-17 12:33:27,728 INFO  ExportHelperExtension.cs: 1145 - Found 0 features of type [CoordSys] in 旋转电夹抓快换固定板(默认_按加工_)-1
2026-06-17 12:33:27,729 INFO  ExportHelperExtension.cs: 1125 - Retrieving features of type [CoordSys] from 旋转电爪快换转接板(默认_按加工_)-1
2026-06-17 12:33:27,729 INFO  ExportHelperExtension.cs: 1136 - Found 27 in 旋转电爪快换转接板(默认_按加工_)-1
2026-06-17 12:33:27,729 INFO  ExportHelperExtension.cs: 1145 - Found 0 features of type [CoordSys] in 旋转电爪快换转接板(默认_按加工_)-1
2026-06-17 12:33:27,729 INFO  ExportHelperExtension.cs: 1125 - Retrieving features of type [CoordSys] from S0506-S2200817-60-0100-A-X1-1
2026-06-17 12:33:27,729 INFO  ExportHelperExtension.cs: 1136 - Found 31 in S0506-S2200817-60-0100-A-X1-1
2026-06-17 12:33:27,730 INFO  ExportHelperExtension.cs: 1145 - Found 0 features of type [CoordSys] in S0506-S2200817-60-0100-A-X1-1
2026-06-17 12:33:27,730 INFO  ExportHelperExtension.cs: 1125 - Retrieving features of type [RefAxis] from 装配体8^拧盖抓手.SLDASM
2026-06-17 12:33:27,730 INFO  ExportHelperExtension.cs: 1136 - Found 49 in 装配体8^拧盖抓手.SLDASM
2026-06-17 12:33:27,730 INFO  ExportHelperExtension.cs: 1145 - Found 8 features of type [RefAxis] in 装配体8^拧盖抓手.SLDASM
2026-06-17 12:33:27,731 INFO  ExportHelperExtension.cs: 1148 - Proceeding through assembly components
2026-06-17 12:33:27,731 INFO  ExportHelperExtension.cs: 1160 - 6 components to check
2026-06-17 12:33:27,731 INFO  ExportHelperExtension.cs: 1125 - Retrieving features of type [RefAxis] from RGIC-100-35-O-S_简易模型_20250108-1
2026-06-17 12:33:27,731 INFO  ExportHelperExtension.cs: 1136 - Found 23 in RGIC-100-35-O-S_简易模型_20250108-1
2026-06-17 12:33:27,731 INFO  ExportHelperExtension.cs: 1145 - Found 0 features of type [RefAxis] in RGIC-100-35-O-S_简易模型_20250108-1
2026-06-17 12:33:27,732 INFO  ExportHelperExtension.cs: 1125 - Retrieving features of type [RefAxis] from 12公斤工具盘 快换(默认_按加工_)-1
2026-06-17 12:33:27,732 INFO  ExportHelperExtension.cs: 1136 - Found 27 in 12公斤工具盘 快换(默认_按加工_)-1
2026-06-17 12:33:27,732 INFO  ExportHelperExtension.cs: 1145 - Found 0 features of type [RefAxis] in 12公斤工具盘 快换(默认_按加工_)-1
2026-06-17 12:33:27,732 INFO  ExportHelperExtension.cs: 1125 - Retrieving features of type [RefAxis] from S0506-S2200817-60-0100-A-X1-1-1
2026-06-17 12:33:27,732 INFO  ExportHelperExtension.cs: 1136 - Found 31 in S0506-S2200817-60-0100-A-X1-1-1
2026-06-17 12:33:27,733 INFO  ExportHelperExtension.cs: 1145 - Found 0 features of type [RefAxis] in S0506-S2200817-60-0100-A-X1-1-1
2026-06-17 12:33:27,734 INFO  ExportHelperExtension.cs: 1125 - Retrieving features of type [RefAxis] from 旋转电夹抓快换固定板(默认_按加工_)-1
2026-06-17 12:33:27,754 INFO  ExportHelperExtension.cs: 1136 - Found 27 in 旋转电夹抓快换固定板(默认_按加工_)-1
2026-06-17 12:33:27,754 INFO  ExportHelperExtension.cs: 1145 - Found 0 features of type [RefAxis] in 旋转电夹抓快换固定板(默认_按加工_)-1
2026-06-17 12:33:27,754 INFO  ExportHelperExtension.cs: 1125 - Retrieving features of type [RefAxis] from 旋转电爪快换转接板(默认_按加工_)-1
2026-06-17 12:33:27,756 INFO  ExportHelperExtension.cs: 1136 - Found 27 in 旋转电爪快换转接板(默认_按加工_)-1
2026-06-17 12:33:27,756 INFO  ExportHelperExtension.cs: 1145 - Found 0 features of type [RefAxis] in 旋转电爪快换转接板(默认_按加工_)-1
2026-06-17 12:33:27,756 INFO  ExportHelperExtension.cs: 1125 - Retrieving features of type [RefAxis] from S0506-S2200817-60-0100-A-X1-1
2026-06-17 12:33:27,756 INFO  ExportHelperExtension.cs: 1136 - Found 31 in S0506-S2200817-60-0100-A-X1-1
2026-06-17 12:33:27,756 INFO  ExportHelperExtension.cs: 1145 - Found 0 features of type [RefAxis] in S0506-S2200817-60-0100-A-X1-1
2026-06-17 12:33:27,922 INFO  SwAddin.cs: 339 - Loading config tree
2026-06-17 12:33:27,923 INFO  ConfigurationSerialization.cs: 276 - URDF Configuration found
<Link z:Id="i1" xmlns="http://schemas.datacontract.org/2004/07/SW2URDF" xmlns:i="http://www.w3.org/2001/XMLSchema-instance" xmlns:z="http://schemas.microsoft.com/2003/10/Serialization/"><Attributes><Attribute z:Id="i2"><AttributeType>name</AttributeType><IsRequired>true</IsRequired><Value i:type="a:string" xmlns:a="http://www.w3.org/2001/XMLSchema">base_link</Value></Attribute></Attributes><ChildElements><URDFElement z:Id="i3" i:type="Inertial"><Attributes/><ChildElements><URDFElement z:Id="i4" i:type="Origin"><Attributes><Attribute z:Id="i5"><AttributeType>xyz</AttributeType><IsRequired>true</IsRequired><Value i:type="a:ArrayOfdouble" xmlns:a="http://schemas.microsoft.com/2003/10/Serialization/Arrays"><a:double>0</a:double><a:double>0</a:double><a:double>0</a:double></Value></Attribute><Attribute z:Id="i6"><AttributeType>rpy</AttributeType><IsRequired>true</IsRequired><Value i:type="a:ArrayOfdouble" xmlns:a="http://schemas.microsoft.com/2003/10/Serialization/Arrays"><a:double>0</a:double><a:double>0</a:double><a:double>0</a:double></Value></Attribute></Attributes><ChildElements/><ElementName>origin</ElementName><required>false</required><RPYAttribute z:Ref="i6"/><XYZAttribute z:Ref="i5"/><isCustomized>false</isCustomized></URDFElement><URDFElement z:Id="i7" i:type="Mass"><Attributes><Attribute z:Id="i8"><AttributeType>value</AttributeType><IsRequired>true</IsRequired><Value i:type="a:double" xmlns:a="http://www.w3.org/2001/XMLSchema">0</Value></Attribute></Attributes><ChildElements/><ElementName>mass</ElementName><required>false</required><ValueAttribute z:Ref="i8"/></URDFElement><URDFElement z:Id="i9" i:type="Inertia"><Attributes><Attribute z:Id="i10"><AttributeType>ixx</AttributeType><IsRequired>true</IsRequired><Value i:type="a:double" xmlns:a="http://www.w3.org/2001/XMLSchema">0</Value></Attribute><Attribute z:Id="i11"><AttributeType>ixy</AttributeType><IsRequired>true</IsRequired><Value i:type="a:double" xmlns:a="http://www.w3.org/2001/XMLSchema">0</Value></Attribute><Attribute z:Id="i12"><AttributeType>ixz</AttributeType><IsRequired>true</IsRequired><Value i:type="a:double" xmlns:a="http://www.w3.org/2001/XMLSchema">0</Value></Attribute><Attribute z:Id="i13"><AttributeType>iyy</AttributeType><IsRequired>true</IsRequired><Value i:type="a:double" xmlns:a="http://www.w3.org/2001/XMLSchema">0</Value></Attribute><Attribute z:Id="i14"><AttributeType>iyz</AttributeType><IsRequired>true</IsRequired><Value i:type="a:double" xmlns:a="http://www.w3.org/2001/XMLSchema">0</Value></Attribute><Attribute z:Id="i15"><AttributeType>izz</AttributeType><IsRequired>true</IsRequired><Value i:type="a:double" xmlns:a="http://www.w3.org/2001/XMLSchema">0</Value></Attribute></Attributes><ChildElements/><ElementName>inertia</ElementName><required>false</required><IxxAttribute z:Ref="i10"/><IxyAttribute z:Ref="i11"/><IxzAttribute z:Ref="i12"/><IyyAttribute z:Ref="i13"/><IyzAttribute z:Ref="i14"/><IzzAttribute z:Ref="i15"/></URDFElement></ChildElements><ElementName>inertial</ElementName><required>false</required><Inertia z:Ref="i9"/><Mass z:Ref="i7"/><Origin z:Ref="i4"/></URDFElement><URDFElement z:Id="i16" i:type="Visual"><Attributes/><ChildElements><URDFElement z:Id="i17" i:type="Origin"><Attributes><Attribute z:Id="i18"><AttributeType>xyz</AttributeType><IsRequired>true</IsRequired><Value i:type="a:ArrayOfdouble" xmlns:a="http://schemas.microsoft.com/2003/10/Serialization/Arrays"><a:double>0</a:double><a:double>0</a:double><a:double>0</a:double></Value></Attribute><Attribute z:Id="i19"><AttributeType>rpy</AttributeType><IsRequired>true</IsRequired><Value i:type="a:ArrayOfdouble" xmlns:a="http://schemas.microsoft.com/2003/10/Serialization/Arrays"><a:double>0</a:double><a:double>0</a:double><a:double>0</a:double></Value></Attribute></Attributes><ChildElements/><ElementName>origin</ElementName><required>false</required><RPYAttribute z:Ref="i19"/><XYZAttribute z:Ref="i18"/><isCustomized>false</isCustomized></URDFElement><URDFElement z:Id="i20" i:type="Geometry"><Attributes/><ChildElements><URDFElement z:Id="i21" i:type="Mesh"><Attributes><Attribute z:Id="i22"><AttributeType>filename</AttributeType><IsRequired>true</IsRequired><Value i:nil="true"/></Attribute></Attributes><ChildElements/><ElementName>mesh</ElementName><required>false</required><FilenameAttribute z:Ref="i22"/></URDFElement></ChildElements><ElementName>geometry</ElementName><required>true</required><Mesh z:Ref="i21"/></URDFElement><URDFElement z:Id="i23" i:type="Material"><Attributes><Attribute z:Id="i24"><AttributeType>name</AttributeType><IsRequired>true</IsRequired><Value i:type="a:string" xmlns:a="http://www.w3.org/2001/XMLSchema"/></Attribute></Attributes><ChildElements><URDFElement z:Id="i25" i:type="Color"><Attributes><Attribute z:Id="i26"><AttributeType>rgba</AttributeType><IsRequired>true</IsRequired><Value i:type="a:ArrayOfdouble" xmlns:a="http://schemas.microsoft.com/2003/10/Serialization/Arrays"><a:double>1</a:double><a:double>1</a:double><a:double>1</a:double><a:double>1</a:double></Value></Attribute></Attributes><ChildElements/><ElementName>color</ElementName><required>false</required><RGBAAttribute z:Ref="i26"/></URDFElement><URDFElement z:Id="i27" i:type="Texture"><Attributes><Attribute z:Id="i28"><AttributeType>filename</AttributeType><IsRequired>true</IsRequired><Value i:nil="true"/></Attribute></Attributes><ChildElements/><ElementName>texture</ElementName><required>false</required><FilenameAttribute z:Ref="i28"/><wFilename/></URDFElement></ChildElements><ElementName>material</ElementName><required>false</required><Color z:Ref="i25"/><NameAttribute z:Ref="i24"/><Texture z:Ref="i27"/></URDFElement></ChildElements><ElementName>visual</ElementName><required>false</required><Geometry z:Ref="i20"/><Material z:Ref="i23"/><Origin z:Ref="i17"/></URDFElement><URDFElement z:Id="i29" i:type="Collision"><Attributes/><ChildElements><URDFElement z:Id="i30" i:type="Origin"><Attributes><Attribute z:Id="i31"><AttributeType>xyz</AttributeType><IsRequired>true</IsRequired><Value i:type="a:ArrayOfdouble" xmlns:a="http://schemas.microsoft.com/2003/10/Serialization/Arrays"><a:double>0</a:double><a:double>0</a:double><a:double>0</a:double></Value></Attribute><Attribute z:Id="i32"><AttributeType>rpy</AttributeType><IsRequired>true</IsRequired><Value i:type="a:ArrayOfdouble" xmlns:a="http://schemas.microsoft.com/2003/10/Serialization/Arrays"><a:double>0</a:double><a:double>0</a:double><a:double>0</a:double></Value></Attribute></Attributes><ChildElements/><ElementName>origin</ElementName><required>false</required><RPYAttribute z:Ref="i32"/><XYZAttribute z:Ref="i31"/><isCustomized>false</isCustomized></URDFElement><URDFElement z:Id="i33" i:type="Geometry"><Attributes/><ChildElements><URDFElement z:Id="i34" i:type="Mesh"><Attributes><Attribute z:Id="i35"><AttributeType>filename</AttributeType><IsRequired>true</IsRequired><Value i:nil="true"/></Attribute></Attributes><ChildElements/><ElementName>mesh</ElementName><required>false</required><FilenameAttribute z:Ref="i35"/></URDFElement></ChildElements><ElementName>geometry</ElementName><required>true</required><Mesh z:Ref="i34"/></URDFElement></ChildElements><ElementName>collision</ElementName><required>false</required><Geometry z:Ref="i33"/><Origin z:Ref="i30"/></URDFElement><URDFElement z:Id="i36" i:type="Joint"><Attributes><Attribute z:Id="i37"><AttributeType>name</AttributeType><IsRequired>true</IsRequired><Value i:type="a:string" xmlns:a="http://www.w3.org/2001/XMLSchema"/></Attribute><Attribute z:Id="i38"><AttributeType>type</AttributeType><IsRequired>true</IsRequired><Value i:type="a:string" xmlns:a="http://www.w3.org/2001/XMLSchema"/></Attribute></Attributes><ChildElements><URDFElement z:Id="i39" i:type="Origin"><Attributes><Attribute z:Id="i40"><AttributeType>xyz</AttributeType><IsRequired>true</IsRequired><Value i:type="a:ArrayOfdouble" xmlns:a="http://schemas.microsoft.com/2003/10/Serialization/Arrays"><a:double>0</a:double><a:double>0</a:double><a:double>0</a:double></Value></Attribute><Attribute z:Id="i41"><AttributeType>rpy</AttributeType><IsRequired>true</IsRequired><Value i:type="a:ArrayOfdouble" xmlns:a="http://schemas.microsoft.com/2003/10/Serialization/Arrays"><a:double>0</a:double><a:double>0</a:double><a:double>0</a:double></Value></Attribute></Attributes><ChildElements/><ElementName>origin</ElementName><required>false</required><RPYAttribute z:Ref="i41"/><XYZAttribute z:Ref="i40"/><isCustomized>false</isCustomized></URDFElement><URDFElement z:Id="i42" i:type="ParentLink"><Attributes><Attribute z:Id="i43"><AttributeType>link</AttributeType><IsRequired>true</IsRequired><Value i:type="a:string" xmlns:a="http://www.w3.org/2001/XMLSchema"/></Attribute></Attributes><ChildElements/><ElementName>parent</ElementName><required>true</required><NameAttribute z:Ref="i43"/></URDFElement><URDFElement z:Id="i44" i:type="ChildLink"><Attributes><Attribute z:Id="i45"><AttributeType>link</AttributeType><IsRequired>true</IsRequired><Value i:type="a:string" xmlns:a="http://www.w3.org/2001/XMLSchema"/></Attribute></Attributes><ChildElements/><ElementName>child</ElementName><required>true</required><NameAttribute z:Ref="i45"/></URDFElement><URDFElement z:Id="i46" i:type="Axis"><Attributes><Attribute z:Id="i47"><AttributeType>xyz</AttributeType><IsRequired>true</IsRequired><Value i:type="a:ArrayOfdouble" xmlns:a="http://schemas.microsoft.com/2003/10/Serialization/Arrays"><a:double>0</a:double><a:double>0</a:double><a:double>0</a:double></Value></Attribute></Attributes><ChildElements/><ElementName>axis</ElementName><required>false</required><XYZAttribute z:Ref="i47"/></URDFElement><URDFElement z:Id="i48" i:type="Limit"><Attributes><Attribute z:Id="i49"><AttributeType>lower</AttributeType><IsRequired>false</IsRequired><Value i:nil="true"/></Attribute><Attribute z:Id="i50"><AttributeType>upper</AttributeType><IsRequired>false</IsRequired><Value i:nil="true"/></Attribute><Attribute z:Id="i51"><AttributeType>effort</AttributeType><IsRequired>true</IsRequired><Value i:nil="true"/></Attribute><Attribute z:Id="i52"><AttributeType>velocity</AttributeType><IsRequired>true</IsRequired><Value i:nil="true"/></Attribute></Attributes><ChildElements/><ElementName>limit</ElementName><required>false</required><EffortAttribute z:Ref="i51"/><LowerAttribute z:Ref="i49"/><UpperAttribute z:Ref="i50"/><VelocityAttribute z:Ref="i52"/></URDFElement><URDFElement z:Id="i53" i:type="Calibration"><Attributes><Attribute z:Id="i54"><AttributeType>rising</AttributeType><IsRequired>false</IsRequired><Value i:nil="true"/></Attribute><Attribute z:Id="i55"><AttributeType>falling</AttributeType><IsRequired>false</IsRequired><Value i:nil="true"/></Attribute></Attributes><ChildElements/><ElementName>calibration</ElementName><required>false</required><FallingAttribute z:Ref="i55"/><RisingAttribute z:Ref="i54"/></URDFElement><URDFElement z:Id="i56" i:type="Dynamics"><Attributes><Attribute z:Id="i57"><AttributeType>damping</AttributeType><IsRequired>false</IsRequired><Value i:nil="true"/></Attribute><Attribute z:Id="i58"><AttributeType>friction</AttributeType><IsRequired>false</IsRequired><Value i:nil="true"/></Attribute></Attributes><ChildElements/><ElementName>dynamics</ElementName><required>false</required><DampingAttribute z:Ref="i57"/><FrictionAttribute z:Ref="i58"/></URDFElement><URDFElement z:Id="i59" i:type="SafetyController"><Attributes><Attribute z:Id="i60"><AttributeType>soft_upper_limit</AttributeType><IsRequired>false</IsRequired><Value i:nil="true"/></Attribute><Attribute z:Id="i61"><AttributeType>soft_lower_limit</AttributeType><IsRequired>false</IsRequired><Value i:nil="true"/></Attribute><Attribute z:Id="i62"><AttributeType>k_position</AttributeType><IsRequired>false</IsRequired><Value i:nil="true"/></Attribute><Attribute z:Id="i63"><AttributeType>k_velocity</AttributeType><IsRequired>true</IsRequired><Value i:nil="true"/></Attribute></Attributes><ChildElements/><ElementName>safety_controller</ElementName><required>false</required><KPositionAttribute z:Ref="i62"/><KVelocityAttribute z:Ref="i63"/><SoftLowerAttribute z:Ref="i61"/><SoftUpperAttribute z:Ref="i60"/></URDFElement><URDFElement z:Id="i64" i:type="Mimic"><Attributes><Attribute z:Id="i65"><AttributeType>joint</AttributeType><IsRequired>true</IsRequired><Value i:nil="true"/></Attribute><Attribute z:Id="i66"><AttributeType>multiplier</AttributeType><IsRequired>false</IsRequired><Value i:nil="true"/></Attribute><Attribute z:Id="i67"><AttributeType>offset</AttributeType><IsRequired>false</IsRequired><Value i:nil="true"/></Attribute></Attributes><ChildElements/><ElementName>mimic</ElementName><required>false</required><JointNameAttribute z:Ref="i65"/><MultiplierAttribute z:Ref="i66"/><OffsetAttribute z:Ref="i67"/></URDFElement></ChildElements><ElementName>joint</ElementName><required>false</required><Axis z:Ref="i46"/><AxisName/><Calibration z:Ref="i53"/><Child z:Ref="i44"/><CoordinateSystemName>base</CoordinateSystemName><Dynamics z:Ref="i56"/><Limit z:Ref="i48"/><Mimic z:Ref="i64"/><NameAttribute z:Ref="i37"/><Origin z:Ref="i39"/><Parent z:Ref="i42"/><Safety z:Ref="i59"/><TypeAttribute z:Ref="i38"/></URDFElement></ChildElements><ElementName>link</ElementName><required>true</required><Children><Link z:Id="i68"><Attributes><Attribute z:Id="i69"><AttributeType>name</AttributeType><IsRequired>true</IsRequired><Value i:type="a:string" xmlns:a="http://www.w3.org/2001/XMLSchema">rotate_Link</Value></Attribute></Attributes><ChildElements><URDFElement z:Id="i70" i:type="Inertial"><Attributes/><ChildElements><URDFElement z:Id="i71" i:type="Origin"><Attributes><Attribute z:Id="i72"><AttributeType>xyz</AttributeType><IsRequired>true</IsRequired><Value i:type="a:ArrayOfdouble" xmlns:a="http://schemas.microsoft.com/2003/10/Serialization/Arrays"><a:double>0</a:double><a:double>0</a:double><a:double>0</a:double></Value></Attribute><Attribute z:Id="i73"><AttributeType>rpy</AttributeType><IsRequired>true</IsRequired><Value i:type="a:ArrayOfdouble" xmlns:a="http://schemas.microsoft.com/2003/10/Serialization/Arrays"><a:double>0</a:double><a:double>0</a:double><a:double>0</a:double></Value></Attribute></Attributes><ChildElements/><ElementName>origin</ElementName><required>false</required><RPYAttribute z:Ref="i73"/><XYZAttribute z:Ref="i72"/><isCustomized>false</isCustomized></URDFElement><URDFElement z:Id="i74" i:type="Mass"><Attributes><Attribute z:Id="i75"><AttributeType>value</AttributeType><IsRequired>true</IsRequired><Value i:type="a:double" xmlns:a="http://www.w3.org/2001/XMLSchema">0</Value></Attribute></Attributes><ChildElements/><ElementName>mass</ElementName><required>false</required><ValueAttribute z:Ref="i75"/></URDFElement><URDFElement z:Id="i76" i:type="Inertia"><Attributes><Attribute z:Id="i77"><AttributeType>ixx</AttributeType><IsRequired>true</IsRequired><Value i:type="a:double" xmlns:a="http://www.w3.org/2001/XMLSchema">0</Value></Attribute><Attribute z:Id="i78"><AttributeType>ixy</AttributeType><IsRequired>true</IsRequired><Value i:type="a:double" xmlns:a="http://www.w3.org/2001/XMLSchema">0</Value></Attribute><Attribute z:Id="i79"><AttributeType>ixz</AttributeType><IsRequired>true</IsRequired><Value i:type="a:double" xmlns:a="http://www.w3.org/2001/XMLSchema">0</Value></Attribute><Attribute z:Id="i80"><AttributeType>iyy</AttributeType><IsRequired>true</IsRequired><Value i:type="a:double" xmlns:a="http://www.w3.org/2001/XMLSchema">0</Value></Attribute><Attribute z:Id="i81"><AttributeType>iyz</AttributeType><IsRequired>true</IsRequired><Value i:type="a:double" xmlns:a="http://www.w3.org/2001/XMLSchema">0</Value></Attribute><Attribute z:Id="i82"><AttributeType>izz</AttributeType><IsRequired>true</IsRequired><Value i:type="a:double" xmlns:a="http://www.w3.org/2001/XMLSchema">0</Value></Attribute></Attributes><ChildElements/><ElementName>inertia</ElementName><required>false</required><IxxAttribute z:Ref="i77"/><IxyAttribute z:Ref="i78"/><IxzAttribute z:Ref="i79"/><IyyAttribute z:Ref="i80"/><IyzAttribute z:Ref="i81"/><IzzAttribute z:Ref="i82"/></URDFElement></ChildElements><ElementName>inertial</ElementName><required>false</required><Inertia z:Ref="i76"/><Mass z:Ref="i74"/><Origin z:Ref="i71"/></URDFElement><URDFElement z:Id="i83" i:type="Visual"><Attributes/><ChildElements><URDFElement z:Id="i84" i:type="Origin"><Attributes><Attribute z:Id="i85"><AttributeType>xyz</AttributeType><IsRequired>true</IsRequired><Value i:type="a:ArrayOfdouble" xmlns:a="http://schemas.microsoft.com/2003/10/Serialization/Arrays"><a:double>0</a:double><a:double>0</a:double><a:double>0</a:double></Value></Attribute><Attribute z:Id="i86"><AttributeType>rpy</AttributeType><IsRequired>true</IsRequired><Value i:type="a:ArrayOfdouble" xmlns:a="http://schemas.microsoft.com/2003/10/Serialization/Arrays"><a:double>0</a:double><a:double>0</a:double><a:double>0</a:double></Value></Attribute></Attributes><ChildElements/><ElementName>origin</ElementName><required>false</required><RPYAttribute z:Ref="i86"/><XYZAttribute z:Ref="i85"/><isCustomized>false</isCustomized></URDFElement><URDFElement z:Id="i87" i:type="Geometry"><Attributes/><ChildElements><URDFElement z:Id="i88" i:type="Mesh"><Attributes><Attribute z:Id="i89"><AttributeType>filename</AttributeType><IsRequired>true</IsRequired><Value i:nil="true"/></Attribute></Attributes><ChildElements/><ElementName>mesh</ElementName><required>false</required><FilenameAttribute z:Ref="i89"/></URDFElement></ChildElements><ElementName>geometry</ElementName><required>true</required><Mesh z:Ref="i88"/></URDFElement><URDFElement z:Id="i90" i:type="Material"><Attributes><Attribute z:Id="i91"><AttributeType>name</AttributeType><IsRequired>true</IsRequired><Value i:type="a:string" xmlns:a="http://www.w3.org/2001/XMLSchema"/></Attribute></Attributes><ChildElements><URDFElement z:Id="i92" i:type="Color"><Attributes><Attribute z:Id="i93"><AttributeType>rgba</AttributeType><IsRequired>true</IsRequired><Value i:type="a:ArrayOfdouble" xmlns:a="http://schemas.microsoft.com/2003/10/Serialization/Arrays"><a:double>1</a:double><a:double>1</a:double><a:double>1</a:double><a:double>1</a:double></Value></Attribute></Attributes><ChildElements/><ElementName>color</ElementName><required>false</required><RGBAAttribute z:Ref="i93"/></URDFElement><URDFElement z:Id="i94" i:type="Texture"><Attributes><Attribute z:Id="i95"><AttributeType>filename</AttributeType><IsRequired>true</IsRequired><Value i:nil="true"/></Attribute></Attributes><ChildElements/><ElementName>texture</ElementName><required>false</required><FilenameAttribute z:Ref="i95"/><wFilename/></URDFElement></ChildElements><ElementName>material</ElementName><required>false</required><Color z:Ref="i92"/><NameAttribute z:Ref="i91"/><Texture z:Ref="i94"/></URDFElement></ChildElements><ElementName>visual</ElementName><required>false</required><Geometry z:Ref="i87"/><Material z:Ref="i90"/><Origin z:Ref="i84"/></URDFElement><URDFElement z:Id="i96" i:type="Collision"><Attributes/><ChildElements><URDFElement z:Id="i97" i:type="Origin"><Attributes><Attribute z:Id="i98"><AttributeType>xyz</AttributeType><IsRequired>true</IsRequired><Value i:type="a:ArrayOfdouble" xmlns:a="http://schemas.microsoft.com/2003/10/Serialization/Arrays"><a:double>0</a:double><a:double>0</a:double><a:double>0</a:double></Value></Attribute><Attribute z:Id="i99"><AttributeType>rpy</AttributeType><IsRequired>true</IsRequired><Value i:type="a:ArrayOfdouble" xmlns:a="http://schemas.microsoft.com/2003/10/Serialization/Arrays"><a:double>0</a:double><a:double>0</a:double><a:double>0</a:double></Value></Attribute></Attributes><ChildElements/><ElementName>origin</ElementName><required>false</required><RPYAttribute z:Ref="i99"/><XYZAttribute z:Ref="i98"/><isCustomized>false</isCustomized></URDFElement><URDFElement z:Id="i100" i:type="Geometry"><Attributes/><ChildElements><URDFElement z:Id="i101" i:type="Mesh"><Attributes><Attribute z:Id="i102"><AttributeType>filename</AttributeType><IsRequired>true</IsRequired><Value i:nil="true"/></Attribute></Attributes><ChildElements/><ElementName>mesh</ElementName><required>false</required><FilenameAttribute z:Ref="i102"/></URDFElement></ChildElements><ElementName>geometry</ElementName><required>true</required><Mesh z:Ref="i101"/></URDFElement></ChildElements><ElementName>collision</ElementName><required>false</required><Geometry z:Ref="i100"/><Origin z:Ref="i97"/></URDFElement><URDFElement z:Id="i103" i:type="Joint"><Attributes><Attribute z:Id="i104"><AttributeType>name</AttributeType><IsRequired>true</IsRequired><Value i:type="a:string" xmlns:a="http://www.w3.org/2001/XMLSchema">rotate_joint</Value></Attribute><Attribute z:Id="i105"><AttributeType>type</AttributeType><IsRequired>true</IsRequired><Value i:type="a:string" xmlns:a="http://www.w3.org/2001/XMLSchema">continuous</Value></Attribute></Attributes><ChildElements><URDFElement z:Id="i106" i:type="Origin"><Attributes><Attribute z:Id="i107"><AttributeType>xyz</AttributeType><IsRequired>true</IsRequired><Value i:type="a:ArrayOfdouble" xmlns:a="http://schemas.microsoft.com/2003/10/Serialization/Arrays"><a:double>0</a:double><a:double>0</a:double><a:double>0</a:double></Value></Attribute><Attribute z:Id="i108"><AttributeType>rpy</AttributeType><IsRequired>true</IsRequired><Value i:type="a:ArrayOfdouble" xmlns:a="http://schemas.microsoft.com/2003/10/Serialization/Arrays"><a:double>0</a:double><a:double>0</a:double><a:double>0</a:double></Value></Attribute></Attributes><ChildElements/><ElementName>origin</ElementName><required>false</required><RPYAttribute z:Ref="i108"/><XYZAttribute z:Ref="i107"/><isCustomized>false</isCustomized></URDFElement><URDFElement z:Id="i109" i:type="ParentLink"><Attributes><Attribute z:Id="i110"><AttributeType>link</AttributeType><IsRequired>true</IsRequired><Value i:type="a:string" xmlns:a="http://www.w3.org/2001/XMLSchema"/></Attribute></Attributes><ChildElements/><ElementName>parent</ElementName><required>true</required><NameAttribute z:Ref="i110"/></URDFElement><URDFElement z:Id="i111" i:type="ChildLink"><Attributes><Attribute z:Id="i112"><AttributeType>link</AttributeType><IsRequired>true</IsRequired><Value i:type="a:string" xmlns:a="http://www.w3.org/2001/XMLSchema"/></Attribute></Attributes><ChildElements/><ElementName>child</ElementName><required>true</required><NameAttribute z:Ref="i112"/></URDFElement><URDFElement z:Id="i113" i:type="Axis"><Attributes><Attribute z:Id="i114"><AttributeType>xyz</AttributeType><IsRequired>true</IsRequired><Value i:type="a:ArrayOfdouble" xmlns:a="http://schemas.microsoft.com/2003/10/Serialization/Arrays"><a:double>0</a:double><a:double>0</a:double><a:double>0</a:double></Value></Attribute></Attributes><ChildElements/><ElementName>axis</ElementName><required>false</required><XYZAttribute z:Ref="i114"/></URDFElement><URDFElement z:Id="i115" i:type="Limit"><Attributes><Attribute z:Id="i116"><AttributeType>lower</AttributeType><IsRequired>false</IsRequired><Value i:nil="true"/></Attribute><Attribute z:Id="i117"><AttributeType>upper</AttributeType><IsRequired>false</IsRequired><Value i:nil="true"/></Attribute><Attribute z:Id="i118"><AttributeType>effort</AttributeType><IsRequired>true</IsRequired><Value i:nil="true"/></Attribute><Attribute z:Id="i119"><AttributeType>velocity</AttributeType><IsRequired>true</IsRequired><Value i:nil="true"/></Attribute></Attributes><ChildElements/><ElementName>limit</ElementName><required>false</required><EffortAttribute z:Ref="i118"/><LowerAttribute z:Ref="i116"/><UpperAttribute z:Ref="i117"/><VelocityAttribute z:Ref="i119"/></URDFElement><URDFElement z:Id="i120" i:type="Calibration"><Attributes><Attribute z:Id="i121"><AttributeType>rising</AttributeType><IsRequired>false</IsRequired><Value i:nil="true"/></Attribute><Attribute z:Id="i122"><AttributeType>falling</AttributeType><IsRequired>false</IsRequired><Value i:nil="true"/></Attribute></Attributes><ChildElements/><ElementName>calibration</ElementName><required>false</required><FallingAttribute z:Ref="i122"/><RisingAttribute z:Ref="i121"/></URDFElement><URDFElement z:Id="i123" i:type="Dynamics"><Attributes><Attribute z:Id="i124"><AttributeType>damping</AttributeType><IsRequired>false</IsRequired><Value i:nil="true"/></Attribute><Attribute z:Id="i125"><AttributeType>friction</AttributeType><IsRequired>false</IsRequired><Value i:nil="true"/></Attribute></Attributes><ChildElements/><ElementName>dynamics</ElementName><required>false</required><DampingAttribute z:Ref="i124"/><FrictionAttribute z:Ref="i125"/></URDFElement><URDFElement z:Id="i126" i:type="SafetyController"><Attributes><Attribute z:Id="i127"><AttributeType>soft_upper_limit</AttributeType><IsRequired>false</IsRequired><Value i:nil="true"/></Attribute><Attribute z:Id="i128"><AttributeType>soft_lower_limit</AttributeType><IsRequired>false</IsRequired><Value i:nil="true"/></Attribute><Attribute z:Id="i129"><AttributeType>k_position</AttributeType><IsRequired>false</IsRequired><Value i:nil="true"/></Attribute><Attribute z:Id="i130"><AttributeType>k_velocity</AttributeType><IsRequired>true</IsRequired><Value i:nil="true"/></Attribute></Attributes><ChildElements/><ElementName>safety_controller</ElementName><required>false</required><KPositionAttribute z:Ref="i129"/><KVelocityAttribute z:Ref="i130"/><SoftLowerAttribute z:Ref="i128"/><SoftUpperAttribute z:Ref="i127"/></URDFElement><URDFElement z:Id="i131" i:type="Mimic"><Attributes><Attribute z:Id="i132"><AttributeType>joint</AttributeType><IsRequired>true</IsRequired><Value i:nil="true"/></Attribute><Attribute z:Id="i133"><AttributeType>multiplier</AttributeType><IsRequired>false</IsRequired><Value i:nil="true"/></Attribute><Attribute z:Id="i134"><AttributeType>offset</AttributeType><IsRequired>false</IsRequired><Value i:nil="true"/></Attribute></Attributes><ChildElements/><ElementName>mimic</ElementName><required>false</required><JointNameAttribute z:Ref="i132"/><MultiplierAttribute z:Ref="i133"/><OffsetAttribute z:Ref="i134"/></URDFElement></ChildElements><ElementName>joint</ElementName><required>false</required><Axis z:Ref="i113"/><AxisName>_rot</AxisName><Calibration z:Ref="i120"/><Child z:Ref="i111"/><CoordinateSystemName>rot</CoordinateSystemName><Dynamics z:Ref="i123"/><Limit z:Ref="i115"/><Mimic z:Ref="i131"/><NameAttribute z:Ref="i104"/><Origin z:Ref="i106"/><Parent z:Ref="i109"/><Safety z:Ref="i126"/><TypeAttribute z:Ref="i105"/></URDFElement></ChildElements><ElementName>link</ElementName><required>true</required><Children><Link z:Id="i135"><Attributes><Attribute z:Id="i136"><AttributeType>name</AttributeType><IsRequired>true</IsRequired><Value i:type="a:string" xmlns:a="http://www.w3.org/2001/XMLSchema">l_Link</Value></Attribute></Attributes><ChildElements><URDFElement z:Id="i137" i:type="Inertial"><Attributes/><ChildElements><URDFElement z:Id="i138" i:type="Origin"><Attributes><Attribute z:Id="i139"><AttributeType>xyz</AttributeType><IsRequired>true</IsRequired><Value i:type="a:ArrayOfdouble" xmlns:a="http://schemas.microsoft.com/2003/10/Serialization/Arrays"><a:double>0</a:double><a:double>0</a:double><a:double>0</a:double></Value></Attribute><Attribute z:Id="i140"><AttributeType>rpy</AttributeType><IsRequired>true</IsRequired><Value i:type="a:ArrayOfdouble" xmlns:a="http://schemas.microsoft.com/2003/10/Serialization/Arrays"><a:double>0</a:double><a:double>0</a:double><a:double>0</a:double></Value></Attribute></Attributes><ChildElements/><ElementName>origin</ElementName><required>false</required><RPYAttribute z:Ref="i140"/><XYZAttribute z:Ref="i139"/><isCustomized>false</isCustomized></URDFElement><URDFElement z:Id="i141" i:type="Mass"><Attributes><Attribute z:Id="i142"><AttributeType>value</AttributeType><IsRequired>true</IsRequired><Value i:type="a:double" xmlns:a="http://www.w3.org/2001/XMLSchema">0</Value></Attribute></Attributes><ChildElements/><ElementName>mass</ElementName><required>false</required><ValueAttribute z:Ref="i142"/></URDFElement><URDFElement z:Id="i143" i:type="Inertia"><Attributes><Attribute z:Id="i144"><AttributeType>ixx</AttributeType><IsRequired>true</IsRequired><Value i:type="a:double" xmlns:a="http://www.w3.org/2001/XMLSchema">0</Value></Attribute><Attribute z:Id="i145"><AttributeType>ixy</AttributeType><IsRequired>true</IsRequired><Value i:type="a:double" xmlns:a="http://www.w3.org/2001/XMLSchema">0</Value></Attribute><Attribute z:Id="i146"><AttributeType>ixz</AttributeType><IsRequired>true</IsRequired><Value i:type="a:double" xmlns:a="http://www.w3.org/2001/XMLSchema">0</Value></Attribute><Attribute z:Id="i147"><AttributeType>iyy</AttributeType><IsRequired>true</IsRequired><Value i:type="a:double" xmlns:a="http://www.w3.org/2001/XMLSchema">0</Value></Attribute><Attribute z:Id="i148"><AttributeType>iyz</AttributeType><IsRequired>true</IsRequired><Value i:type="a:double" xmlns:a="http://www.w3.org/2001/XMLSchema">0</Value></Attribute><Attribute z:Id="i149"><AttributeType>izz</AttributeType><IsRequired>true</IsRequired><Value i:type="a:double" xmlns:a="http://www.w3.org/2001/XMLSchema">0</Value></Attribute></Attributes><ChildElements/><ElementName>inertia</ElementName><required>false</required><IxxAttribute z:Ref="i144"/><IxyAttribute z:Ref="i145"/><IxzAttribute z:Ref="i146"/><IyyAttribute z:Ref="i147"/><IyzAttribute z:Ref="i148"/><IzzAttribute z:Ref="i149"/></URDFElement></ChildElements><ElementName>inertial</ElementName><required>false</required><Inertia z:Ref="i143"/><Mass z:Ref="i141"/><Origin z:Ref="i138"/></URDFElement><URDFElement z:Id="i150" i:type="Visual"><Attributes/><ChildElements><URDFElement z:Id="i151" i:type="Origin"><Attributes><Attribute z:Id="i152"><AttributeType>xyz</AttributeType><IsRequired>true</IsRequired><Value i:type="a:ArrayOfdouble" xmlns:a="http://schemas.microsoft.com/2003/10/Serialization/Arrays"><a:double>0</a:double><a:double>0</a:double><a:double>0</a:double></Value></Attribute><Attribute z:Id="i153"><AttributeType>rpy</AttributeType><IsRequired>true</IsRequired><Value i:type="a:ArrayOfdouble" xmlns:a="http://schemas.microsoft.com/2003/10/Serialization/Arrays"><a:double>0</a:double><a:double>0</a:double><a:double>0</a:double></Value></Attribute></Attributes><ChildElements/><ElementName>origin</ElementName><required>false</required><RPYAttribute z:Ref="i153"/><XYZAttribute z:Ref="i152"/><isCustomized>false</isCustomized></URDFElement><URDFElement z:Id="i154" i:type="Geometry"><Attributes/><ChildElements><URDFElement z:Id="i155" i:type="Mesh"><Attributes><Attribute z:Id="i156"><AttributeType>filename</AttributeType><IsRequired>true</IsRequired><Value i:nil="true"/></Attribute></Attributes><ChildElements/><ElementName>mesh</ElementName><required>false</required><FilenameAttribute z:Ref="i156"/></URDFElement></ChildElements><ElementName>geometry</ElementName><required>true</required><Mesh z:Ref="i155"/></URDFElement><URDFElement z:Id="i157" i:type="Material"><Attributes><Attribute z:Id="i158"><AttributeType>name</AttributeType><IsRequired>true</IsRequired><Value i:type="a:string" xmlns:a="http://www.w3.org/2001/XMLSchema"/></Attribute></Attributes><ChildElements><URDFElement z:Id="i159" i:type="Color"><Attributes><Attribute z:Id="i160"><AttributeType>rgba</AttributeType><IsRequired>true</IsRequired><Value i:type="a:ArrayOfdouble" xmlns:a="http://schemas.microsoft.com/2003/10/Serialization/Arrays"><a:double>1</a:double><a:double>1</a:double><a:double>1</a:double><a:double>1</a:double></Value></Attribute></Attributes><ChildElements/><ElementName>color</ElementName><required>false</required><RGBAAttribute z:Ref="i160"/></URDFElement><URDFElement z:Id="i161" i:type="Texture"><Attributes><Attribute z:Id="i162"><AttributeType>filename</AttributeType><IsRequired>true</IsRequired><Value i:nil="true"/></Attribute></Attributes><ChildElements/><ElementName>texture</ElementName><required>false</required><FilenameAttribute z:Ref="i162"/><wFilename/></URDFElement></ChildElements><ElementName>material</ElementName><required>false</required><Color z:Ref="i159"/><NameAttribute z:Ref="i158"/><Texture z:Ref="i161"/></URDFElement></ChildElements><ElementName>visual</ElementName><required>false</required><Geometry z:Ref="i154"/><Material z:Ref="i157"/><Origin z:Ref="i151"/></URDFElement><URDFElement z:Id="i163" i:type="Collision"><Attributes/><ChildElements><URDFElement z:Id="i164" i:type="Origin"><Attributes><Attribute z:Id="i165"><AttributeType>xyz</AttributeType><IsRequired>true</IsRequired><Value i:type="a:ArrayOfdouble" xmlns:a="http://schemas.microsoft.com/2003/10/Serialization/Arrays"><a:double>0</a:double><a:double>0</a:double><a:double>0</a:double></Value></Attribute><Attribute z:Id="i166"><AttributeType>rpy</AttributeType><IsRequired>true</IsRequired><Value i:type="a:ArrayOfdouble" xmlns:a="http://schemas.microsoft.com/2003/10/Serialization/Arrays"><a:double>0</a:double><a:double>0</a:double><a:double>0</a:double></Value></Attribute></Attributes><ChildElements/><ElementName>origin</ElementName><required>false</required><RPYAttribute z:Ref="i166"/><XYZAttribute z:Ref="i165"/><isCustomized>false</isCustomized></URDFElement><URDFElement z:Id="i167" i:type="Geometry"><Attributes/><ChildElements><URDFElement z:Id="i168" i:type="Mesh"><Attributes><Attribute z:Id="i169"><AttributeType>filename</AttributeType><IsRequired>true</IsRequired><Value i:nil="true"/></Attribute></Attributes><ChildElements/><ElementName>mesh</ElementName><required>false</required><FilenameAttribute z:Ref="i169"/></URDFElement></ChildElements><ElementName>geometry</ElementName><required>true</required><Mesh z:Ref="i168"/></URDFElement></ChildElements><ElementName>collision</ElementName><required>false</required><Geometry z:Ref="i167"/><Origin z:Ref="i164"/></URDFElement><URDFElement z:Id="i170" i:type="Joint"><Attributes><Attribute z:Id="i171"><AttributeType>name</AttributeType><IsRequired>true</IsRequired><Value i:type="a:string" xmlns:a="http://www.w3.org/2001/XMLSchema">l_joint</Value></Attribute><Attribute z:Id="i172"><AttributeType>type</AttributeType><IsRequired>true</IsRequired><Value i:type="a:string" xmlns:a="http://www.w3.org/2001/XMLSchema">prismatic</Value></Attribute></Attributes><ChildElements><URDFElement z:Id="i173" i:type="Origin"><Attributes><Attribute z:Id="i174"><AttributeType>xyz</AttributeType><IsRequired>true</IsRequired><Value i:type="a:ArrayOfdouble" xmlns:a="http://schemas.microsoft.com/2003/10/Serialization/Arrays"><a:double>0</a:double><a:double>0</a:double><a:double>0</a:double></Value></Attribute><Attribute z:Id="i175"><AttributeType>rpy</AttributeType><IsRequired>true</IsRequired><Value i:type="a:ArrayOfdouble" xmlns:a="http://schemas.microsoft.com/2003/10/Serialization/Arrays"><a:double>0</a:double><a:double>0</a:double><a:double>0</a:double></Value></Attribute></Attributes><ChildElements/><ElementName>origin</ElementName><required>false</required><RPYAttribute z:Ref="i175"/><XYZAttribute z:Ref="i174"/><isCustomized>false</isCustomized></URDFElement><URDFElement z:Id="i176" i:type="ParentLink"><Attributes><Attribute z:Id="i177"><AttributeType>link</AttributeType><IsRequired>true</IsRequired><Value i:type="a:string" xmlns:a="http://www.w3.org/2001/XMLSchema"/></Attribute></Attributes><ChildElements/><ElementName>parent</ElementName><required>true</required><NameAttribute z:Ref="i177"/></URDFElement><URDFElement z:Id="i178" i:type="ChildLink"><Attributes><Attribute z:Id="i179"><AttributeType>link</AttributeType><IsRequired>true</IsRequired><Value i:type="a:string" xmlns:a="http://www.w3.org/2001/XMLSchema"/></Attribute></Attributes><ChildElements/><ElementName>child</ElementName><required>true</required><NameAttribute z:Ref="i179"/></URDFElement><URDFElement z:Id="i180" i:type="Axis"><Attributes><Attribute z:Id="i181"><AttributeType>xyz</AttributeType><IsRequired>true</IsRequired><Value i:type="a:ArrayOfdouble" xmlns:a="http://schemas.microsoft.com/2003/10/Serialization/Arrays"><a:double>0</a:double><a:double>0</a:double><a:double>0</a:double></Value></Attribute></Attributes><ChildElements/><ElementName>axis</ElementName><required>false</required><XYZAttribute z:Ref="i181"/></URDFElement><URDFElement z:Id="i182" i:type="Limit"><Attributes><Attribute z:Id="i183"><AttributeType>lower</AttributeType><IsRequired>false</IsRequired><Value i:nil="true"/></Attribute><Attribute z:Id="i184"><AttributeType>upper</AttributeType><IsRequired>false</IsRequired><Value i:nil="true"/></Attribute><Attribute z:Id="i185"><AttributeType>effort</AttributeType><IsRequired>true</IsRequired><Value i:nil="true"/></Attribute><Attribute z:Id="i186"><AttributeType>velocity</AttributeType><IsRequired>true</IsRequired><Value i:nil="true"/></Attribute></Attributes><ChildElements/><ElementName>limit</ElementName><required>false</required><EffortAttribute z:Ref="i185"/><LowerAttribute z:Ref="i183"/><UpperAttribute z:Ref="i184"/><VelocityAttribute z:Ref="i186"/></URDFElement><URDFElement z:Id="i187" i:type="Calibration"><Attributes><Attribute z:Id="i188"><AttributeType>rising</AttributeType><IsRequired>false</IsRequired><Value i:nil="true"/></Attribute><Attribute z:Id="i189"><AttributeType>falling</AttributeType><IsRequired>false</IsRequired><Value i:nil="true"/></Attribute></Attributes><ChildElements/><ElementName>calibration</ElementName><required>false</required><FallingAttribute z:Ref="i189"/><RisingAttribute z:Ref="i188"/></URDFElement><URDFElement z:Id="i190" i:type="Dynamics"><Attributes><Attribute z:Id="i191"><AttributeType>damping</AttributeType><IsRequired>false</IsRequired><Value i:nil="true"/></Attribute><Attribute z:Id="i192"><AttributeType>friction</AttributeType><IsRequired>false</IsRequired><Value i:nil="true"/></Attribute></Attributes><ChildElements/><ElementName>dynamics</ElementName><required>false</required><DampingAttribute z:Ref="i191"/><FrictionAttribute z:Ref="i192"/></URDFElement><URDFElement z:Id="i193" i:type="SafetyController"><Attributes><Attribute z:Id="i194"><AttributeType>soft_upper_limit</AttributeType><IsRequired>false</IsRequired><Value i:nil="true"/></Attribute><Attribute z:Id="i195"><AttributeType>soft_lower_limit</AttributeType><IsRequired>false</IsRequired><Value i:nil="true"/></Attribute><Attribute z:Id="i196"><AttributeType>k_position</AttributeType><IsRequired>false</IsRequired><Value i:nil="true"/></Attribute><Attribute z:Id="i197"><AttributeType>k_velocity</AttributeType><IsRequired>true</IsRequired><Value i:nil="true"/></Attribute></Attributes><ChildElements/><ElementName>safety_controller</ElementName><required>false</required><KPositionAttribute z:Ref="i196"/><KVelocityAttribute z:Ref="i197"/><SoftLowerAttribute z:Ref="i195"/><SoftUpperAttribute z:Ref="i194"/></URDFElement><URDFElement z:Id="i198" i:type="Mimic"><Attributes><Attribute z:Id="i199"><AttributeType>joint</AttributeType><IsRequired>true</IsRequired><Value i:nil="true"/></Attribute><Attribute z:Id="i200"><AttributeType>multiplier</AttributeType><IsRequired>false</IsRequired><Value i:nil="true"/></Attribute><Attribute z:Id="i201"><AttributeType>offset</AttributeType><IsRequired>false</IsRequired><Value i:nil="true"/></Attribute></Attributes><ChildElements/><ElementName>mimic</ElementName><required>false</required><JointNameAttribute z:Ref="i199"/><MultiplierAttribute z:Ref="i200"/><OffsetAttribute z:Ref="i201"/></URDFElement></ChildElements><ElementName>joint</ElementName><required>false</required><Axis z:Ref="i180"/><AxisName>_l</AxisName><Calibration z:Ref="i187"/><Child z:Ref="i178"/><CoordinateSystemName>l</CoordinateSystemName><Dynamics z:Ref="i190"/><Limit z:Ref="i182"/><Mimic z:Ref="i198"/><NameAttribute z:Ref="i171"/><Origin z:Ref="i173"/><Parent z:Ref="i176"/><Safety z:Ref="i193"/><TypeAttribute z:Ref="i172"/></URDFElement></ChildElements><ElementName>link</ElementName><required>true</required><Children><Link z:Id="i202"><Attributes><Attribute z:Id="i203"><AttributeType>name</AttributeType><IsRequired>true</IsRequired><Value i:type="a:string" xmlns:a="http://www.w3.org/2001/XMLSchema">l2_Link</Value></Attribute></Attributes><ChildElements><URDFElement z:Id="i204" i:type="Inertial"><Attributes/><ChildElements><URDFElement z:Id="i205" i:type="Origin"><Attributes><Attribute z:Id="i206"><AttributeType>xyz</AttributeType><IsRequired>true</IsRequired><Value i:type="a:ArrayOfdouble" xmlns:a="http://schemas.microsoft.com/2003/10/Serialization/Arrays"><a:double>0</a:double><a:double>0</a:double><a:double>0</a:double></Value></Attribute><Attribute z:Id="i207"><AttributeType>rpy</AttributeType><IsRequired>true</IsRequired><Value i:type="a:ArrayOfdouble" xmlns:a="http://schemas.microsoft.com/2003/10/Serialization/Arrays"><a:double>0</a:double><a:double>0</a:double><a:double>0</a:double></Value></Attribute></Attributes><ChildElements/><ElementName>origin</ElementName><required>false</required><RPYAttribute z:Ref="i207"/><XYZAttribute z:Ref="i206"/><isCustomized>false</isCustomized></URDFElement><URDFElement z:Id="i208" i:type="Mass"><Attributes><Attribute z:Id="i209"><AttributeType>value</AttributeType><IsRequired>true</IsRequired><Value i:type="a:double" xmlns:a="http://www.w3.org/2001/XMLSchema">0</Value></Attribute></Attributes><ChildElements/><ElementName>mass</ElementName><required>false</required><ValueAttribute z:Ref="i209"/></URDFElement><URDFElement z:Id="i210" i:type="Inertia"><Attributes><Attribute z:Id="i211"><AttributeType>ixx</AttributeType><IsRequired>true</IsRequired><Value i:type="a:double" xmlns:a="http://www.w3.org/2001/XMLSchema">0</Value></Attribute><Attribute z:Id="i212"><AttributeType>ixy</AttributeType><IsRequired>true</IsRequired><Value i:type="a:double" xmlns:a="http://www.w3.org/2001/XMLSchema">0</Value></Attribute><Attribute z:Id="i213"><AttributeType>ixz</AttributeType><IsRequired>true</IsRequired><Value i:type="a:double" xmlns:a="http://www.w3.org/2001/XMLSchema">0</Value></Attribute><Attribute z:Id="i214"><AttributeType>iyy</AttributeType><IsRequired>true</IsRequired><Value i:type="a:double" xmlns:a="http://www.w3.org/2001/XMLSchema">0</Value></Attribute><Attribute z:Id="i215"><AttributeType>iyz</AttributeType><IsRequired>true</IsRequired><Value i:type="a:double" xmlns:a="http://www.w3.org/2001/XMLSchema">0</Value></Attribute><Attribute z:Id="i216"><AttributeType>izz</AttributeType><IsRequired>true</IsRequired><Value i:type="a:double" xmlns:a="http://www.w3.org/2001/XMLSchema">0</Value></Attribute></Attributes><ChildElements/><ElementName>inertia</ElementName><required>false</required><IxxAttribute z:Ref="i211"/><IxyAttribute z:Ref="i212"/><IxzAttribute z:Ref="i213"/><IyyAttribute z:Ref="i214"/><IyzAttribute z:Ref="i215"/><IzzAttribute z:Ref="i216"/></URDFElement></ChildElements><ElementName>inertial</ElementName><required>false</required><Inertia z:Ref="i210"/><Mass z:Ref="i208"/><Origin z:Ref="i205"/></URDFElement><URDFElement z:Id="i217" i:type="Visual"><Attributes/><ChildElements><URDFElement z:Id="i218" i:type="Origin"><Attributes><Attribute z:Id="i219"><AttributeType>xyz</AttributeType><IsRequired>true</IsRequired><Value i:type="a:ArrayOfdouble" xmlns:a="http://schemas.microsoft.com/2003/10/Serialization/Arrays"><a:double>0</a:double><a:double>0</a:double><a:double>0</a:double></Value></Attribute><Attribute z:Id="i220"><AttributeType>rpy</AttributeType><IsRequired>true</IsRequired><Value i:type="a:ArrayOfdouble" xmlns:a="http://schemas.microsoft.com/2003/10/Serialization/Arrays"><a:double>0</a:double><a:double>0</a:double><a:double>0</a:double></Value></Attribute></Attributes><ChildElements/><ElementName>origin</ElementName><required>false</required><RPYAttribute z:Ref="i220"/><XYZAttribute z:Ref="i219"/><isCustomized>false</isCustomized></URDFElement><URDFElement z:Id="i221" i:type="Geometry"><Attributes/><ChildElements><URDFElement z:Id="i222" i:type="Mesh"><Attributes><Attribute z:Id="i223"><AttributeType>filename</AttributeType><IsRequired>true</IsRequired><Value i:nil="true"/></Attribute></Attributes><ChildElements/><ElementName>mesh</ElementName><required>false</required><FilenameAttribute z:Ref="i223"/></URDFElement></ChildElements><ElementName>geometry</ElementName><required>true</required><Mesh z:Ref="i222"/></URDFElement><URDFElement z:Id="i224" i:type="Material"><Attributes><Attribute z:Id="i225"><AttributeType>name</AttributeType><IsRequired>true</IsRequired><Value i:type="a:string" xmlns:a="http://www.w3.org/2001/XMLSchema"/></Attribute></Attributes><ChildElements><URDFElement z:Id="i226" i:type="Color"><Attributes><Attribute z:Id="i227"><AttributeType>rgba</AttributeType><IsRequired>true</IsRequired><Value i:type="a:ArrayOfdouble" xmlns:a="http://schemas.microsoft.com/2003/10/Serialization/Arrays"><a:double>1</a:double><a:double>1</a:double><a:double>1</a:double><a:double>1</a:double></Value></Attribute></Attributes><ChildElements/><ElementName>color</ElementName><required>false</required><RGBAAttribute z:Ref="i227"/></URDFElement><URDFElement z:Id="i228" i:type="Texture"><Attributes><Attribute z:Id="i229"><AttributeType>filename</AttributeType><IsRequired>true</IsRequired><Value i:nil="true"/></Attribute></Attributes><ChildElements/><ElementName>texture</ElementName><required>false</required><FilenameAttribute z:Ref="i229"/><wFilename/></URDFElement></ChildElements><ElementName>material</ElementName><required>false</required><Color z:Ref="i226"/><NameAttribute z:Ref="i225"/><Texture z:Ref="i228"/></URDFElement></ChildElements><ElementName>visual</ElementName><required>false</required><Geometry z:Ref="i221"/><Material z:Ref="i224"/><Origin z:Ref="i218"/></URDFElement><URDFElement z:Id="i230" i:type="Collision"><Attributes/><ChildElements><URDFElement z:Id="i231" i:type="Origin"><Attributes><Attribute z:Id="i232"><AttributeType>xyz</AttributeType><IsRequired>true</IsRequired><Value i:type="a:ArrayOfdouble" xmlns:a="http://schemas.microsoft.com/2003/10/Serialization/Arrays"><a:double>0</a:double><a:double>0</a:double><a:double>0</a:double></Value></Attribute><Attribute z:Id="i233"><AttributeType>rpy</AttributeType><IsRequired>true</IsRequired><Value i:type="a:ArrayOfdouble" xmlns:a="http://schemas.microsoft.com/2003/10/Serialization/Arrays"><a:double>0</a:double><a:double>0</a:double><a:double>0</a:double></Value></Attribute></Attributes><ChildElements/><ElementName>origin</ElementName><required>false</required><RPYAttribute z:Ref="i233"/><XYZAttribute z:Ref="i232"/><isCustomized>false</isCustomized></URDFElement><URDFElement z:Id="i234" i:type="Geometry"><Attributes/><ChildElements><URDFElement z:Id="i235" i:type="Mesh"><Attributes><Attribute z:Id="i236"><AttributeType>filename</AttributeType><IsRequired>true</IsRequired><Value i:nil="true"/></Attribute></Attributes><ChildElements/><ElementName>mesh</ElementName><required>false</required><FilenameAttribute z:Ref="i236"/></URDFElement></ChildElements><ElementName>geometry</ElementName><required>true</required><Mesh z:Ref="i235"/></URDFElement></ChildElements><ElementName>collision</ElementName><required>false</required><Geometry z:Ref="i234"/><Origin z:Ref="i231"/></URDFElement><URDFElement z:Id="i237" i:type="Joint"><Attributes><Attribute z:Id="i238"><AttributeType>name</AttributeType><IsRequired>true</IsRequired><Value i:type="a:string" xmlns:a="http://www.w3.org/2001/XMLSchema">l2_joint</Value></Attribute><Attribute z:Id="i239"><AttributeType>type</AttributeType><IsRequired>true</IsRequired><Value i:type="a:string" xmlns:a="http://www.w3.org/2001/XMLSchema">prismatic</Value></Attribute></Attributes><ChildElements><URDFElement z:Id="i240" i:type="Origin"><Attributes><Attribute z:Id="i241"><AttributeType>xyz</AttributeType><IsRequired>true</IsRequired><Value i:type="a:ArrayOfdouble" xmlns:a="http://schemas.microsoft.com/2003/10/Serialization/Arrays"><a:double>0</a:double><a:double>0</a:double><a:double>0</a:double></Value></Attribute><Attribute z:Id="i242"><AttributeType>rpy</AttributeType><IsRequired>true</IsRequired><Value i:type="a:ArrayOfdouble" xmlns:a="http://schemas.microsoft.com/2003/10/Serialization/Arrays"><a:double>0</a:double><a:double>0</a:double><a:double>0</a:double></Value></Attribute></Attributes><ChildElements/><ElementName>origin</ElementName><required>false</required><RPYAttribute z:Ref="i242"/><XYZAttribute z:Ref="i241"/><isCustomized>false</isCustomized></URDFElement><URDFElement z:Id="i243" i:type="ParentLink"><Attributes><Attribute z:Id="i244"><AttributeType>link</AttributeType><IsRequired>true</IsRequired><Value i:type="a:string" xmlns:a="http://www.w3.org/2001/XMLSchema"/></Attribute></Attributes><ChildElements/><ElementName>parent</ElementName><required>true</required><NameAttribute z:Ref="i244"/></URDFElement><URDFElement z:Id="i245" i:type="ChildLink"><Attributes><Attribute z:Id="i246"><AttributeType>link</AttributeType><IsRequired>true</IsRequired><Value i:type="a:string" xmlns:a="http://www.w3.org/2001/XMLSchema"/></Attribute></Attributes><ChildElements/><ElementName>child</ElementName><required>true</required><NameAttribute z:Ref="i246"/></URDFElement><URDFElement z:Id="i247" i:type="Axis"><Attributes><Attribute z:Id="i248"><AttributeType>xyz</AttributeType><IsRequired>true</IsRequired><Value i:type="a:ArrayOfdouble" xmlns:a="http://schemas.microsoft.com/2003/10/Serialization/Arrays"><a:double>0</a:double><a:double>0</a:double><a:double>0</a:double></Value></Attribute></Attributes><ChildElements/><ElementName>axis</ElementName><required>false</required><XYZAttribute z:Ref="i248"/></URDFElement><URDFElement z:Id="i249" i:type="Limit"><Attributes><Attribute z:Id="i250"><AttributeType>lower</AttributeType><IsRequired>false</IsRequired><Value i:nil="true"/></Attribute><Attribute z:Id="i251"><AttributeType>upper</AttributeType><IsRequired>false</IsRequired><Value i:nil="true"/></Attribute><Attribute z:Id="i252"><AttributeType>effort</AttributeType><IsRequired>true</IsRequired><Value i:nil="true"/></Attribute><Attribute z:Id="i253"><AttributeType>velocity</AttributeType><IsRequired>true</IsRequired><Value i:nil="true"/></Attribute></Attributes><ChildElements/><ElementName>limit</ElementName><required>false</required><EffortAttribute z:Ref="i252"/><LowerAttribute z:Ref="i250"/><UpperAttribute z:Ref="i251"/><VelocityAttribute z:Ref="i253"/></URDFElement><URDFElement z:Id="i254" i:type="Calibration"><Attributes><Attribute z:Id="i255"><AttributeType>rising</AttributeType><IsRequired>false</IsRequired><Value i:nil="true"/></Attribute><Attribute z:Id="i256"><AttributeType>falling</AttributeType><IsRequired>false</IsRequired><Value i:nil="true"/></Attribute></Attributes><ChildElements/><ElementName>calibration</ElementName><required>false</required><FallingAttribute z:Ref="i256"/><RisingAttribute z:Ref="i255"/></URDFElement><URDFElement z:Id="i257" i:type="Dynamics"><Attributes><Attribute z:Id="i258"><AttributeType>damping</AttributeType><IsRequired>false</IsRequired><Value i:nil="true"/></Attribute><Attribute z:Id="i259"><AttributeType>friction</AttributeType><IsRequired>false</IsRequired><Value i:nil="true"/></Attribute></Attributes><ChildElements/><ElementName>dynamics</ElementName><required>false</required><DampingAttribute z:Ref="i258"/><FrictionAttribute z:Ref="i259"/></URDFElement><URDFElement z:Id="i260" i:type="SafetyController"><Attributes><Attribute z:Id="i261"><AttributeType>soft_upper_limit</AttributeType><IsRequired>false</IsRequired><Value i:nil="true"/></Attribute><Attribute z:Id="i262"><AttributeType>soft_lower_limit</AttributeType><IsRequired>false</IsRequired><Value i:nil="true"/></Attribute><Attribute z:Id="i263"><AttributeType>k_position</AttributeType><IsRequired>false</IsRequired><Value i:nil="true"/></Attribute><Attribute z:Id="i264"><AttributeType>k_velocity</AttributeType><IsRequired>true</IsRequired><Value i:nil="true"/></Attribute></Attributes><ChildElements/><ElementName>safety_controller</ElementName><required>false</required><KPositionAttribute z:Ref="i263"/><KVelocityAttribute z:Ref="i264"/><SoftLowerAttribute z:Ref="i262"/><SoftUpperAttribute z:Ref="i261"/></URDFElement><URDFElement z:Id="i265" i:type="Mimic"><Attributes><Attribute z:Id="i266"><AttributeType>joint</AttributeType><IsRequired>true</IsRequired><Value i:nil="true"/></Attribute><Attribute z:Id="i267"><AttributeType>multiplier</AttributeType><IsRequired>false</IsRequired><Value i:nil="true"/></Attribute><Attribute z:Id="i268"><AttributeType>offset</AttributeType><IsRequired>false</IsRequired><Value i:nil="true"/></Attribute></Attributes><ChildElements/><ElementName>mimic</ElementName><required>false</required><JointNameAttribute z:Ref="i266"/><MultiplierAttribute z:Ref="i267"/><OffsetAttribute z:Ref="i268"/></URDFElement></ChildElements><ElementName>joint</ElementName><required>false</required><Axis z:Ref="i247"/><AxisName>_l2</AxisName><Calibration z:Ref="i254"/><Child z:Ref="i245"/><CoordinateSystemName>l2</CoordinateSystemName><Dynamics z:Ref="i257"/><Limit z:Ref="i249"/><Mimic z:Ref="i265"/><NameAttribute z:Ref="i238"/><Origin z:Ref="i240"/><Parent z:Ref="i243"/><Safety z:Ref="i260"/><TypeAttribute z:Ref="i239"/></URDFElement></ChildElements><ElementName>link</ElementName><required>true</required><Children/><Collision z:Ref="i230"/><Inertial z:Ref="i204"/><Joint z:Ref="i237"/><NameAttribute z:Ref="i203"/><Parent z:Ref="i135"/><STLQualityFine>false</STLQualityFine><SWComponentPIDs xmlns:a="http://schemas.microsoft.com/2003/10/Serialization/Arrays"><a:base64Binary>aEIAAAUAAAD//v9MUwAwADUAMAA2AC0AUwAyADIAMAAwADgAMQA3AC0ANgAwAC0AMAAxADAAMAAtAEEALQBYADEALQAxAEAAxYhNkVNPOABeAOdi1naTYktiLwBVAFkANgAtADQAMAAtADEAQABTADAANQAwADYALQBTADIAMgAwADAAOAAxADcALQA2ADAALQAwADEAMAAwAC0AQQAtAFgAMQAEAAAAEAAAAAEAAAACAAAAHAAAAB0AAAA=</a:base64Binary><a:base64Binary>aEIAAAUAAAD//v9NUwAwADUAMAA2AC0AUwAyADIAMAAwADgAMQA3AC0ANgAwAC0AMAAxADAAMAAtAEEALQBYADEALQAxAEAAxYhNkVNPOABeAOdi1naTYktiLwBNAFMAQgA2AC0AMwA1AC0AMQBAAFMAMAA1ADAANgAtAFMAMgAyADAAMAA4ADEANwAtADYAMAAtADAAMQAwADAALQBBAC0AWAAxAAQAAAAQAAAAAQAAAAIAAAAcAAAAIQAAAA==</a:base64Binary><a:base64Binary>aEIAAAUAAAD//v9MUwAwADUAMAA2AC0AUwAyADIAMAAwADgAMQA3AC0ANgAwAC0AMAAxADAAMAAtAEEALQBYADEALQAxAEAAxYhNkVNPOABeAOdi1naTYktiLwBVAFkANgAtADQAMAAtADIAQABTADAANQAwADYALQBTADIAMgAwADAAOAAxADcALQA2ADAALQAwADEAMAAwAC0AQQAtAFgAMQAEAAAAEAAAAAEAAAACAAAAHAAAAB4AAAA=</a:base64Binary><a:base64Binary>aEIAAAUAAAD//v9cUwAwADUAMAA2AC0AUwAyADIAMAAwADgAMQA3AC0ANgAwAC0AMAAxADAAMAAtAEEALQBYADEALQAxAEAAxYhNkVNPOABeAOdi1naTYktiLwBYAFkAMgA2ADAAMwAwADQALQAyAEEALgAwADIALQAwADQAIADLZdZ2OVkqci0AMQBAAFMAMAA1ADAANgAtAFMAMgAyADAAMAA4ADEANwAtADYAMAAtADAAMQAwADAALQBBAC0AWAAxAAQAAAAQAAAAAQAAAAIAAAAcAAAAIwAAAA==</a:base64Binary><a:base64Binary>aEIAAAUAAAD//v+YUwAwADUAMAA2AC0AUwAyADIAMAAwADgAMQA3AC0ANgAwAC0AMAAxADAAMAAtAEEALQBYADEALQAxAEAAxYhNkVNPOABeAOdi1naTYktiLwBNAEcATgA5AEMAMQBSADcAMABFADUAWgAwAEMAKADYnqSLLQBfAGYAbABlAHgAaQBiAGwAZQAxACkALQAxAEAAUwAwADUAMAA2AC0AUwAyADIAMAAwADgAMQA3AC0ANgAwAC0AMAAxADAAMAAtAEEALQBYADEALwBTADAANQAwADYALQBNAEcATgA5AEMALQDRbldXLQBTADAAOAAyADEALQAxAEAATQBHAE4AOQBDADEAUgA3ADAARQA1AFoAMABDACgA2J6kiy0AXwBmAGwAZQB4AGkAYgBsAGUAMQApAAQAAAAQAAAAAQAAAAMAAAAcAAAAHAAAAB0AAAA=</a:base64Binary></SWComponentPIDs><SWMainComponentPID i:nil="true"/><Visual z:Ref="i217"/><isFixedFrame>false</isFixedFrame><isIncomplete>false</isIncomplete></Link></Children><Collision z:Ref="i163"/><Inertial z:Ref="i137"/><Joint z:Ref="i170"/><NameAttribute z:Ref="i136"/><Parent z:Ref="i68"/><STLQualityFine>false</STLQualityFine><SWComponentPIDs xmlns:a="http://schemas.microsoft.com/2003/10/Serialization/Arrays"><a:base64Binary>aEIAAAUAAAD//v9fUwAwADUAMAA2AC0AUwAyADIAMAAwADgAMQA3AC0ANgAwAC0AMAAxADAAMAAtAEEALQBYADEALQAxAEAAxYhNkVNPOABeAOdi1naTYktiLwBYAFkAMgA2ADAAMwAwADQALQAyAEEALgAwADIALQAwADMAIADLZWyPOVkqct6PpWP2Ti0AMQBAAFMAMAA1ADAANgAtAFMAMgAyADAAMAA4ADEANwAtADYAMAAtADAAMQAwADAALQBBAC0AWAAxAAQAAAAQAAAAAQAAAAIAAAAcAAAAIgAAAA==</a:base64Binary><a:base64Binary>aEIAAAUAAAD//v9eUwAwADUAMAA2AC0AUwAyADIAMAAwADgAMQA3AC0ANgAwAC0AMAAxADAAMAAtAEEALQBYADEALQAxAEAAxYhNkVNPOABeAOdi1naTYktiLwBYAFkAMgA2ADAAMwAwADQALQAyAEEALgAwADIALQAwADUAIAAgANFuaI+JW8WIf2ctADEAQABTADAANQAwADYALQBTADIAMgAwADAAOAAxADcALQA2ADAALQAwADEAMAAwAC0AQQAtAFgAMQAEAAAAEAAAAAEAAAACAAAAHAAAACQAAAA=</a:base64Binary><a:base64Binary>aEIAAAUAAAD//v+VUwAwADUAMAA2AC0AUwAyADIAMAAwADgAMQA3AC0ANgAwAC0AMAAxADAAMAAtAEEALQBYADEALQAxAEAAxYhNkVNPOABeAOdi1naTYktiLwBNAEcATgA5AEMAMQBSADcAMABFADUAWgAwAEMAKADYnqSLLQBfAGYAbABlAHgAaQBiAGwAZQAxACkALQAxAEAAUwAwADUAMAA2AC0AUwAyADIAMAAwADgAMQA3AC0ANgAwAC0AMAAxADAAMAAtAEEALQBYADEALwBTADAANQAwADYALQBNAEcATgA5AEMALQDRbmiPLQA1ADAALQAxAEAATQBHAE4AOQBDADEAUgA3ADAARQA1AFoAMABDACgA2J6kiy0AXwBmAGwAZQB4AGkAYgBsAGUAMQApAAQAAAAQAAAAAQAAAAMAAAAcAAAAHAAAABwAAAA=</a:base64Binary><a:base64Binary>aEIAAAUAAAD//v/IUgBHAEkAQwAtADEAMAAwAC0AMwA1AC0ATwAtAFMAXwCAexNmIWqLV18AMgAwADIANQAwADEAMAA4AC0AMQBAAMWITZFTTzgAXgDnYtZ2k2JLYi8AUgBHAEkAQwAtADEAMAAwAC0AMwA1AC0ATwAtAFMAXwCAexNmIWqLV18AMgAwADIANQAwADEAMAA4AC4AUwBUAEUAUAAtADEAQABSAEcASQBDAC0AMQAwADAALQAzADUALQBPAC0AUwBfAIB7E2YhaotXXwAyADAAMgA1ADAAMQAwADgALwBfAF8AXwBfACAAXwBfAF8AXwBfAF8AXwBfAF8AUgBHAEkAQwAtADEAMAAwAC0AMwA1AC0ATwAtAFMAXwBfAF8AXwBfAF8AXwBfAF8AXwAyADAAMgA1ADAAMQAwADgALQAwAC4AUwBUAEUAUAAtADIAQABSAEcASQBDAC0AMQAwADAALQAzADUALQBPAC0AUwBfAIB7E2YhaotXXwAyADAAMgA1ADAAMQAwADgALgBTAFQARQBQAAQAAAAQAAAAAQAAAAMAAAAgAAAAHAAAAB8AAAA=</a:base64Binary><a:base64Binary>aEIAAAUAAAD//v9dUwAwADUAMAA2AC0AUwAyADIAMAAwADgAMQA3AC0ANgAwAC0AMAAxADAAMAAtAEEALQBYADEALQAxAEAAxYhNkVNPOABeAOdi1naTYktiLwBTADAANQAwADYALQDGAzMAIAAAlYmUKABfAMYDMwAtADEAMAAgACAAAJWJlCkALQAyAEAAUwAwADUAMAA2AC0AUwAyADIAMAAwADgAMQA3AC0ANgAwAC0AMAAxADAAMAAtAEEALQBYADEABAAAABAAAAABAAAAAgAAABwAAAAgAAAA</a:base64Binary><a:base64Binary>aEIAAAUAAAD//v9dUwAwADUAMAA2AC0AUwAyADIAMAAwADgAMQA3AC0ANgAwAC0AMAAxADAAMAAtAEEALQBYADEALQAxAEAAxYhNkVNPOABeAOdi1naTYktiLwBTADAANQAwADYALQDGAzMAIAAAlYmUKABfAMYDMwAtADEAMAAgACAAAJWJlCkALQAxAEAAUwAwADUAMAA2AC0AUwAyADIAMAAwADgAMQA3AC0ANgAwAC0AMAAxADAAMAAtAEEALQBYADEABAAAABAAAAABAAAAAgAAABwAAAAfAAAA</a:base64Binary></SWComponentPIDs><SWMainComponentPID i:nil="true"/><Visual z:Ref="i150"/><isFixedFrame>false</isFixedFrame><isIncomplete>false</isIncomplete></Link><Link z:Id="i269"><Attributes><Attribute z:Id="i270"><AttributeType>name</AttributeType><IsRequired>true</IsRequired><Value i:type="a:string" xmlns:a="http://www.w3.org/2001/XMLSchema">r_Link</Value></Attribute></Attributes><ChildElements><URDFElement z:Id="i271" i:type="Inertial"><Attributes/><ChildElements><URDFElement z:Id="i272" i:type="Origin"><Attributes><Attribute z:Id="i273"><AttributeType>xyz</AttributeType><IsRequired>true</IsRequired><Value i:type="a:ArrayOfdouble" xmlns:a="http://schemas.microsoft.com/2003/10/Serialization/Arrays"><a:double>0</a:double><a:double>0</a:double><a:double>0</a:double></Value></Attribute><Attribute z:Id="i274"><AttributeType>rpy</AttributeType><IsRequired>true</IsRequired><Value i:type="a:ArrayOfdouble" xmlns:a="http://schemas.microsoft.com/2003/10/Serialization/Arrays"><a:double>0</a:double><a:double>0</a:double><a:double>0</a:double></Value></Attribute></Attributes><ChildElements/><ElementName>origin</ElementName><required>false</required><RPYAttribute z:Ref="i274"/><XYZAttribute z:Ref="i273"/><isCustomized>false</isCustomized></URDFElement><URDFElement z:Id="i275" i:type="Mass"><Attributes><Attribute z:Id="i276"><AttributeType>value</AttributeType><IsRequired>true</IsRequired><Value i:type="a:double" xmlns:a="http://www.w3.org/2001/XMLSchema">0</Value></Attribute></Attributes><ChildElements/><ElementName>mass</ElementName><required>false</required><ValueAttribute z:Ref="i276"/></URDFElement><URDFElement z:Id="i277" i:type="Inertia"><Attributes><Attribute z:Id="i278"><AttributeType>ixx</AttributeType><IsRequired>true</IsRequired><Value i:type="a:double" xmlns:a="http://www.w3.org/2001/XMLSchema">0</Value></Attribute><Attribute z:Id="i279"><AttributeType>ixy</AttributeType><IsRequired>true</IsRequired><Value i:type="a:double" xmlns:a="http://www.w3.org/2001/XMLSchema">0</Value></Attribute><Attribute z:Id="i280"><AttributeType>ixz</AttributeType><IsRequired>true</IsRequired><Value i:type="a:double" xmlns:a="http://www.w3.org/2001/XMLSchema">0</Value></Attribute><Attribute z:Id="i281"><AttributeType>iyy</AttributeType><IsRequired>true</IsRequired><Value i:type="a:double" xmlns:a="http://www.w3.org/2001/XMLSchema">0</Value></Attribute><Attribute z:Id="i282"><AttributeType>iyz</AttributeType><IsRequired>true</IsRequired><Value i:type="a:double" xmlns:a="http://www.w3.org/2001/XMLSchema">0</Value></Attribute><Attribute z:Id="i283"><AttributeType>izz</AttributeType><IsRequired>true</IsRequired><Value i:type="a:double" xmlns:a="http://www.w3.org/2001/XMLSchema">0</Value></Attribute></Attributes><ChildElements/><ElementName>inertia</ElementName><required>false</required><IxxAttribute z:Ref="i278"/><IxyAttribute z:Ref="i279"/><IxzAttribute z:Ref="i280"/><IyyAttribute z:Ref="i281"/><IyzAttribute z:Ref="i282"/><IzzAttribute z:Ref="i283"/></URDFElement></ChildElements><ElementName>inertial</ElementName><required>false</required><Inertia z:Ref="i277"/><Mass z:Ref="i275"/><Origin z:Ref="i272"/></URDFElement><URDFElement z:Id="i284" i:type="Visual"><Attributes/><ChildElements><URDFElement z:Id="i285" i:type="Origin"><Attributes><Attribute z:Id="i286"><AttributeType>xyz</AttributeType><IsRequired>true</IsRequired><Value i:type="a:ArrayOfdouble" xmlns:a="http://schemas.microsoft.com/2003/10/Serialization/Arrays"><a:double>0</a:double><a:double>0</a:double><a:double>0</a:double></Value></Attribute><Attribute z:Id="i287"><AttributeType>rpy</AttributeType><IsRequired>true</IsRequired><Value i:type="a:ArrayOfdouble" xmlns:a="http://schemas.microsoft.com/2003/10/Serialization/Arrays"><a:double>0</a:double><a:double>0</a:double><a:double>0</a:double></Value></Attribute></Attributes><ChildElements/><ElementName>origin</ElementName><required>false</required><RPYAttribute z:Ref="i287"/><XYZAttribute z:Ref="i286"/><isCustomized>false</isCustomized></URDFElement><URDFElement z:Id="i288" i:type="Geometry"><Attributes/><ChildElements><URDFElement z:Id="i289" i:type="Mesh"><Attributes><Attribute z:Id="i290"><AttributeType>filename</AttributeType><IsRequired>true</IsRequired><Value i:nil="true"/></Attribute></Attributes><ChildElements/><ElementName>mesh</ElementName><required>false</required><FilenameAttribute z:Ref="i290"/></URDFElement></ChildElements><ElementName>geometry</ElementName><required>true</required><Mesh z:Ref="i289"/></URDFElement><URDFElement z:Id="i291" i:type="Material"><Attributes><Attribute z:Id="i292"><AttributeType>name</AttributeType><IsRequired>true</IsRequired><Value i:type="a:string" xmlns:a="http://www.w3.org/2001/XMLSchema"/></Attribute></Attributes><ChildElements><URDFElement z:Id="i293" i:type="Color"><Attributes><Attribute z:Id="i294"><AttributeType>rgba</AttributeType><IsRequired>true</IsRequired><Value i:type="a:ArrayOfdouble" xmlns:a="http://schemas.microsoft.com/2003/10/Serialization/Arrays"><a:double>1</a:double><a:double>1</a:double><a:double>1</a:double><a:double>1</a:double></Value></Attribute></Attributes><ChildElements/><ElementName>color</ElementName><required>false</required><RGBAAttribute z:Ref="i294"/></URDFElement><URDFElement z:Id="i295" i:type="Texture"><Attributes><Attribute z:Id="i296"><AttributeType>filename</AttributeType><IsRequired>true</IsRequired><Value i:nil="true"/></Attribute></Attributes><ChildElements/><ElementName>texture</ElementName><required>false</required><FilenameAttribute z:Ref="i296"/><wFilename/></URDFElement></ChildElements><ElementName>material</ElementName><required>false</required><Color z:Ref="i293"/><NameAttribute z:Ref="i292"/><Texture z:Ref="i295"/></URDFElement></ChildElements><ElementName>visual</ElementName><required>false</required><Geometry z:Ref="i288"/><Material z:Ref="i291"/><Origin z:Ref="i285"/></URDFElement><URDFElement z:Id="i297" i:type="Collision"><Attributes/><ChildElements><URDFElement z:Id="i298" i:type="Origin"><Attributes><Attribute z:Id="i299"><AttributeType>xyz</AttributeType><IsRequired>true</IsRequired><Value i:type="a:ArrayOfdouble" xmlns:a="http://schemas.microsoft.com/2003/10/Serialization/Arrays"><a:double>0</a:double><a:double>0</a:double><a:double>0</a:double></Value></Attribute><Attribute z:Id="i300"><AttributeType>rpy</AttributeType><IsRequired>true</IsRequired><Value i:type="a:ArrayOfdouble" xmlns:a="http://schemas.microsoft.com/2003/10/Serialization/Arrays"><a:double>0</a:double><a:double>0</a:double><a:double>0</a:double></Value></Attribute></Attributes><ChildElements/><ElementName>origin</ElementName><required>false</required><RPYAttribute z:Ref="i300"/><XYZAttribute z:Ref="i299"/><isCustomized>false</isCustomized></URDFElement><URDFElement z:Id="i301" i:type="Geometry"><Attributes/><ChildElements><URDFElement z:Id="i302" i:type="Mesh"><Attributes><Attribute z:Id="i303"><AttributeType>filename</AttributeType><IsRequired>true</IsRequired><Value i:nil="true"/></Attribute></Attributes><ChildElements/><ElementName>mesh</ElementName><required>false</required><FilenameAttribute z:Ref="i303"/></URDFElement></ChildElements><ElementName>geometry</ElementName><required>true</required><Mesh z:Ref="i302"/></URDFElement></ChildElements><ElementName>collision</ElementName><required>false</required><Geometry z:Ref="i301"/><Origin z:Ref="i298"/></URDFElement><URDFElement z:Id="i304" i:type="Joint"><Attributes><Attribute z:Id="i305"><AttributeType>name</AttributeType><IsRequired>true</IsRequired><Value i:type="a:string" xmlns:a="http://www.w3.org/2001/XMLSchema">r_joint</Value></Attribute><Attribute z:Id="i306"><AttributeType>type</AttributeType><IsRequired>true</IsRequired><Value i:type="a:string" xmlns:a="http://www.w3.org/2001/XMLSchema">prismatic</Value></Attribute></Attributes><ChildElements><URDFElement z:Id="i307" i:type="Origin"><Attributes><Attribute z:Id="i308"><AttributeType>xyz</AttributeType><IsRequired>true</IsRequired><Value i:type="a:ArrayOfdouble" xmlns:a="http://schemas.microsoft.com/2003/10/Serialization/Arrays"><a:double>0</a:double><a:double>0</a:double><a:double>0</a:double></Value></Attribute><Attribute z:Id="i309"><AttributeType>rpy</AttributeType><IsRequired>true</IsRequired><Value i:type="a:ArrayOfdouble" xmlns:a="http://schemas.microsoft.com/2003/10/Serialization/Arrays"><a:double>0</a:double><a:double>0</a:double><a:double>0</a:double></Value></Attribute></Attributes><ChildElements/><ElementName>origin</ElementName><required>false</required><RPYAttribute z:Ref="i309"/><XYZAttribute z:Ref="i308"/><isCustomized>false</isCustomized></URDFElement><URDFElement z:Id="i310" i:type="ParentLink"><Attributes><Attribute z:Id="i311"><AttributeType>link</AttributeType><IsRequired>true</IsRequired><Value i:type="a:string" xmlns:a="http://www.w3.org/2001/XMLSchema"/></Attribute></Attributes><ChildElements/><ElementName>parent</ElementName><required>true</required><NameAttribute z:Ref="i311"/></URDFElement><URDFElement z:Id="i312" i:type="ChildLink"><Attributes><Attribute z:Id="i313"><AttributeType>link</AttributeType><IsRequired>true</IsRequired><Value i:type="a:string" xmlns:a="http://www.w3.org/2001/XMLSchema"/></Attribute></Attributes><ChildElements/><ElementName>child</ElementName><required>true</required><NameAttribute z:Ref="i313"/></URDFElement><URDFElement z:Id="i314" i:type="Axis"><Attributes><Attribute z:Id="i315"><AttributeType>xyz</AttributeType><IsRequired>true</IsRequired><Value i:type="a:ArrayOfdouble" xmlns:a="http://schemas.microsoft.com/2003/10/Serialization/Arrays"><a:double>0</a:double><a:double>0</a:double><a:double>0</a:double></Value></Attribute></Attributes><ChildElements/><ElementName>axis</ElementName><required>false</required><XYZAttribute z:Ref="i315"/></URDFElement><URDFElement z:Id="i316" i:type="Limit"><Attributes><Attribute z:Id="i317"><AttributeType>lower</AttributeType><IsRequired>false</IsRequired><Value i:nil="true"/></Attribute><Attribute z:Id="i318"><AttributeType>upper</AttributeType><IsRequired>false</IsRequired><Value i:nil="true"/></Attribute><Attribute z:Id="i319"><AttributeType>effort</AttributeType><IsRequired>true</IsRequired><Value i:nil="true"/></Attribute><Attribute z:Id="i320"><AttributeType>velocity</AttributeType><IsRequired>true</IsRequired><Value i:nil="true"/></Attribute></Attributes><ChildElements/><ElementName>limit</ElementName><required>false</required><EffortAttribute z:Ref="i319"/><LowerAttribute z:Ref="i317"/><UpperAttribute z:Ref="i318"/><VelocityAttribute z:Ref="i320"/></URDFElement><URDFElement z:Id="i321" i:type="Calibration"><Attributes><Attribute z:Id="i322"><AttributeType>rising</AttributeType><IsRequired>false</IsRequired><Value i:nil="true"/></Attribute><Attribute z:Id="i323"><AttributeType>falling</AttributeType><IsRequired>false</IsRequired><Value i:nil="true"/></Attribute></Attributes><ChildElements/><ElementName>calibration</ElementName><required>false</required><FallingAttribute z:Ref="i323"/><RisingAttribute z:Ref="i322"/></URDFElement><URDFElement z:Id="i324" i:type="Dynamics"><Attributes><Attribute z:Id="i325"><AttributeType>damping</AttributeType><IsRequired>false</IsRequired><Value i:nil="true"/></Attribute><Attribute z:Id="i326"><AttributeType>friction</AttributeType><IsRequired>false</IsRequired><Value i:nil="true"/></Attribute></Attributes><ChildElements/><ElementName>dynamics</ElementName><required>false</required><DampingAttribute z:Ref="i325"/><FrictionAttribute z:Ref="i326"/></URDFElement><URDFElement z:Id="i327" i:type="SafetyController"><Attributes><Attribute z:Id="i328"><AttributeType>soft_upper_limit</AttributeType><IsRequired>false</IsRequired><Value i:nil="true"/></Attribute><Attribute z:Id="i329"><AttributeType>soft_lower_limit</AttributeType><IsRequired>false</IsRequired><Value i:nil="true"/></Attribute><Attribute z:Id="i330"><AttributeType>k_position</AttributeType><IsRequired>false</IsRequired><Value i:nil="true"/></Attribute><Attribute z:Id="i331"><AttributeType>k_velocity</AttributeType><IsRequired>true</IsRequired><Value i:nil="true"/></Attribute></Attributes><ChildElements/><ElementName>safety_controller</ElementName><required>false</required><KPositionAttribute z:Ref="i330"/><KVelocityAttribute z:Ref="i331"/><SoftLowerAttribute z:Ref="i329"/><SoftUpperAttribute z:Ref="i328"/></URDFElement><URDFElement z:Id="i332" i:type="Mimic"><Attributes><Attribute z:Id="i333"><AttributeType>joint</AttributeType><IsRequired>true</IsRequired><Value i:nil="true"/></Attribute><Attribute z:Id="i334"><AttributeType>multiplier</AttributeType><IsRequired>false</IsRequired><Value i:nil="true"/></Attribute><Attribute z:Id="i335"><AttributeType>offset</AttributeType><IsRequired>false</IsRequired><Value i:nil="true"/></Attribute></Attributes><ChildElements/><ElementName>mimic</ElementName><required>false</required><JointNameAttribute z:Ref="i333"/><MultiplierAttribute z:Ref="i334"/><OffsetAttribute z:Ref="i335"/></URDFElement></ChildElements><ElementName>joint</ElementName><required>false</required><Axis z:Ref="i314"/><AxisName>_r</AxisName><Calibration z:Ref="i321"/><Child z:Ref="i312"/><CoordinateSystemName>r</CoordinateSystemName><Dynamics z:Ref="i324"/><Limit z:Ref="i316"/><Mimic z:Ref="i332"/><NameAttribute z:Ref="i305"/><Origin z:Ref="i307"/><Parent z:Ref="i310"/><Safety z:Ref="i327"/><TypeAttribute z:Ref="i306"/></URDFElement></ChildElements><ElementName>link</ElementName><required>true</required><Children><Link z:Id="i336"><Attributes><Attribute z:Id="i337"><AttributeType>name</AttributeType><IsRequired>true</IsRequired><Value i:type="a:string" xmlns:a="http://www.w3.org/2001/XMLSchema">r2_Link</Value></Attribute></Attributes><ChildElements><URDFElement z:Id="i338" i:type="Inertial"><Attributes/><ChildElements><URDFElement z:Id="i339" i:type="Origin"><Attributes><Attribute z:Id="i340"><AttributeType>xyz</AttributeType><IsRequired>true</IsRequired><Value i:type="a:ArrayOfdouble" xmlns:a="http://schemas.microsoft.com/2003/10/Serialization/Arrays"><a:double>0</a:double><a:double>0</a:double><a:double>0</a:double></Value></Attribute><Attribute z:Id="i341"><AttributeType>rpy</AttributeType><IsRequired>true</IsRequired><Value i:type="a:ArrayOfdouble" xmlns:a="http://schemas.microsoft.com/2003/10/Serialization/Arrays"><a:double>0</a:double><a:double>0</a:double><a:double>0</a:double></Value></Attribute></Attributes><ChildElements/><ElementName>origin</ElementName><required>false</required><RPYAttribute z:Ref="i341"/><XYZAttribute z:Ref="i340"/><isCustomized>false</isCustomized></URDFElement><URDFElement z:Id="i342" i:type="Mass"><Attributes><Attribute z:Id="i343"><AttributeType>value</AttributeType><IsRequired>true</IsRequired><Value i:type="a:double" xmlns:a="http://www.w3.org/2001/XMLSchema">0</Value></Attribute></Attributes><ChildElements/><ElementName>mass</ElementName><required>false</required><ValueAttribute z:Ref="i343"/></URDFElement><URDFElement z:Id="i344" i:type="Inertia"><Attributes><Attribute z:Id="i345"><AttributeType>ixx</AttributeType><IsRequired>true</IsRequired><Value i:type="a:double" xmlns:a="http://www.w3.org/2001/XMLSchema">0</Value></Attribute><Attribute z:Id="i346"><AttributeType>ixy</AttributeType><IsRequired>true</IsRequired><Value i:type="a:double" xmlns:a="http://www.w3.org/2001/XMLSchema">0</Value></Attribute><Attribute z:Id="i347"><AttributeType>ixz</AttributeType><IsRequired>true</IsRequired><Value i:type="a:double" xmlns:a="http://www.w3.org/2001/XMLSchema">0</Value></Attribute><Attribute z:Id="i348"><AttributeType>iyy</AttributeType><IsRequired>true</IsRequired><Value i:type="a:double" xmlns:a="http://www.w3.org/2001/XMLSchema">0</Value></Attribute><Attribute z:Id="i349"><AttributeType>iyz</AttributeType><IsRequired>true</IsRequired><Value i:type="a:double" xmlns:a="http://www.w3.org/2001/XMLSchema">0</Value></Attribute><Attribute z:Id="i350"><AttributeType>izz</AttributeType><IsRequired>true</IsRequired><Value i:type="a:double" xmlns:a="http://www.w3.org/2001/XMLSchema">0</Value></Attribute></Attributes><ChildElements/><ElementName>inertia</ElementName><required>false</required><IxxAttribute z:Ref="i345"/><IxyAttribute z:Ref="i346"/><IxzAttribute z:Ref="i347"/><IyyAttribute z:Ref="i348"/><IyzAttribute z:Ref="i349"/><IzzAttribute z:Ref="i350"/></URDFElement></ChildElements><ElementName>inertial</ElementName><required>false</required><Inertia z:Ref="i344"/><Mass z:Ref="i342"/><Origin z:Ref="i339"/></URDFElement><URDFElement z:Id="i351" i:type="Visual"><Attributes/><ChildElements><URDFElement z:Id="i352" i:type="Origin"><Attributes><Attribute z:Id="i353"><AttributeType>xyz</AttributeType><IsRequired>true</IsRequired><Value i:type="a:ArrayOfdouble" xmlns:a="http://schemas.microsoft.com/2003/10/Serialization/Arrays"><a:double>0</a:double><a:double>0</a:double><a:double>0</a:double></Value></Attribute><Attribute z:Id="i354"><AttributeType>rpy</AttributeType><IsRequired>true</IsRequired><Value i:type="a:ArrayOfdouble" xmlns:a="http://schemas.microsoft.com/2003/10/Serialization/Arrays"><a:double>0</a:double><a:double>0</a:double><a:double>0</a:double></Value></Attribute></Attributes><ChildElements/><ElementName>origin</ElementName><required>false</required><RPYAttribute z:Ref="i354"/><XYZAttribute z:Ref="i353"/><isCustomized>false</isCustomized></URDFElement><URDFElement z:Id="i355" i:type="Geometry"><Attributes/><ChildElements><URDFElement z:Id="i356" i:type="Mesh"><Attributes><Attribute z:Id="i357"><AttributeType>filename</AttributeType><IsRequired>true</IsRequired><Value i:nil="true"/></Attribute></Attributes><ChildElements/><ElementName>mesh</ElementName><required>false</required><FilenameAttribute z:Ref="i357"/></URDFElement></ChildElements><ElementName>geometry</ElementName><required>true</required><Mesh z:Ref="i356"/></URDFElement><URDFElement z:Id="i358" i:type="Material"><Attributes><Attribute z:Id="i359"><AttributeType>name</AttributeType><IsRequired>true</IsRequired><Value i:type="a:string" xmlns:a="http://www.w3.org/2001/XMLSchema"/></Attribute></Attributes><ChildElements><URDFElement z:Id="i360" i:type="Color"><Attributes><Attribute z:Id="i361"><AttributeType>rgba</AttributeType><IsRequired>true</IsRequired><Value i:type="a:ArrayOfdouble" xmlns:a="http://schemas.microsoft.com/2003/10/Serialization/Arrays"><a:double>1</a:double><a:double>1</a:double><a:double>1</a:double><a:double>1</a:double></Value></Attribute></Attributes><ChildElements/><ElementName>color</ElementName><required>false</required><RGBAAttribute z:Ref="i361"/></URDFElement><URDFElement z:Id="i362" i:type="Texture"><Attributes><Attribute z:Id="i363"><AttributeType>filename</AttributeType><IsRequired>true</IsRequired><Value i:nil="true"/></Attribute></Attributes><ChildElements/><ElementName>texture</ElementName><required>false</required><FilenameAttribute z:Ref="i363"/><wFilename/></URDFElement></ChildElements><ElementName>material</ElementName><required>false</required><Color z:Ref="i360"/><NameAttribute z:Ref="i359"/><Texture z:Ref="i362"/></URDFElement></ChildElements><ElementName>visual</ElementName><required>false</required><Geometry z:Ref="i355"/><Material z:Ref="i358"/><Origin z:Ref="i352"/></URDFElement><URDFElement z:Id="i364" i:type="Collision"><Attributes/><ChildElements><URDFElement z:Id="i365" i:type="Origin"><Attributes><Attribute z:Id="i366"><AttributeType>xyz</AttributeType><IsRequired>true</IsRequired><Value i:type="a:ArrayOfdouble" xmlns:a="http://schemas.microsoft.com/2003/10/Serialization/Arrays"><a:double>0</a:double><a:double>0</a:double><a:double>0</a:double></Value></Attribute><Attribute z:Id="i367"><AttributeType>rpy</AttributeType><IsRequired>true</IsRequired><Value i:type="a:ArrayOfdouble" xmlns:a="http://schemas.microsoft.com/2003/10/Serialization/Arrays"><a:double>0</a:double><a:double>0</a:double><a:double>0</a:double></Value></Attribute></Attributes><ChildElements/><ElementName>origin</ElementName><required>false</required><RPYAttribute z:Ref="i367"/><XYZAttribute z:Ref="i366"/><isCustomized>false</isCustomized></URDFElement><URDFElement z:Id="i368" i:type="Geometry"><Attributes/><ChildElements><URDFElement z:Id="i369" i:type="Mesh"><Attributes><Attribute z:Id="i370"><AttributeType>filename</AttributeType><IsRequired>true</IsRequired><Value i:nil="true"/></Attribute></Attributes><ChildElements/><ElementName>mesh</ElementName><required>false</required><FilenameAttribute z:Ref="i370"/></URDFElement></ChildElements><ElementName>geometry</ElementName><required>true</required><Mesh z:Ref="i369"/></URDFElement></ChildElements><ElementName>collision</ElementName><required>false</required><Geometry z:Ref="i368"/><Origin z:Ref="i365"/></URDFElement><URDFElement z:Id="i371" i:type="Joint"><Attributes><Attribute z:Id="i372"><AttributeType>name</AttributeType><IsRequired>true</IsRequired><Value i:type="a:string" xmlns:a="http://www.w3.org/2001/XMLSchema">r2_joint</Value></Attribute><Attribute z:Id="i373"><AttributeType>type</AttributeType><IsRequired>true</IsRequired><Value i:type="a:string" xmlns:a="http://www.w3.org/2001/XMLSchema">prismatic</Value></Attribute></Attributes><ChildElements><URDFElement z:Id="i374" i:type="Origin"><Attributes><Attribute z:Id="i375"><AttributeType>xyz</AttributeType><IsRequired>true</IsRequired><Value i:type="a:ArrayOfdouble" xmlns:a="http://schemas.microsoft.com/2003/10/Serialization/Arrays"><a:double>0</a:double><a:double>0</a:double><a:double>0</a:double></Value></Attribute><Attribute z:Id="i376"><AttributeType>rpy</AttributeType><IsRequired>true</IsRequired><Value i:type="a:ArrayOfdouble" xmlns:a="http://schemas.microsoft.com/2003/10/Serialization/Arrays"><a:double>0</a:double><a:double>0</a:double><a:double>0</a:double></Value></Attribute></Attributes><ChildElements/><ElementName>origin</ElementName><required>false</required><RPYAttribute z:Ref="i376"/><XYZAttribute z:Ref="i375"/><isCustomized>false</isCustomized></URDFElement><URDFElement z:Id="i377" i:type="ParentLink"><Attributes><Attribute z:Id="i378"><AttributeType>link</AttributeType><IsRequired>true</IsRequired><Value i:type="a:string" xmlns:a="http://www.w3.org/2001/XMLSchema"/></Attribute></Attributes><ChildElements/><ElementName>parent</ElementName><required>true</required><NameAttribute z:Ref="i378"/></URDFElement><URDFElement z:Id="i379" i:type="ChildLink"><Attributes><Attribute z:Id="i380"><AttributeType>link</AttributeType><IsRequired>true</IsRequired><Value i:type="a:string" xmlns:a="http://www.w3.org/2001/XMLSchema"/></Attribute></Attributes><ChildElements/><ElementName>child</ElementName><required>true</required><NameAttribute z:Ref="i380"/></URDFElement><URDFElement z:Id="i381" i:type="Axis"><Attributes><Attribute z:Id="i382"><AttributeType>xyz</AttributeType><IsRequired>true</IsRequired><Value i:type="a:ArrayOfdouble" xmlns:a="http://schemas.microsoft.com/2003/10/Serialization/Arrays"><a:double>0</a:double><a:double>0</a:double><a:double>0</a:double></Value></Attribute></Attributes><ChildElements/><ElementName>axis</ElementName><required>false</required><XYZAttribute z:Ref="i382"/></URDFElement><URDFElement z:Id="i383" i:type="Limit"><Attributes><Attribute z:Id="i384"><AttributeType>lower</AttributeType><IsRequired>false</IsRequired><Value i:nil="true"/></Attribute><Attribute z:Id="i385"><AttributeType>upper</AttributeType><IsRequired>false</IsRequired><Value i:nil="true"/></Attribute><Attribute z:Id="i386"><AttributeType>effort</AttributeType><IsRequired>true</IsRequired><Value i:nil="true"/></Attribute><Attribute z:Id="i387"><AttributeType>velocity</AttributeType><IsRequired>true</IsRequired><Value i:nil="true"/></Attribute></Attributes><ChildElements/><ElementName>limit</ElementName><required>false</required><EffortAttribute z:Ref="i386"/><LowerAttribute z:Ref="i384"/><UpperAttribute z:Ref="i385"/><VelocityAttribute z:Ref="i387"/></URDFElement><URDFElement z:Id="i388" i:type="Calibration"><Attributes><Attribute z:Id="i389"><AttributeType>rising</AttributeType><IsRequired>false</IsRequired><Value i:nil="true"/></Attribute><Attribute z:Id="i390"><AttributeType>falling</AttributeType><IsRequired>false</IsRequired><Value i:nil="true"/></Attribute></Attributes><ChildElements/><ElementName>calibration</ElementName><required>false</required><FallingAttribute z:Ref="i390"/><RisingAttribute z:Ref="i389"/></URDFElement><URDFElement z:Id="i391" i:type="Dynamics"><Attributes><Attribute z:Id="i392"><AttributeType>damping</AttributeType><IsRequired>false</IsRequired><Value i:nil="true"/></Attribute><Attribute z:Id="i393"><AttributeType>friction</AttributeType><IsRequired>false</IsRequired><Value i:nil="true"/></Attribute></Attributes><ChildElements/><ElementName>dynamics</ElementName><required>false</required><DampingAttribute z:Ref="i392"/><FrictionAttribute z:Ref="i393"/></URDFElement><URDFElement z:Id="i394" i:type="SafetyController"><Attributes><Attribute z:Id="i395"><AttributeType>soft_upper_limit</AttributeType><IsRequired>false</IsRequired><Value i:nil="true"/></Attribute><Attribute z:Id="i396"><AttributeType>soft_lower_limit</AttributeType><IsRequired>false</IsRequired><Value i:nil="true"/></Attribute><Attribute z:Id="i397"><AttributeType>k_position</AttributeType><IsRequired>false</IsRequired><Value i:nil="true"/></Attribute><Attribute z:Id="i398"><AttributeType>k_velocity</AttributeType><IsRequired>true</IsRequired><Value i:nil="true"/></Attribute></Attributes><ChildElements/><ElementName>safety_controller</ElementName><required>false</required><KPositionAttribute z:Ref="i397"/><KVelocityAttribute z:Ref="i398"/><SoftLowerAttribute z:Ref="i396"/><SoftUpperAttribute z:Ref="i395"/></URDFElement><URDFElement z:Id="i399" i:type="Mimic"><Attributes><Attribute z:Id="i400"><AttributeType>joint</AttributeType><IsRequired>true</IsRequired><Value i:nil="true"/></Attribute><Attribute z:Id="i401"><AttributeType>multiplier</AttributeType><IsRequired>false</IsRequired><Value i:nil="true"/></Attribute><Attribute z:Id="i402"><AttributeType>offset</AttributeType><IsRequired>false</IsRequired><Value i:nil="true"/></Attribute></Attributes><ChildElements/><ElementName>mimic</ElementName><required>false</required><JointNameAttribute z:Ref="i400"/><MultiplierAttribute z:Ref="i401"/><OffsetAttribute z:Ref="i402"/></URDFElement></ChildElements><ElementName>joint</ElementName><required>false</required><Axis z:Ref="i381"/><AxisName>_r2</AxisName><Calibration z:Ref="i388"/><Child z:Ref="i379"/><CoordinateSystemName>r2</CoordinateSystemName><Dynamics z:Ref="i391"/><Limit z:Ref="i383"/><Mimic z:Ref="i399"/><NameAttribute z:Ref="i372"/><Origin z:Ref="i374"/><Parent z:Ref="i377"/><Safety z:Ref="i394"/><TypeAttribute z:Ref="i373"/></URDFElement></ChildElements><ElementName>link</ElementName><required>true</required><Children/><Collision z:Ref="i364"/><Inertial z:Ref="i338"/><Joint z:Ref="i371"/><NameAttribute z:Ref="i337"/><Parent z:Ref="i269"/><STLQualityFine>false</STLQualityFine><SWComponentPIDs xmlns:a="http://schemas.microsoft.com/2003/10/Serialization/Arrays"><a:base64Binary>aEIAAAUAAAD//v9QUwAwADUAMAA2AC0AUwAyADIAMAAwADgAMQA3AC0ANgAwAC0AMAAxADAAMAAtAEEALQBYADEALQAxAC0AMQBAAMWITZFTTzgAXgDnYtZ2k2JLYi8AVQBZADYALQA0ADAALQAyAEAAUwAwADUAMAA2AC0AUwAyADIAMAAwADgAMQA3AC0ANgAwAC0AMAAxADAAMAAtAEEALQBYADEALQAxAAQAAAAQAAAAAQAAAAIAAAAdAAAAHgAAAA==</a:base64Binary><a:base64Binary>aEIAAAUAAAD//v9RUwAwADUAMAA2AC0AUwAyADIAMAAwADgAMQA3AC0ANgAwAC0AMAAxADAAMAAtAEEALQBYADEALQAxAC0AMQBAAMWITZFTTzgAXgDnYtZ2k2JLYi8ATQBTAEIANgAtADMANQAtADEAQABTADAANQAwADYALQBTADIAMgAwADAAOAAxADcALQA2ADAALQAwADEAMAAwAC0AQQAtAFgAMQAtADEABAAAABAAAAABAAAAAgAAAB0AAAAhAAAA</a:base64Binary><a:base64Binary>aEIAAAUAAAD//v9QUwAwADUAMAA2AC0AUwAyADIAMAAwADgAMQA3AC0ANgAwAC0AMAAxADAAMAAtAEEALQBYADEALQAxAC0AMQBAAMWITZFTTzgAXgDnYtZ2k2JLYi8AVQBZADYALQA0ADAALQAxAEAAUwAwADUAMAA2AC0AUwAyADIAMAAwADgAMQA3AC0ANgAwAC0AMAAxADAAMAAtAEEALQBYADEALQAxAAQAAAAQAAAAAQAAAAIAAAAdAAAAHQAAAA==</a:base64Binary><a:base64Binary>aEIAAAUAAAD//v9gUwAwADUAMAA2AC0AUwAyADIAMAAwADgAMQA3AC0ANgAwAC0AMAAxADAAMAAtAEEALQBYADEALQAxAC0AMQBAAMWITZFTTzgAXgDnYtZ2k2JLYi8AWABZADIANgAwADMAMAA0AC0AMgBBAC4AMAAyAC0AMAA0ACAAy2XWdjlZKnItADEAQABTADAANQAwADYALQBTADIAMgAwADAAOAAxADcALQA2ADAALQAwADEAMAAwAC0AQQAtAFgAMQAtADEABAAAABAAAAABAAAAAgAAAB0AAAAjAAAA</a:base64Binary><a:base64Binary>aEIAAAUAAAD//v+gUwAwADUAMAA2AC0AUwAyADIAMAAwADgAMQA3AC0ANgAwAC0AMAAxADAAMAAtAEEALQBYADEALQAxAC0AMQBAAMWITZFTTzgAXgDnYtZ2k2JLYi8ATQBHAE4AOQBDADEAUgA3ADAARQA1AFoAMABDACgA2J6kiy0AXwBmAGwAZQB4AGkAYgBsAGUAMQApAC0AMQAtADEAQABTADAANQAwADYALQBTADIAMgAwADAAOAAxADcALQA2ADAALQAwADEAMAAwAC0AQQAtAFgAMQAtADEALwBTADAANQAwADYALQBNAEcATgA5AEMALQDRbldXLQBTADAAOAAyADEALQAxAEAATQBHAE4AOQBDADEAUgA3ADAARQA1AFoAMABDACgA2J6kiy0AXwBmAGwAZQB4AGkAYgBsAGUAMQApAC0AMQAEAAAAEAAAAAEAAAADAAAAHQAAABwAAAAdAAAA</a:base64Binary></SWComponentPIDs><SWMainComponentPID i:nil="true"/><Visual z:Ref="i351"/><isFixedFrame>false</isFixedFrame><isIncomplete>false</isIncomplete></Link></Children><Collision z:Ref="i297"/><Inertial z:Ref="i271"/><Joint z:Ref="i304"/><NameAttribute z:Ref="i270"/><Parent z:Ref="i68"/><STLQualityFine>false</STLQualityFine><SWComponentPIDs xmlns:a="http://schemas.microsoft.com/2003/10/Serialization/Arrays"><a:base64Binary>aEIAAAUAAAD//v9jUwAwADUAMAA2AC0AUwAyADIAMAAwADgAMQA3AC0ANgAwAC0AMAAxADAAMAAtAEEALQBYADEALQAxAC0AMQBAAMWITZFTTzgAXgDnYtZ2k2JLYi8AWABZADIANgAwADMAMAA0AC0AMgBBAC4AMAAyAC0AMAAzACAAy2VsjzlZKnLej6Vj9k4tADEAQABTADAANQAwADYALQBTADIAMgAwADAAOAAxADcALQA2ADAALQAwADEAMAAwAC0AQQAtAFgAMQAtADEABAAAABAAAAABAAAAAgAAAB0AAAAiAAAA</a:base64Binary><a:base64Binary>aEIAAAUAAAD//v/IUgBHAEkAQwAtADEAMAAwAC0AMwA1AC0ATwAtAFMAXwCAexNmIWqLV18AMgAwADIANQAwADEAMAA4AC0AMQBAAMWITZFTTzgAXgDnYtZ2k2JLYi8AUgBHAEkAQwAtADEAMAAwAC0AMwA1AC0ATwAtAFMAXwCAexNmIWqLV18AMgAwADIANQAwADEAMAA4AC4AUwBUAEUAUAAtADEAQABSAEcASQBDAC0AMQAwADAALQAzADUALQBPAC0AUwBfAIB7E2YhaotXXwAyADAAMgA1ADAAMQAwADgALwBfAF8AXwBfACAAXwBfAF8AXwBfAF8AXwBfAF8AUgBHAEkAQwAtADEAMAAwAC0AMwA1AC0ATwAtAFMAXwBfAF8AXwBfAF8AXwBfAF8AXwAyADAAMgA1ADAAMQAwADgALQAwAC4AUwBUAEUAUAAtADEAQABSAEcASQBDAC0AMQAwADAALQAzADUALQBPAC0AUwBfAIB7E2YhaotXXwAyADAAMgA1ADAAMQAwADgALgBTAFQARQBQAAQAAAAQAAAAAQAAAAMAAAAgAAAAHAAAAB4AAAA=</a:base64Binary><a:base64Binary>aEIAAAUAAAD//v9iUwAwADUAMAA2AC0AUwAyADIAMAAwADgAMQA3AC0ANgAwAC0AMAAxADAAMAAtAEEALQBYADEALQAxAC0AMQBAAMWITZFTTzgAXgDnYtZ2k2JLYi8AWABZADIANgAwADMAMAA0AC0AMgBBAC4AMAAyAC0AMAA1ACAAIADRbmiPiVvFiH9nLQAxAEAAUwAwADUAMAA2AC0AUwAyADIAMAAwADgAMQA3AC0ANgAwAC0AMAAxADAAMAAtAEEALQBYADEALQAxAAQAAAAQAAAAAQAAAAIAAAAdAAAAJAAAAA==</a:base64Binary><a:base64Binary>aEIAAAUAAAD//v+dUwAwADUAMAA2AC0AUwAyADIAMAAwADgAMQA3AC0ANgAwAC0AMAAxADAAMAAtAEEALQBYADEALQAxAC0AMQBAAMWITZFTTzgAXgDnYtZ2k2JLYi8ATQBHAE4AOQBDADEAUgA3ADAARQA1AFoAMABDACgA2J6kiy0AXwBmAGwAZQB4AGkAYgBsAGUAMQApAC0AMQAtADEAQABTADAANQAwADYALQBTADIAMgAwADAAOAAxADcALQA2ADAALQAwADEAMAAwAC0AQQAtAFgAMQAtADEALwBTADAANQAwADYALQBNAEcATgA5AEMALQDRbmiPLQA1ADAALQAxAEAATQBHAE4AOQBDADEAUgA3ADAARQA1AFoAMABDACgA2J6kiy0AXwBmAGwAZQB4AGkAYgBsAGUAMQApAC0AMQAEAAAAEAAAAAEAAAADAAAAHQAAABwAAAAcAAAA</a:base64Binary><a:base64Binary>aEIAAAUAAAD//v9hUwAwADUAMAA2AC0AUwAyADIAMAAwADgAMQA3AC0ANgAwAC0AMAAxADAAMAAtAEEALQBYADEALQAxAC0AMQBAAMWITZFTTzgAXgDnYtZ2k2JLYi8AUwAwADUAMAA2AC0AxgMzACAAAJWJlCgAXwDGAzMALQAxADAAIAAgAACViZQpAC0AMgBAAFMAMAA1ADAANgAtAFMAMgAyADAAMAA4ADEANwAtADYAMAAtADAAMQAwADAALQBBAC0AWAAxAC0AMQAEAAAAEAAAAAEAAAACAAAAHQAAACAAAAA=</a:base64Binary><a:base64Binary>aEIAAAUAAAD//v9hUwAwADUAMAA2AC0AUwAyADIAMAAwADgAMQA3AC0ANgAwAC0AMAAxADAAMAAtAEEALQBYADEALQAxAC0AMQBAAMWITZFTTzgAXgDnYtZ2k2JLYi8AUwAwADUAMAA2AC0AxgMzACAAAJWJlCgAXwDGAzMALQAxADAAIAAgAACViZQpAC0AMQBAAFMAMAA1ADAANgAtAFMAMgAyADAAMAA4ADEANwAtADYAMAAtADAAMQAwADAALQBBAC0AWAAxAC0AMQAEAAAAEAAAAAEAAAACAAAAHQAAAB8AAAA=</a:base64Binary></SWComponentPIDs><SWMainComponentPID i:nil="true"/><Visual z:Ref="i284"/><isFixedFrame>false</isFixedFrame><isIncomplete>false</isIncomplete></Link></Children><Collision z:Ref="i96"/><Inertial z:Ref="i70"/><Joint z:Ref="i103"/><NameAttribute z:Ref="i69"/><Parent z:Ref="i1"/><STLQualityFine>false</STLQualityFine><SWComponentPIDs xmlns:a="http://schemas.microsoft.com/2003/10/Serialization/Arrays"><a:base64Binary>aEIAAAUAAAD//v/EUgBHAEkAQwAtADEAMAAwAC0AMwA1AC0ATwAtAFMAXwCAexNmIWqLV18AMgAwADIANQAwADEAMAA4AC0AMQBAAMWITZFTTzgAXgDnYtZ2k2JLYi8AUgBHAEkAQwAtADEAMAAwAC0AMwA1AC0ATwAtAFMAXwCAexNmIWqLV18AMgAwADIANQAwADEAMAA4AC4AUwBUAEUAUAAtADEAQABSAEcASQBDAC0AMQAwADAALQAzADUALQBPAC0AUwBfAIB7E2YhaotXXwAyADAAMgA1ADAAMQAwADgALwBfAF8AXwBfACAAXwBfAF8AXwBfAF8AXwBSAEcASQBDAC0AMQAwADAALQAzADUALQBPAC0AUwBfAF8AXwBfAF8AXwBfAF8AXwBfADIAMAAyADUAMAAxADAAOAAuAFMAVABFAFAALQAxAEAAUgBHAEkAQwAtADEAMAAwAC0AMwA1AC0ATwAtAFMAXwCAexNmIWqLV18AMgAwADIANQAwADEAMAA4AC4AUwBUAEUAUAAEAAAAEAAAAAEAAAADAAAAIAAAABwAAAAdAAAA</a:base64Binary></SWComponentPIDs><SWMainComponentPID i:nil="true"/><Visual z:Ref="i83"/><isFixedFrame>false</isFixedFrame><isIncomplete>false</isIncomplete></Link></Children><Collision z:Ref="i29"/><Inertial z:Ref="i3"/><Joint z:Ref="i36"/><NameAttribute z:Ref="i2"/><Parent i:nil="true"/><STLQualityFine>false</STLQualityFine><SWComponentPIDs xmlns:a="http://schemas.microsoft.com/2003/10/Serialization/Arrays"><a:base64Binary>aEIAAAUAAAD//v8fMQAyAGxRpGXlXXdR2HYgAOtfYmMoANiepItfAAljoFLlXV8AKQAtADEAQADFiE2RU084AF4A52LWdpNiS2IEAAAAEAAAAAEAAAABAAAAHgAAAA==</a:base64Binary><a:base64Binary>aEIAAAUAAAD//v8fy2VsjzV1OVmTYutfYmP6Vppbf2coANiepItfAAljoFLlXV8AKQAtADEAQADFiE2RU084AF4A52LWdpNiS2IEAAAAEAAAAAEAAAABAAAAHwAAAA==</a:base64Binary><a:base64Binary>aEIAAAUAAAD//v8ey2VsjzV1KnLrX2JjbI+lY39nKADYnqSLXwAJY6BS5V1fACkALQAxAEAAxYhNkVNPOABeAOdi1naTYktiBAAAABAAAAABAAAAAQAAACEAAAA=</a:base64Binary><a:base64Binary>aEIAAAUAAAD//v/GUgBHAEkAQwAtADEAMAAwAC0AMwA1AC0ATwAtAFMAXwCAexNmIWqLV18AMgAwADIANQAwADEAMAA4AC0AMQBAAMWITZFTTzgAXgDnYtZ2k2JLYi8AUgBHAEkAQwAtADEAMAAwAC0AMwA1AC0ATwAtAFMAXwCAexNmIWqLV18AMgAwADIANQAwADEAMAA4AC4AUwBUAEUAUAAtADEAQABSAEcASQBDAC0AMQAwADAALQAzADUALQBPAC0AUwBfAIB7E2YhaotXXwAyADAAMgA1ADAAMQAwADgALwBfAF8AXwBfACAAXwBfAF8AXwBfAF8AXwBfAF8AUgBHAEkAQwAtADEAMAAwAC0AMwA1AC0ATwAtAFMAXwBfAF8AXwBfAF8AXwBfAF8AXwAyADAAMgA1ADAAMQAwADgALgBTAFQARQBQAC0AMQBAAFIARwBJAEMALQAxADAAMAAtADMANQAtAE8ALQBTAF8AgHsTZiFqi1dfADIAMAAyADUAMAAxADAAOAAuAFMAVABFAFAABAAAABAAAAABAAAAAwAAACAAAAAcAAAAHAAAAA==</a:base64Binary></SWComponentPIDs><SWMainComponentPID i:nil="true"/><Visual z:Ref="i16"/><isFixedFrame>false</isFixedFrame><isIncomplete>false</isIncomplete></Link>
2026-06-17 12:33:27,956 INFO  LinkNode.cs: 35 - Building node base_link
2026-06-17 12:33:27,956 INFO  LinkNode.cs: 35 - Building node rotate_Link
2026-06-17 12:33:27,956 INFO  LinkNode.cs: 35 - Building node l_Link
2026-06-17 12:33:27,956 INFO  LinkNode.cs: 35 - Building node l2_Link
2026-06-17 12:33:27,956 INFO  LinkNode.cs: 35 - Building node r_Link
2026-06-17 12:33:27,956 INFO  LinkNode.cs: 35 - Building node r2_Link
2026-06-17 12:33:27,962 INFO  CommonSwOperations.cs: 221 - Loading SolidWorks components for base_link from C:\Users\DP\AppData\Local\Temp\swx18616\VC~~\拧盖抓手\装配体8^拧盖抓手.SLDASM
2026-06-17 12:33:27,962 INFO  CommonSwOperations.cs: 245 - Loading component with PID hB     ???1 2 lQ?e?]wQ?v  ?_bc( ????_ 	c?R?]_ ) - 1 @ ??M?SO8 ^ ?b?v?bKb               
2026-06-17 12:33:27,962 INFO  CommonSwOperations.cs: 254 - Successfully loaded component E:\仿真\合成-化学反应站\12公斤工具盘 快换(默认_按加工_).SLDPRT
2026-06-17 12:33:27,962 INFO  CommonSwOperations.cs: 245 - Loading component with PID hB     ????el?5u9Y?b?_bc?V?[g( ????_ 	c?R?]_ ) - 1 @ ??M?SO8 ^ ?b?v?bKb               
2026-06-17 12:33:27,962 INFO  CommonSwOperations.cs: 254 - Successfully loaded component E:\仿真\合成-化学反应站\旋转电夹抓快换固定板(默认_按加工_).SLDPRT
2026-06-17 12:33:27,962 INFO  CommonSwOperations.cs: 245 - Loading component with PID hB     ????el?5u*r?_bcl??cg( ????_ 	c?R?]_ ) - 1 @ ??M?SO8 ^ ?b?v?bKb            !   
2026-06-17 12:33:27,962 INFO  CommonSwOperations.cs: 254 - Successfully loaded component E:\仿真\合成-化学反应站\旋转电爪快换转接板(默认_按加工_).SLDPRT
2026-06-17 12:33:27,962 INFO  CommonSwOperations.cs: 245 - Loading component with PID hB     ????R G I C - 1 0 0 - 3 5 - O - S _ ?{f!j?W_ 2 0 2 5 0 1 0 8 - 1 @ ??M?SO8 ^ ?b?v?bKb/ R G I C - 1 0 0 - 3 5 - O - S _ ?{f!j?W_ 2 0 2 5 0 1 0 8 . S T E P - 1 @ R G I C - 1 0 0 - 3 5 - O - S _ ?{f!j?W_ 2 0 2 5 0 1 0 8 / _ _ _ _   _ _ _ _ _ _ _ _ _ R G I C - 1 0 0 - 3 5 - O - S _ _ _ _ _ _ _ _ _ _ 2 0 2 5 0 1 0 8 . S T E P - 1 @ R G I C - 1 0 0 - 3 5 - O - S _ ?{f!j?W_ 2 0 2 5 0 1 0 8 . S T E P                       
2026-06-17 12:33:27,962 INFO  CommonSwOperations.cs: 254 - Successfully loaded component C:\Users\DP\AppData\Local\Temp\swx18616\IC~~\____ _________RGIC-100-35-O-S__________20250108.STEP.SLDPRT
2026-06-17 12:33:27,962 INFO  CommonSwOperations.cs: 230 - Loaded 4 components for link base_link
2026-06-17 12:33:27,962 INFO  CommonSwOperations.cs: 221 - Loading SolidWorks components for rotate_Link from C:\Users\DP\AppData\Local\Temp\swx18616\VC~~\拧盖抓手\装配体8^拧盖抓手.SLDASM
2026-06-17 12:33:27,962 INFO  CommonSwOperations.cs: 245 - Loading component with PID hB     ????R G I C - 1 0 0 - 3 5 - O - S _ ?{f!j?W_ 2 0 2 5 0 1 0 8 - 1 @ ??M?SO8 ^ ?b?v?bKb/ R G I C - 1 0 0 - 3 5 - O - S _ ?{f!j?W_ 2 0 2 5 0 1 0 8 . S T E P - 1 @ R G I C - 1 0 0 - 3 5 - O - S _ ?{f!j?W_ 2 0 2 5 0 1 0 8 / _ _ _ _   _ _ _ _ _ _ _ R G I C - 1 0 0 - 3 5 - O - S _ _ _ _ _ _ _ _ _ _ 2 0 2 5 0 1 0 8 . S T E P - 1 @ R G I C - 1 0 0 - 3 5 - O - S _ ?{f!j?W_ 2 0 2 5 0 1 0 8 . S T E P                       
2026-06-17 12:33:27,962 INFO  CommonSwOperations.cs: 254 - Successfully loaded component C:\Users\DP\AppData\Local\Temp\swx18616\IC~~\____ _______RGIC-100-35-O-S__________20250108.STEP.SLDPRT
2026-06-17 12:33:27,962 INFO  CommonSwOperations.cs: 230 - Loaded 1 components for link rotate_Link
2026-06-17 12:33:27,962 INFO  CommonSwOperations.cs: 221 - Loading SolidWorks components for l_Link from C:\Users\DP\AppData\Local\Temp\swx18616\VC~~\拧盖抓手\装配体8^拧盖抓手.SLDASM
2026-06-17 12:33:27,962 INFO  CommonSwOperations.cs: 245 - Loading component with PID hB     ???_S 0 5 0 6 - S 2 2 0 0 8 1 7 - 6 0 - 0 1 0 0 - A - X 1 - 1 @ ??M?SO8 ^ ?b?v?bKb/ X Y 2 6 0 3 0 4 - 2 A . 0 2 - 0 3   ?el?9Y*r???c?N- 1 @ S 0 5 0 6 - S 2 2 0 0 8 1 7 - 6 0 - 0 1 0 0 - A - X 1                "   
2026-06-17 12:33:27,962 INFO  CommonSwOperations.cs: 254 - Successfully loaded component E:\仿真\合成-化学反应站\XY260304-2A.02-03 旋转夹爪连接件.SLDPRT
2026-06-17 12:33:27,962 INFO  CommonSwOperations.cs: 245 - Loading component with PID hB     ???^S 0 5 0 6 - S 2 2 0 0 8 1 7 - 6 0 - 0 1 0 0 - A - X 1 - 1 @ ??M?SO8 ^ ?b?v?bKb/ X Y 2 6 0 3 0 4 - 2 A . 0 2 - 0 5     ?nh??[??g- 1 @ S 0 5 0 6 - S 2 2 0 0 8 1 7 - 6 0 - 0 1 0 0 - A - X 1                $   
2026-06-17 12:33:27,962 INFO  CommonSwOperations.cs: 254 - Successfully loaded component E:\仿真\合成-化学反应站\XY260304-2A.02-05  滑轨安装板.SLDPRT
2026-06-17 12:33:27,962 INFO  CommonSwOperations.cs: 245 - Loading component with PID hB     ????S 0 5 0 6 - S 2 2 0 0 8 1 7 - 6 0 - 0 1 0 0 - A - X 1 - 1 @ ??M?SO8 ^ ?b?v?bKb/ M G N 9 C 1 R 7 0 E 5 Z 0 C ( ????- _ f l e x i b l e 1 ) - 1 @ S 0 5 0 6 - S 2 2 0 0 8 1 7 - 6 0 - 0 1 0 0 - A - X 1 / S 0 5 0 6 - M G N 9 C - ?nh?- 5 0 - 1 @ M G N 9 C 1 R 7 0 E 5 Z 0 C ( ????- _ f l e x i b l e 1 )                      
2026-06-17 12:33:27,962 INFO  CommonSwOperations.cs: 254 - Successfully loaded component E:\仿真\合成-化学反应站\S0506-MGN9C-滑轨-50.SLDPRT
2026-06-17 12:33:27,962 INFO  CommonSwOperations.cs: 245 - Loading component with PID hB     ????R G I C - 1 0 0 - 3 5 - O - S _ ?{f!j?W_ 2 0 2 5 0 1 0 8 - 1 @ ??M?SO8 ^ ?b?v?bKb/ R G I C - 1 0 0 - 3 5 - O - S _ ?{f!j?W_ 2 0 2 5 0 1 0 8 . S T E P - 1 @ R G I C - 1 0 0 - 3 5 - O - S _ ?{f!j?W_ 2 0 2 5 0 1 0 8 / _ _ _ _   _ _ _ _ _ _ _ _ _ R G I C - 1 0 0 - 3 5 - O - S _ _ _ _ _ _ _ _ _ _ 2 0 2 5 0 1 0 8 - 0 . S T E P - 2 @ R G I C - 1 0 0 - 3 5 - O - S _ ?{f!j?W_ 2 0 2 5 0 1 0 8 . S T E P                       
2026-06-17 12:33:27,962 INFO  CommonSwOperations.cs: 254 - Successfully loaded component C:\Users\DP\AppData\Local\Temp\swx18616\IC~~\____ _________RGIC-100-35-O-S__________20250108-0.STEP.SLDPRT
2026-06-17 12:33:27,962 INFO  CommonSwOperations.cs: 245 - Loading component with PID hB     ???]S 0 5 0 6 - S 2 2 0 0 8 1 7 - 6 0 - 0 1 0 0 - A - X 1 - 1 @ ??M?SO8 ^ ?b?v?bKb/ S 0 5 0 6 - ?3    ???( _ ?3 - 1 0      ???) - 2 @ S 0 5 0 6 - S 2 2 0 0 8 1 7 - 6 0 - 0 1 0 0 - A - X 1                    
2026-06-17 12:33:27,962 INFO  CommonSwOperations.cs: 254 - Successfully loaded component E:\仿真\合成-化学反应站\S0506-φ3 销钉(_φ3-10  销钉).SLDPRT
2026-06-17 12:33:27,962 INFO  CommonSwOperations.cs: 245 - Loading component with PID hB     ???]S 0 5 0 6 - S 2 2 0 0 8 1 7 - 6 0 - 0 1 0 0 - A - X 1 - 1 @ ??M?SO8 ^ ?b?v?bKb/ S 0 5 0 6 - ?3    ???( _ ?3 - 1 0      ???) - 1 @ S 0 5 0 6 - S 2 2 0 0 8 1 7 - 6 0 - 0 1 0 0 - A - X 1                   
2026-06-17 12:33:27,962 INFO  CommonSwOperations.cs: 254 - Successfully loaded component E:\仿真\合成-化学反应站\S0506-φ3 销钉(_φ3-10  销钉).SLDPRT
2026-06-17 12:33:27,962 INFO  CommonSwOperations.cs: 230 - Loaded 6 components for link l_Link
2026-06-17 12:33:27,962 INFO  CommonSwOperations.cs: 221 - Loading SolidWorks components for l2_Link from C:\Users\DP\AppData\Local\Temp\swx18616\VC~~\拧盖抓手\装配体8^拧盖抓手.SLDASM
2026-06-17 12:33:27,962 INFO  CommonSwOperations.cs: 245 - Loading component with PID hB     ???LS 0 5 0 6 - S 2 2 0 0 8 1 7 - 6 0 - 0 1 0 0 - A - X 1 - 1 @ ??M?SO8 ^ ?b?v?bKb/ U Y 6 - 4 0 - 1 @ S 0 5 0 6 - S 2 2 0 0 8 1 7 - 6 0 - 0 1 0 0 - A - X 1                   
2026-06-17 12:33:27,962 INFO  CommonSwOperations.cs: 254 - Successfully loaded component E:\仿真\合成-化学反应站\UY6-40.SLDPRT
2026-06-17 12:33:27,962 INFO  CommonSwOperations.cs: 245 - Loading component with PID hB     ???MS 0 5 0 6 - S 2 2 0 0 8 1 7 - 6 0 - 0 1 0 0 - A - X 1 - 1 @ ??M?SO8 ^ ?b?v?bKb/ M S B 6 - 3 5 - 1 @ S 0 5 0 6 - S 2 2 0 0 8 1 7 - 6 0 - 0 1 0 0 - A - X 1                !   
2026-06-17 12:33:27,962 INFO  CommonSwOperations.cs: 254 - Successfully loaded component E:\仿真\合成-化学反应站\MSB6-35.SLDPRT
2026-06-17 12:33:27,962 INFO  CommonSwOperations.cs: 245 - Loading component with PID hB     ???LS 0 5 0 6 - S 2 2 0 0 8 1 7 - 6 0 - 0 1 0 0 - A - X 1 - 1 @ ??M?SO8 ^ ?b?v?bKb/ U Y 6 - 4 0 - 2 @ S 0 5 0 6 - S 2 2 0 0 8 1 7 - 6 0 - 0 1 0 0 - A - X 1                   
2026-06-17 12:33:27,962 INFO  CommonSwOperations.cs: 254 - Successfully loaded component E:\仿真\合成-化学反应站\UY6-40.SLDPRT
2026-06-17 12:33:27,962 INFO  CommonSwOperations.cs: 245 - Loading component with PID hB     ???\S 0 5 0 6 - S 2 2 0 0 8 1 7 - 6 0 - 0 1 0 0 - A - X 1 - 1 @ ??M?SO8 ^ ?b?v?bKb/ X Y 2 6 0 3 0 4 - 2 A . 0 2 - 0 4   ?e?v9Y*r- 1 @ S 0 5 0 6 - S 2 2 0 0 8 1 7 - 6 0 - 0 1 0 0 - A - X 1                #   
2026-06-17 12:33:27,962 INFO  CommonSwOperations.cs: 254 - Successfully loaded component E:\仿真\合成-化学反应站\XY260304-2A.02-04 旋盖夹爪.SLDPRT
2026-06-17 12:33:27,962 INFO  CommonSwOperations.cs: 245 - Loading component with PID hB     ????S 0 5 0 6 - S 2 2 0 0 8 1 7 - 6 0 - 0 1 0 0 - A - X 1 - 1 @ ??M?SO8 ^ ?b?v?bKb/ M G N 9 C 1 R 7 0 E 5 Z 0 C ( ????- _ f l e x i b l e 1 ) - 1 @ S 0 5 0 6 - S 2 2 0 0 8 1 7 - 6 0 - 0 1 0 0 - A - X 1 / S 0 5 0 6 - M G N 9 C - ?nWW- S 0 8 2 1 - 1 @ M G N 9 C 1 R 7 0 E 5 Z 0 C ( ????- _ f l e x i b l e 1 )                      
2026-06-17 12:33:27,962 INFO  CommonSwOperations.cs: 254 - Successfully loaded component E:\仿真\合成-化学反应站\S0506-MGN9C-滑块-S0821.SLDPRT
2026-06-17 12:33:27,962 INFO  CommonSwOperations.cs: 230 - Loaded 5 components for link l2_Link
2026-06-17 12:33:27,962 INFO  CommonSwOperations.cs: 221 - Loading SolidWorks components for r_Link from C:\Users\DP\AppData\Local\Temp\swx18616\VC~~\拧盖抓手\装配体8^拧盖抓手.SLDASM
2026-06-17 12:33:27,962 INFO  CommonSwOperations.cs: 245 - Loading component with PID hB     ???cS 0 5 0 6 - S 2 2 0 0 8 1 7 - 6 0 - 0 1 0 0 - A - X 1 - 1 - 1 @ ??M?SO8 ^ ?b?v?bKb/ X Y 2 6 0 3 0 4 - 2 A . 0 2 - 0 3   ?el?9Y*r???c?N- 1 @ S 0 5 0 6 - S 2 2 0 0 8 1 7 - 6 0 - 0 1 0 0 - A - X 1 - 1                "   
2026-06-17 12:33:27,962 INFO  CommonSwOperations.cs: 254 - Successfully loaded component E:\仿真\合成-化学反应站\XY260304-2A.02-03 旋转夹爪连接件.SLDPRT
2026-06-17 12:33:27,962 INFO  CommonSwOperations.cs: 245 - Loading component with PID hB     ????R G I C - 1 0 0 - 3 5 - O - S _ ?{f!j?W_ 2 0 2 5 0 1 0 8 - 1 @ ??M?SO8 ^ ?b?v?bKb/ R G I C - 1 0 0 - 3 5 - O - S _ ?{f!j?W_ 2 0 2 5 0 1 0 8 . S T E P - 1 @ R G I C - 1 0 0 - 3 5 - O - S _ ?{f!j?W_ 2 0 2 5 0 1 0 8 / _ _ _ _   _ _ _ _ _ _ _ _ _ R G I C - 1 0 0 - 3 5 - O - S _ _ _ _ _ _ _ _ _ _ 2 0 2 5 0 1 0 8 - 0 . S T E P - 1 @ R G I C - 1 0 0 - 3 5 - O - S _ ?{f!j?W_ 2 0 2 5 0 1 0 8 . S T E P                       
2026-06-17 12:33:27,962 INFO  CommonSwOperations.cs: 254 - Successfully loaded component C:\Users\DP\AppData\Local\Temp\swx18616\IC~~\____ _________RGIC-100-35-O-S__________20250108-0.STEP.SLDPRT
2026-06-17 12:33:27,962 INFO  CommonSwOperations.cs: 245 - Loading component with PID hB     ???bS 0 5 0 6 - S 2 2 0 0 8 1 7 - 6 0 - 0 1 0 0 - A - X 1 - 1 - 1 @ ??M?SO8 ^ ?b?v?bKb/ X Y 2 6 0 3 0 4 - 2 A . 0 2 - 0 5     ?nh??[??g- 1 @ S 0 5 0 6 - S 2 2 0 0 8 1 7 - 6 0 - 0 1 0 0 - A - X 1 - 1                $   
2026-06-17 12:33:27,962 INFO  CommonSwOperations.cs: 254 - Successfully loaded component E:\仿真\合成-化学反应站\XY260304-2A.02-05  滑轨安装板.SLDPRT
2026-06-17 12:33:27,962 INFO  CommonSwOperations.cs: 245 - Loading component with PID hB     ????S 0 5 0 6 - S 2 2 0 0 8 1 7 - 6 0 - 0 1 0 0 - A - X 1 - 1 - 1 @ ??M?SO8 ^ ?b?v?bKb/ M G N 9 C 1 R 7 0 E 5 Z 0 C ( ????- _ f l e x i b l e 1 ) - 1 - 1 @ S 0 5 0 6 - S 2 2 0 0 8 1 7 - 6 0 - 0 1 0 0 - A - X 1 - 1 / S 0 5 0 6 - M G N 9 C - ?nh?- 5 0 - 1 @ M G N 9 C 1 R 7 0 E 5 Z 0 C ( ????- _ f l e x i b l e 1 ) - 1                      
2026-06-17 12:33:27,962 INFO  CommonSwOperations.cs: 254 - Successfully loaded component E:\仿真\合成-化学反应站\S0506-MGN9C-滑轨-50.SLDPRT
2026-06-17 12:33:27,962 INFO  CommonSwOperations.cs: 245 - Loading component with PID hB     ???aS 0 5 0 6 - S 2 2 0 0 8 1 7 - 6 0 - 0 1 0 0 - A - X 1 - 1 - 1 @ ??M?SO8 ^ ?b?v?bKb/ S 0 5 0 6 - ?3    ???( _ ?3 - 1 0      ???) - 2 @ S 0 5 0 6 - S 2 2 0 0 8 1 7 - 6 0 - 0 1 0 0 - A - X 1 - 1                    
2026-06-17 12:33:27,962 INFO  CommonSwOperations.cs: 254 - Successfully loaded component E:\仿真\合成-化学反应站\S0506-φ3 销钉(_φ3-10  销钉).SLDPRT
2026-06-17 12:33:27,962 INFO  CommonSwOperations.cs: 245 - Loading component with PID hB     ???aS 0 5 0 6 - S 2 2 0 0 8 1 7 - 6 0 - 0 1 0 0 - A - X 1 - 1 - 1 @ ??M?SO8 ^ ?b?v?bKb/ S 0 5 0 6 - ?3    ???( _ ?3 - 1 0      ???) - 1 @ S 0 5 0 6 - S 2 2 0 0 8 1 7 - 6 0 - 0 1 0 0 - A - X 1 - 1                   
2026-06-17 12:33:27,962 INFO  CommonSwOperations.cs: 254 - Successfully loaded component E:\仿真\合成-化学反应站\S0506-φ3 销钉(_φ3-10  销钉).SLDPRT
2026-06-17 12:33:27,962 INFO  CommonSwOperations.cs: 230 - Loaded 6 components for link r_Link
2026-06-17 12:33:27,962 INFO  CommonSwOperations.cs: 221 - Loading SolidWorks components for r2_Link from C:\Users\DP\AppData\Local\Temp\swx18616\VC~~\拧盖抓手\装配体8^拧盖抓手.SLDASM
2026-06-17 12:33:27,962 INFO  CommonSwOperations.cs: 245 - Loading component with PID hB     ???PS 0 5 0 6 - S 2 2 0 0 8 1 7 - 6 0 - 0 1 0 0 - A - X 1 - 1 - 1 @ ??M?SO8 ^ ?b?v?bKb/ U Y 6 - 4 0 - 2 @ S 0 5 0 6 - S 2 2 0 0 8 1 7 - 6 0 - 0 1 0 0 - A - X 1 - 1                   
2026-06-17 12:33:27,962 INFO  CommonSwOperations.cs: 254 - Successfully loaded component E:\仿真\合成-化学反应站\UY6-40.SLDPRT
2026-06-17 12:33:27,962 INFO  CommonSwOperations.cs: 245 - Loading component with PID hB     ???QS 0 5 0 6 - S 2 2 0 0 8 1 7 - 6 0 - 0 1 0 0 - A - X 1 - 1 - 1 @ ??M?SO8 ^ ?b?v?bKb/ M S B 6 - 3 5 - 1 @ S 0 5 0 6 - S 2 2 0 0 8 1 7 - 6 0 - 0 1 0 0 - A - X 1 - 1                !   
2026-06-17 12:33:27,962 INFO  CommonSwOperations.cs: 254 - Successfully loaded component E:\仿真\合成-化学反应站\MSB6-35.SLDPRT
2026-06-17 12:33:27,962 INFO  CommonSwOperations.cs: 245 - Loading component with PID hB     ???PS 0 5 0 6 - S 2 2 0 0 8 1 7 - 6 0 - 0 1 0 0 - A - X 1 - 1 - 1 @ ??M?SO8 ^ ?b?v?bKb/ U Y 6 - 4 0 - 1 @ S 0 5 0 6 - S 2 2 0 0 8 1 7 - 6 0 - 0 1 0 0 - A - X 1 - 1                   
2026-06-17 12:33:27,962 INFO  CommonSwOperations.cs: 254 - Successfully loaded component E:\仿真\合成-化学反应站\UY6-40.SLDPRT
2026-06-17 12:33:27,978 INFO  CommonSwOperations.cs: 245 - Loading component with PID hB     ???`S 0 5 0 6 - S 2 2 0 0 8 1 7 - 6 0 - 0 1 0 0 - A - X 1 - 1 - 1 @ ??M?SO8 ^ ?b?v?bKb/ X Y 2 6 0 3 0 4 - 2 A . 0 2 - 0 4   ?e?v9Y*r- 1 @ S 0 5 0 6 - S 2 2 0 0 8 1 7 - 6 0 - 0 1 0 0 - A - X 1 - 1                #   
2026-06-17 12:33:27,978 INFO  CommonSwOperations.cs: 254 - Successfully loaded component E:\仿真\合成-化学反应站\XY260304-2A.02-04 旋盖夹爪.SLDPRT
2026-06-17 12:33:27,978 INFO  CommonSwOperations.cs: 245 - Loading component with PID hB     ????S 0 5 0 6 - S 2 2 0 0 8 1 7 - 6 0 - 0 1 0 0 - A - X 1 - 1 - 1 @ ??M?SO8 ^ ?b?v?bKb/ M G N 9 C 1 R 7 0 E 5 Z 0 C ( ????- _ f l e x i b l e 1 ) - 1 - 1 @ S 0 5 0 6 - S 2 2 0 0 8 1 7 - 6 0 - 0 1 0 0 - A - X 1 - 1 / S 0 5 0 6 - M G N 9 C - ?nWW- S 0 8 2 1 - 1 @ M G N 9 C 1 R 7 0 E 5 Z 0 C ( ????- _ f l e x i b l e 1 ) - 1                      
2026-06-17 12:33:27,978 INFO  CommonSwOperations.cs: 254 - Successfully loaded component E:\仿真\合成-化学反应站\S0506-MGN9C-滑块-S0821.SLDPRT
2026-06-17 12:33:27,978 INFO  CommonSwOperations.cs: 230 - Loaded 5 components for link r2_Link
2026-06-17 12:33:28,004 INFO  SwAddin.cs: 344 - Showing property manager
2026-06-17 12:33:51,722 INFO  ExportPropertyManager.cs: 422 - Configuration saved
2026-06-17 12:33:51,724 INFO  ConfigurationSerialization.cs: 276 - URDF Configuration found
<Link z:Id="i1" xmlns="http://schemas.datacontract.org/2004/07/SW2URDF" xmlns:i="http://www.w3.org/2001/XMLSchema-instance" xmlns:z="http://schemas.microsoft.com/2003/10/Serialization/"><Attributes><Attribute z:Id="i2"><AttributeType>name</AttributeType><IsRequired>true</IsRequired><Value i:type="a:string" xmlns:a="http://www.w3.org/2001/XMLSchema">base_link</Value></Attribute></Attributes><ChildElements><URDFElement z:Id="i3" i:type="Inertial"><Attributes/><ChildElements><URDFElement z:Id="i4" i:type="Origin"><Attributes><Attribute z:Id="i5"><AttributeType>xyz</AttributeType><IsRequired>true</IsRequired><Value i:type="a:ArrayOfdouble" xmlns:a="http://schemas.microsoft.com/2003/10/Serialization/Arrays"><a:double>0</a:double><a:double>0</a:double><a:double>0</a:double></Value></Attribute><Attribute z:Id="i6"><AttributeType>rpy</AttributeType><IsRequired>true</IsRequired><Value i:type="a:ArrayOfdouble" xmlns:a="http://schemas.microsoft.com/2003/10/Serialization/Arrays"><a:double>0</a:double><a:double>0</a:double><a:double>0</a:double></Value></Attribute></Attributes><ChildElements/><ElementName>origin</ElementName><required>false</required><RPYAttribute z:Ref="i6"/><XYZAttribute z:Ref="i5"/><isCustomized>false</isCustomized></URDFElement><URDFElement z:Id="i7" i:type="Mass"><Attributes><Attribute z:Id="i8"><AttributeType>value</AttributeType><IsRequired>true</IsRequired><Value i:type="a:double" xmlns:a="http://www.w3.org/2001/XMLSchema">0</Value></Attribute></Attributes><ChildElements/><ElementName>mass</ElementName><required>false</required><ValueAttribute z:Ref="i8"/></URDFElement><URDFElement z:Id="i9" i:type="Inertia"><Attributes><Attribute z:Id="i10"><AttributeType>ixx</AttributeType><IsRequired>true</IsRequired><Value i:type="a:double" xmlns:a="http://www.w3.org/2001/XMLSchema">0</Value></Attribute><Attribute z:Id="i11"><AttributeType>ixy</AttributeType><IsRequired>true</IsRequired><Value i:type="a:double" xmlns:a="http://www.w3.org/2001/XMLSchema">0</Value></Attribute><Attribute z:Id="i12"><AttributeType>ixz</AttributeType><IsRequired>true</IsRequired><Value i:type="a:double" xmlns:a="http://www.w3.org/2001/XMLSchema">0</Value></Attribute><Attribute z:Id="i13"><AttributeType>iyy</AttributeType><IsRequired>true</IsRequired><Value i:type="a:double" xmlns:a="http://www.w3.org/2001/XMLSchema">0</Value></Attribute><Attribute z:Id="i14"><AttributeType>iyz</AttributeType><IsRequired>true</IsRequired><Value i:type="a:double" xmlns:a="http://www.w3.org/2001/XMLSchema">0</Value></Attribute><Attribute z:Id="i15"><AttributeType>izz</AttributeType><IsRequired>true</IsRequired><Value i:type="a:double" xmlns:a="http://www.w3.org/2001/XMLSchema">0</Value></Attribute></Attributes><ChildElements/><ElementName>inertia</ElementName><required>false</required><IxxAttribute z:Ref="i10"/><IxyAttribute z:Ref="i11"/><IxzAttribute z:Ref="i12"/><IyyAttribute z:Ref="i13"/><IyzAttribute z:Ref="i14"/><IzzAttribute z:Ref="i15"/></URDFElement></ChildElements><ElementName>inertial</ElementName><required>false</required><Inertia z:Ref="i9"/><Mass z:Ref="i7"/><Origin z:Ref="i4"/></URDFElement><URDFElement z:Id="i16" i:type="Visual"><Attributes/><ChildElements><URDFElement z:Id="i17" i:type="Origin"><Attributes><Attribute z:Id="i18"><AttributeType>xyz</AttributeType><IsRequired>true</IsRequired><Value i:type="a:ArrayOfdouble" xmlns:a="http://schemas.microsoft.com/2003/10/Serialization/Arrays"><a:double>0</a:double><a:double>0</a:double><a:double>0</a:double></Value></Attribute><Attribute z:Id="i19"><AttributeType>rpy</AttributeType><IsRequired>true</IsRequired><Value i:type="a:ArrayOfdouble" xmlns:a="http://schemas.microsoft.com/2003/10/Serialization/Arrays"><a:double>0</a:double><a:double>0</a:double><a:double>0</a:double></Value></Attribute></Attributes><ChildElements/><ElementName>origin</ElementName><required>false</required><RPYAttribute z:Ref="i19"/><XYZAttribute z:Ref="i18"/><isCustomized>false</isCustomized></URDFElement><URDFElement z:Id="i20" i:type="Geometry"><Attributes/><ChildElements><URDFElement z:Id="i21" i:type="Mesh"><Attributes><Attribute z:Id="i22"><AttributeType>filename</AttributeType><IsRequired>true</IsRequired><Value i:nil="true"/></Attribute></Attributes><ChildElements/><ElementName>mesh</ElementName><required>false</required><FilenameAttribute z:Ref="i22"/></URDFElement></ChildElements><ElementName>geometry</ElementName><required>true</required><Mesh z:Ref="i21"/></URDFElement><URDFElement z:Id="i23" i:type="Material"><Attributes><Attribute z:Id="i24"><AttributeType>name</AttributeType><IsRequired>true</IsRequired><Value i:type="a:string" xmlns:a="http://www.w3.org/2001/XMLSchema"/></Attribute></Attributes><ChildElements><URDFElement z:Id="i25" i:type="Color"><Attributes><Attribute z:Id="i26"><AttributeType>rgba</AttributeType><IsRequired>true</IsRequired><Value i:type="a:ArrayOfdouble" xmlns:a="http://schemas.microsoft.com/2003/10/Serialization/Arrays"><a:double>1</a:double><a:double>1</a:double><a:double>1</a:double><a:double>1</a:double></Value></Attribute></Attributes><ChildElements/><ElementName>color</ElementName><required>false</required><RGBAAttribute z:Ref="i26"/></URDFElement><URDFElement z:Id="i27" i:type="Texture"><Attributes><Attribute z:Id="i28"><AttributeType>filename</AttributeType><IsRequired>true</IsRequired><Value i:nil="true"/></Attribute></Attributes><ChildElements/><ElementName>texture</ElementName><required>false</required><FilenameAttribute z:Ref="i28"/><wFilename/></URDFElement></ChildElements><ElementName>material</ElementName><required>false</required><Color z:Ref="i25"/><NameAttribute z:Ref="i24"/><Texture z:Ref="i27"/></URDFElement></ChildElements><ElementName>visual</ElementName><required>false</required><Geometry z:Ref="i20"/><Material z:Ref="i23"/><Origin z:Ref="i17"/></URDFElement><URDFElement z:Id="i29" i:type="Collision"><Attributes/><ChildElements><URDFElement z:Id="i30" i:type="Origin"><Attributes><Attribute z:Id="i31"><AttributeType>xyz</AttributeType><IsRequired>true</IsRequired><Value i:type="a:ArrayOfdouble" xmlns:a="http://schemas.microsoft.com/2003/10/Serialization/Arrays"><a:double>0</a:double><a:double>0</a:double><a:double>0</a:double></Value></Attribute><Attribute z:Id="i32"><AttributeType>rpy</AttributeType><IsRequired>true</IsRequired><Value i:type="a:ArrayOfdouble" xmlns:a="http://schemas.microsoft.com/2003/10/Serialization/Arrays"><a:double>0</a:double><a:double>0</a:double><a:double>0</a:double></Value></Attribute></Attributes><ChildElements/><ElementName>origin</ElementName><required>false</required><RPYAttribute z:Ref="i32"/><XYZAttribute z:Ref="i31"/><isCustomized>false</isCustomized></URDFElement><URDFElement z:Id="i33" i:type="Geometry"><Attributes/><ChildElements><URDFElement z:Id="i34" i:type="Mesh"><Attributes><Attribute z:Id="i35"><AttributeType>filename</AttributeType><IsRequired>true</IsRequired><Value i:nil="true"/></Attribute></Attributes><ChildElements/><ElementName>mesh</ElementName><required>false</required><FilenameAttribute z:Ref="i35"/></URDFElement></ChildElements><ElementName>geometry</ElementName><required>true</required><Mesh z:Ref="i34"/></URDFElement></ChildElements><ElementName>collision</ElementName><required>false</required><Geometry z:Ref="i33"/><Origin z:Ref="i30"/></URDFElement><URDFElement z:Id="i36" i:type="Joint"><Attributes><Attribute z:Id="i37"><AttributeType>name</AttributeType><IsRequired>true</IsRequired><Value i:type="a:string" xmlns:a="http://www.w3.org/2001/XMLSchema"/></Attribute><Attribute z:Id="i38"><AttributeType>type</AttributeType><IsRequired>true</IsRequired><Value i:type="a:string" xmlns:a="http://www.w3.org/2001/XMLSchema"/></Attribute></Attributes><ChildElements><URDFElement z:Id="i39" i:type="Origin"><Attributes><Attribute z:Id="i40"><AttributeType>xyz</AttributeType><IsRequired>true</IsRequired><Value i:type="a:ArrayOfdouble" xmlns:a="http://schemas.microsoft.com/2003/10/Serialization/Arrays"><a:double>0</a:double><a:double>0</a:double><a:double>0</a:double></Value></Attribute><Attribute z:Id="i41"><AttributeType>rpy</AttributeType><IsRequired>true</IsRequired><Value i:type="a:ArrayOfdouble" xmlns:a="http://schemas.microsoft.com/2003/10/Serialization/Arrays"><a:double>0</a:double><a:double>0</a:double><a:double>0</a:double></Value></Attribute></Attributes><ChildElements/><ElementName>origin</ElementName><required>false</required><RPYAttribute z:Ref="i41"/><XYZAttribute z:Ref="i40"/><isCustomized>false</isCustomized></URDFElement><URDFElement z:Id="i42" i:type="ParentLink"><Attributes><Attribute z:Id="i43"><AttributeType>link</AttributeType><IsRequired>true</IsRequired><Value i:type="a:string" xmlns:a="http://www.w3.org/2001/XMLSchema"/></Attribute></Attributes><ChildElements/><ElementName>parent</ElementName><required>true</required><NameAttribute z:Ref="i43"/></URDFElement><URDFElement z:Id="i44" i:type="ChildLink"><Attributes><Attribute z:Id="i45"><AttributeType>link</AttributeType><IsRequired>true</IsRequired><Value i:type="a:string" xmlns:a="http://www.w3.org/2001/XMLSchema"/></Attribute></Attributes><ChildElements/><ElementName>child</ElementName><required>true</required><NameAttribute z:Ref="i45"/></URDFElement><URDFElement z:Id="i46" i:type="Axis"><Attributes><Attribute z:Id="i47"><AttributeType>xyz</AttributeType><IsRequired>true</IsRequired><Value i:type="a:ArrayOfdouble" xmlns:a="http://schemas.microsoft.com/2003/10/Serialization/Arrays"><a:double>0</a:double><a:double>0</a:double><a:double>0</a:double></Value></Attribute></Attributes><ChildElements/><ElementName>axis</ElementName><required>false</required><XYZAttribute z:Ref="i47"/></URDFElement><URDFElement z:Id="i48" i:type="Limit"><Attributes><Attribute z:Id="i49"><AttributeType>lower</AttributeType><IsRequired>false</IsRequired><Value i:nil="true"/></Attribute><Attribute z:Id="i50"><AttributeType>upper</AttributeType><IsRequired>false</IsRequired><Value i:nil="true"/></Attribute><Attribute z:Id="i51"><AttributeType>effort</AttributeType><IsRequired>true</IsRequired><Value i:nil="true"/></Attribute><Attribute z:Id="i52"><AttributeType>velocity</AttributeType><IsRequired>true</IsRequired><Value i:nil="true"/></Attribute></Attributes><ChildElements/><ElementName>limit</ElementName><required>false</required><EffortAttribute z:Ref="i51"/><LowerAttribute z:Ref="i49"/><UpperAttribute z:Ref="i50"/><VelocityAttribute z:Ref="i52"/></URDFElement><URDFElement z:Id="i53" i:type="Calibration"><Attributes><Attribute z:Id="i54"><AttributeType>rising</AttributeType><IsRequired>false</IsRequired><Value i:nil="true"/></Attribute><Attribute z:Id="i55"><AttributeType>falling</AttributeType><IsRequired>false</IsRequired><Value i:nil="true"/></Attribute></Attributes><ChildElements/><ElementName>calibration</ElementName><required>false</required><FallingAttribute z:Ref="i55"/><RisingAttribute z:Ref="i54"/></URDFElement><URDFElement z:Id="i56" i:type="Dynamics"><Attributes><Attribute z:Id="i57"><AttributeType>damping</AttributeType><IsRequired>false</IsRequired><Value i:nil="true"/></Attribute><Attribute z:Id="i58"><AttributeType>friction</AttributeType><IsRequired>false</IsRequired><Value i:nil="true"/></Attribute></Attributes><ChildElements/><ElementName>dynamics</ElementName><required>false</required><DampingAttribute z:Ref="i57"/><FrictionAttribute z:Ref="i58"/></URDFElement><URDFElement z:Id="i59" i:type="SafetyController"><Attributes><Attribute z:Id="i60"><AttributeType>soft_upper_limit</AttributeType><IsRequired>false</IsRequired><Value i:nil="true"/></Attribute><Attribute z:Id="i61"><AttributeType>soft_lower_limit</AttributeType><IsRequired>false</IsRequired><Value i:nil="true"/></Attribute><Attribute z:Id="i62"><AttributeType>k_position</AttributeType><IsRequired>false</IsRequired><Value i:nil="true"/></Attribute><Attribute z:Id="i63"><AttributeType>k_velocity</AttributeType><IsRequired>true</IsRequired><Value i:nil="true"/></Attribute></Attributes><ChildElements/><ElementName>safety_controller</ElementName><required>false</required><KPositionAttribute z:Ref="i62"/><KVelocityAttribute z:Ref="i63"/><SoftLowerAttribute z:Ref="i61"/><SoftUpperAttribute z:Ref="i60"/></URDFElement><URDFElement z:Id="i64" i:type="Mimic"><Attributes><Attribute z:Id="i65"><AttributeType>joint</AttributeType><IsRequired>true</IsRequired><Value i:nil="true"/></Attribute><Attribute z:Id="i66"><AttributeType>multiplier</AttributeType><IsRequired>false</IsRequired><Value i:nil="true"/></Attribute><Attribute z:Id="i67"><AttributeType>offset</AttributeType><IsRequired>false</IsRequired><Value i:nil="true"/></Attribute></Attributes><ChildElements/><ElementName>mimic</ElementName><required>false</required><JointNameAttribute z:Ref="i65"/><MultiplierAttribute z:Ref="i66"/><OffsetAttribute z:Ref="i67"/></URDFElement></ChildElements><ElementName>joint</ElementName><required>false</required><Axis z:Ref="i46"/><AxisName/><Calibration z:Ref="i53"/><Child z:Ref="i44"/><CoordinateSystemName>base</CoordinateSystemName><Dynamics z:Ref="i56"/><Limit z:Ref="i48"/><Mimic z:Ref="i64"/><NameAttribute z:Ref="i37"/><Origin z:Ref="i39"/><Parent z:Ref="i42"/><Safety z:Ref="i59"/><TypeAttribute z:Ref="i38"/></URDFElement></ChildElements><ElementName>link</ElementName><required>true</required><Children><Link z:Id="i68"><Attributes><Attribute z:Id="i69"><AttributeType>name</AttributeType><IsRequired>true</IsRequired><Value i:type="a:string" xmlns:a="http://www.w3.org/2001/XMLSchema">rotate_Link</Value></Attribute></Attributes><ChildElements><URDFElement z:Id="i70" i:type="Inertial"><Attributes/><ChildElements><URDFElement z:Id="i71" i:type="Origin"><Attributes><Attribute z:Id="i72"><AttributeType>xyz</AttributeType><IsRequired>true</IsRequired><Value i:type="a:ArrayOfdouble" xmlns:a="http://schemas.microsoft.com/2003/10/Serialization/Arrays"><a:double>0</a:double><a:double>0</a:double><a:double>0</a:double></Value></Attribute><Attribute z:Id="i73"><AttributeType>rpy</AttributeType><IsRequired>true</IsRequired><Value i:type="a:ArrayOfdouble" xmlns:a="http://schemas.microsoft.com/2003/10/Serialization/Arrays"><a:double>0</a:double><a:double>0</a:double><a:double>0</a:double></Value></Attribute></Attributes><ChildElements/><ElementName>origin</ElementName><required>false</required><RPYAttribute z:Ref="i73"/><XYZAttribute z:Ref="i72"/><isCustomized>false</isCustomized></URDFElement><URDFElement z:Id="i74" i:type="Mass"><Attributes><Attribute z:Id="i75"><AttributeType>value</AttributeType><IsRequired>true</IsRequired><Value i:type="a:double" xmlns:a="http://www.w3.org/2001/XMLSchema">0</Value></Attribute></Attributes><ChildElements/><ElementName>mass</ElementName><required>false</required><ValueAttribute z:Ref="i75"/></URDFElement><URDFElement z:Id="i76" i:type="Inertia"><Attributes><Attribute z:Id="i77"><AttributeType>ixx</AttributeType><IsRequired>true</IsRequired><Value i:type="a:double" xmlns:a="http://www.w3.org/2001/XMLSchema">0</Value></Attribute><Attribute z:Id="i78"><AttributeType>ixy</AttributeType><IsRequired>true</IsRequired><Value i:type="a:double" xmlns:a="http://www.w3.org/2001/XMLSchema">0</Value></Attribute><Attribute z:Id="i79"><AttributeType>ixz</AttributeType><IsRequired>true</IsRequired><Value i:type="a:double" xmlns:a="http://www.w3.org/2001/XMLSchema">0</Value></Attribute><Attribute z:Id="i80"><AttributeType>iyy</AttributeType><IsRequired>true</IsRequired><Value i:type="a:double" xmlns:a="http://www.w3.org/2001/XMLSchema">0</Value></Attribute><Attribute z:Id="i81"><AttributeType>iyz</AttributeType><IsRequired>true</IsRequired><Value i:type="a:double" xmlns:a="http://www.w3.org/2001/XMLSchema">0</Value></Attribute><Attribute z:Id="i82"><AttributeType>izz</AttributeType><IsRequired>true</IsRequired><Value i:type="a:double" xmlns:a="http://www.w3.org/2001/XMLSchema">0</Value></Attribute></Attributes><ChildElements/><ElementName>inertia</ElementName><required>false</required><IxxAttribute z:Ref="i77"/><IxyAttribute z:Ref="i78"/><IxzAttribute z:Ref="i79"/><IyyAttribute z:Ref="i80"/><IyzAttribute z:Ref="i81"/><IzzAttribute z:Ref="i82"/></URDFElement></ChildElements><ElementName>inertial</ElementName><required>false</required><Inertia z:Ref="i76"/><Mass z:Ref="i74"/><Origin z:Ref="i71"/></URDFElement><URDFElement z:Id="i83" i:type="Visual"><Attributes/><ChildElements><URDFElement z:Id="i84" i:type="Origin"><Attributes><Attribute z:Id="i85"><AttributeType>xyz</AttributeType><IsRequired>true</IsRequired><Value i:type="a:ArrayOfdouble" xmlns:a="http://schemas.microsoft.com/2003/10/Serialization/Arrays"><a:double>0</a:double><a:double>0</a:double><a:double>0</a:double></Value></Attribute><Attribute z:Id="i86"><AttributeType>rpy</AttributeType><IsRequired>true</IsRequired><Value i:type="a:ArrayOfdouble" xmlns:a="http://schemas.microsoft.com/2003/10/Serialization/Arrays"><a:double>0</a:double><a:double>0</a:double><a:double>0</a:double></Value></Attribute></Attributes><ChildElements/><ElementName>origin</ElementName><required>false</required><RPYAttribute z:Ref="i86"/><XYZAttribute z:Ref="i85"/><isCustomized>false</isCustomized></URDFElement><URDFElement z:Id="i87" i:type="Geometry"><Attributes/><ChildElements><URDFElement z:Id="i88" i:type="Mesh"><Attributes><Attribute z:Id="i89"><AttributeType>filename</AttributeType><IsRequired>true</IsRequired><Value i:nil="true"/></Attribute></Attributes><ChildElements/><ElementName>mesh</ElementName><required>false</required><FilenameAttribute z:Ref="i89"/></URDFElement></ChildElements><ElementName>geometry</ElementName><required>true</required><Mesh z:Ref="i88"/></URDFElement><URDFElement z:Id="i90" i:type="Material"><Attributes><Attribute z:Id="i91"><AttributeType>name</AttributeType><IsRequired>true</IsRequired><Value i:type="a:string" xmlns:a="http://www.w3.org/2001/XMLSchema"/></Attribute></Attributes><ChildElements><URDFElement z:Id="i92" i:type="Color"><Attributes><Attribute z:Id="i93"><AttributeType>rgba</AttributeType><IsRequired>true</IsRequired><Value i:type="a:ArrayOfdouble" xmlns:a="http://schemas.microsoft.com/2003/10/Serialization/Arrays"><a:double>1</a:double><a:double>1</a:double><a:double>1</a:double><a:double>1</a:double></Value></Attribute></Attributes><ChildElements/><ElementName>color</ElementName><required>false</required><RGBAAttribute z:Ref="i93"/></URDFElement><URDFElement z:Id="i94" i:type="Texture"><Attributes><Attribute z:Id="i95"><AttributeType>filename</AttributeType><IsRequired>true</IsRequired><Value i:nil="true"/></Attribute></Attributes><ChildElements/><ElementName>texture</ElementName><required>false</required><FilenameAttribute z:Ref="i95"/><wFilename/></URDFElement></ChildElements><ElementName>material</ElementName><required>false</required><Color z:Ref="i92"/><NameAttribute z:Ref="i91"/><Texture z:Ref="i94"/></URDFElement></ChildElements><ElementName>visual</ElementName><required>false</required><Geometry z:Ref="i87"/><Material z:Ref="i90"/><Origin z:Ref="i84"/></URDFElement><URDFElement z:Id="i96" i:type="Collision"><Attributes/><ChildElements><URDFElement z:Id="i97" i:type="Origin"><Attributes><Attribute z:Id="i98"><AttributeType>xyz</AttributeType><IsRequired>true</IsRequired><Value i:type="a:ArrayOfdouble" xmlns:a="http://schemas.microsoft.com/2003/10/Serialization/Arrays"><a:double>0</a:double><a:double>0</a:double><a:double>0</a:double></Value></Attribute><Attribute z:Id="i99"><AttributeType>rpy</AttributeType><IsRequired>true</IsRequired><Value i:type="a:ArrayOfdouble" xmlns:a="http://schemas.microsoft.com/2003/10/Serialization/Arrays"><a:double>0</a:double><a:double>0</a:double><a:double>0</a:double></Value></Attribute></Attributes><ChildElements/><ElementName>origin</ElementName><required>false</required><RPYAttribute z:Ref="i99"/><XYZAttribute z:Ref="i98"/><isCustomized>false</isCustomized></URDFElement><URDFElement z:Id="i100" i:type="Geometry"><Attributes/><ChildElements><URDFElement z:Id="i101" i:type="Mesh"><Attributes><Attribute z:Id="i102"><AttributeType>filename</AttributeType><IsRequired>true</IsRequired><Value i:nil="true"/></Attribute></Attributes><ChildElements/><ElementName>mesh</ElementName><required>false</required><FilenameAttribute z:Ref="i102"/></URDFElement></ChildElements><ElementName>geometry</ElementName><required>true</required><Mesh z:Ref="i101"/></URDFElement></ChildElements><ElementName>collision</ElementName><required>false</required><Geometry z:Ref="i100"/><Origin z:Ref="i97"/></URDFElement><URDFElement z:Id="i103" i:type="Joint"><Attributes><Attribute z:Id="i104"><AttributeType>name</AttributeType><IsRequired>true</IsRequired><Value i:type="a:string" xmlns:a="http://www.w3.org/2001/XMLSchema">rotate_joint</Value></Attribute><Attribute z:Id="i105"><AttributeType>type</AttributeType><IsRequired>true</IsRequired><Value i:type="a:string" xmlns:a="http://www.w3.org/2001/XMLSchema">continuous</Value></Attribute></Attributes><ChildElements><URDFElement z:Id="i106" i:type="Origin"><Attributes><Attribute z:Id="i107"><AttributeType>xyz</AttributeType><IsRequired>true</IsRequired><Value i:type="a:ArrayOfdouble" xmlns:a="http://schemas.microsoft.com/2003/10/Serialization/Arrays"><a:double>0</a:double><a:double>0</a:double><a:double>0</a:double></Value></Attribute><Attribute z:Id="i108"><AttributeType>rpy</AttributeType><IsRequired>true</IsRequired><Value i:type="a:ArrayOfdouble" xmlns:a="http://schemas.microsoft.com/2003/10/Serialization/Arrays"><a:double>0</a:double><a:double>0</a:double><a:double>0</a:double></Value></Attribute></Attributes><ChildElements/><ElementName>origin</ElementName><required>false</required><RPYAttribute z:Ref="i108"/><XYZAttribute z:Ref="i107"/><isCustomized>false</isCustomized></URDFElement><URDFElement z:Id="i109" i:type="ParentLink"><Attributes><Attribute z:Id="i110"><AttributeType>link</AttributeType><IsRequired>true</IsRequired><Value i:type="a:string" xmlns:a="http://www.w3.org/2001/XMLSchema"/></Attribute></Attributes><ChildElements/><ElementName>parent</ElementName><required>true</required><NameAttribute z:Ref="i110"/></URDFElement><URDFElement z:Id="i111" i:type="ChildLink"><Attributes><Attribute z:Id="i112"><AttributeType>link</AttributeType><IsRequired>true</IsRequired><Value i:type="a:string" xmlns:a="http://www.w3.org/2001/XMLSchema"/></Attribute></Attributes><ChildElements/><ElementName>child</ElementName><required>true</required><NameAttribute z:Ref="i112"/></URDFElement><URDFElement z:Id="i113" i:type="Axis"><Attributes><Attribute z:Id="i114"><AttributeType>xyz</AttributeType><IsRequired>true</IsRequired><Value i:type="a:ArrayOfdouble" xmlns:a="http://schemas.microsoft.com/2003/10/Serialization/Arrays"><a:double>0</a:double><a:double>0</a:double><a:double>0</a:double></Value></Attribute></Attributes><ChildElements/><ElementName>axis</ElementName><required>false</required><XYZAttribute z:Ref="i114"/></URDFElement><URDFElement z:Id="i115" i:type="Limit"><Attributes><Attribute z:Id="i116"><AttributeType>lower</AttributeType><IsRequired>false</IsRequired><Value i:nil="true"/></Attribute><Attribute z:Id="i117"><AttributeType>upper</AttributeType><IsRequired>false</IsRequired><Value i:nil="true"/></Attribute><Attribute z:Id="i118"><AttributeType>effort</AttributeType><IsRequired>true</IsRequired><Value i:nil="true"/></Attribute><Attribute z:Id="i119"><AttributeType>velocity</AttributeType><IsRequired>true</IsRequired><Value i:nil="true"/></Attribute></Attributes><ChildElements/><ElementName>limit</ElementName><required>false</required><EffortAttribute z:Ref="i118"/><LowerAttribute z:Ref="i116"/><UpperAttribute z:Ref="i117"/><VelocityAttribute z:Ref="i119"/></URDFElement><URDFElement z:Id="i120" i:type="Calibration"><Attributes><Attribute z:Id="i121"><AttributeType>rising</AttributeType><IsRequired>false</IsRequired><Value i:nil="true"/></Attribute><Attribute z:Id="i122"><AttributeType>falling</AttributeType><IsRequired>false</IsRequired><Value i:nil="true"/></Attribute></Attributes><ChildElements/><ElementName>calibration</ElementName><required>false</required><FallingAttribute z:Ref="i122"/><RisingAttribute z:Ref="i121"/></URDFElement><URDFElement z:Id="i123" i:type="Dynamics"><Attributes><Attribute z:Id="i124"><AttributeType>damping</AttributeType><IsRequired>false</IsRequired><Value i:nil="true"/></Attribute><Attribute z:Id="i125"><AttributeType>friction</AttributeType><IsRequired>false</IsRequired><Value i:nil="true"/></Attribute></Attributes><ChildElements/><ElementName>dynamics</ElementName><required>false</required><DampingAttribute z:Ref="i124"/><FrictionAttribute z:Ref="i125"/></URDFElement><URDFElement z:Id="i126" i:type="SafetyController"><Attributes><Attribute z:Id="i127"><AttributeType>soft_upper_limit</AttributeType><IsRequired>false</IsRequired><Value i:nil="true"/></Attribute><Attribute z:Id="i128"><AttributeType>soft_lower_limit</AttributeType><IsRequired>false</IsRequired><Value i:nil="true"/></Attribute><Attribute z:Id="i129"><AttributeType>k_position</AttributeType><IsRequired>false</IsRequired><Value i:nil="true"/></Attribute><Attribute z:Id="i130"><AttributeType>k_velocity</AttributeType><IsRequired>true</IsRequired><Value i:nil="true"/></Attribute></Attributes><ChildElements/><ElementName>safety_controller</ElementName><required>false</required><KPositionAttribute z:Ref="i129"/><KVelocityAttribute z:Ref="i130"/><SoftLowerAttribute z:Ref="i128"/><SoftUpperAttribute z:Ref="i127"/></URDFElement><URDFElement z:Id="i131" i:type="Mimic"><Attributes><Attribute z:Id="i132"><AttributeType>joint</AttributeType><IsRequired>true</IsRequired><Value i:nil="true"/></Attribute><Attribute z:Id="i133"><AttributeType>multiplier</AttributeType><IsRequired>false</IsRequired><Value i:nil="true"/></Attribute><Attribute z:Id="i134"><AttributeType>offset</AttributeType><IsRequired>false</IsRequired><Value i:nil="true"/></Attribute></Attributes><ChildElements/><ElementName>mimic</ElementName><required>false</required><JointNameAttribute z:Ref="i132"/><MultiplierAttribute z:Ref="i133"/><OffsetAttribute z:Ref="i134"/></URDFElement></ChildElements><ElementName>joint</ElementName><required>false</required><Axis z:Ref="i113"/><AxisName>_rot</AxisName><Calibration z:Ref="i120"/><Child z:Ref="i111"/><CoordinateSystemName>rot</CoordinateSystemName><Dynamics z:Ref="i123"/><Limit z:Ref="i115"/><Mimic z:Ref="i131"/><NameAttribute z:Ref="i104"/><Origin z:Ref="i106"/><Parent z:Ref="i109"/><Safety z:Ref="i126"/><TypeAttribute z:Ref="i105"/></URDFElement></ChildElements><ElementName>link</ElementName><required>true</required><Children><Link z:Id="i135"><Attributes><Attribute z:Id="i136"><AttributeType>name</AttributeType><IsRequired>true</IsRequired><Value i:type="a:string" xmlns:a="http://www.w3.org/2001/XMLSchema">l_Link</Value></Attribute></Attributes><ChildElements><URDFElement z:Id="i137" i:type="Inertial"><Attributes/><ChildElements><URDFElement z:Id="i138" i:type="Origin"><Attributes><Attribute z:Id="i139"><AttributeType>xyz</AttributeType><IsRequired>true</IsRequired><Value i:type="a:ArrayOfdouble" xmlns:a="http://schemas.microsoft.com/2003/10/Serialization/Arrays"><a:double>0</a:double><a:double>0</a:double><a:double>0</a:double></Value></Attribute><Attribute z:Id="i140"><AttributeType>rpy</AttributeType><IsRequired>true</IsRequired><Value i:type="a:ArrayOfdouble" xmlns:a="http://schemas.microsoft.com/2003/10/Serialization/Arrays"><a:double>0</a:double><a:double>0</a:double><a:double>0</a:double></Value></Attribute></Attributes><ChildElements/><ElementName>origin</ElementName><required>false</required><RPYAttribute z:Ref="i140"/><XYZAttribute z:Ref="i139"/><isCustomized>false</isCustomized></URDFElement><URDFElement z:Id="i141" i:type="Mass"><Attributes><Attribute z:Id="i142"><AttributeType>value</AttributeType><IsRequired>true</IsRequired><Value i:type="a:double" xmlns:a="http://www.w3.org/2001/XMLSchema">0</Value></Attribute></Attributes><ChildElements/><ElementName>mass</ElementName><required>false</required><ValueAttribute z:Ref="i142"/></URDFElement><URDFElement z:Id="i143" i:type="Inertia"><Attributes><Attribute z:Id="i144"><AttributeType>ixx</AttributeType><IsRequired>true</IsRequired><Value i:type="a:double" xmlns:a="http://www.w3.org/2001/XMLSchema">0</Value></Attribute><Attribute z:Id="i145"><AttributeType>ixy</AttributeType><IsRequired>true</IsRequired><Value i:type="a:double" xmlns:a="http://www.w3.org/2001/XMLSchema">0</Value></Attribute><Attribute z:Id="i146"><AttributeType>ixz</AttributeType><IsRequired>true</IsRequired><Value i:type="a:double" xmlns:a="http://www.w3.org/2001/XMLSchema">0</Value></Attribute><Attribute z:Id="i147"><AttributeType>iyy</AttributeType><IsRequired>true</IsRequired><Value i:type="a:double" xmlns:a="http://www.w3.org/2001/XMLSchema">0</Value></Attribute><Attribute z:Id="i148"><AttributeType>iyz</AttributeType><IsRequired>true</IsRequired><Value i:type="a:double" xmlns:a="http://www.w3.org/2001/XMLSchema">0</Value></Attribute><Attribute z:Id="i149"><AttributeType>izz</AttributeType><IsRequired>true</IsRequired><Value i:type="a:double" xmlns:a="http://www.w3.org/2001/XMLSchema">0</Value></Attribute></Attributes><ChildElements/><ElementName>inertia</ElementName><required>false</required><IxxAttribute z:Ref="i144"/><IxyAttribute z:Ref="i145"/><IxzAttribute z:Ref="i146"/><IyyAttribute z:Ref="i147"/><IyzAttribute z:Ref="i148"/><IzzAttribute z:Ref="i149"/></URDFElement></ChildElements><ElementName>inertial</ElementName><required>false</required><Inertia z:Ref="i143"/><Mass z:Ref="i141"/><Origin z:Ref="i138"/></URDFElement><URDFElement z:Id="i150" i:type="Visual"><Attributes/><ChildElements><URDFElement z:Id="i151" i:type="Origin"><Attributes><Attribute z:Id="i152"><AttributeType>xyz</AttributeType><IsRequired>true</IsRequired><Value i:type="a:ArrayOfdouble" xmlns:a="http://schemas.microsoft.com/2003/10/Serialization/Arrays"><a:double>0</a:double><a:double>0</a:double><a:double>0</a:double></Value></Attribute><Attribute z:Id="i153"><AttributeType>rpy</AttributeType><IsRequired>true</IsRequired><Value i:type="a:ArrayOfdouble" xmlns:a="http://schemas.microsoft.com/2003/10/Serialization/Arrays"><a:double>0</a:double><a:double>0</a:double><a:double>0</a:double></Value></Attribute></Attributes><ChildElements/><ElementName>origin</ElementName><required>false</required><RPYAttribute z:Ref="i153"/><XYZAttribute z:Ref="i152"/><isCustomized>false</isCustomized></URDFElement><URDFElement z:Id="i154" i:type="Geometry"><Attributes/><ChildElements><URDFElement z:Id="i155" i:type="Mesh"><Attributes><Attribute z:Id="i156"><AttributeType>filename</AttributeType><IsRequired>true</IsRequired><Value i:nil="true"/></Attribute></Attributes><ChildElements/><ElementName>mesh</ElementName><required>false</required><FilenameAttribute z:Ref="i156"/></URDFElement></ChildElements><ElementName>geometry</ElementName><required>true</required><Mesh z:Ref="i155"/></URDFElement><URDFElement z:Id="i157" i:type="Material"><Attributes><Attribute z:Id="i158"><AttributeType>name</AttributeType><IsRequired>true</IsRequired><Value i:type="a:string" xmlns:a="http://www.w3.org/2001/XMLSchema"/></Attribute></Attributes><ChildElements><URDFElement z:Id="i159" i:type="Color"><Attributes><Attribute z:Id="i160"><AttributeType>rgba</AttributeType><IsRequired>true</IsRequired><Value i:type="a:ArrayOfdouble" xmlns:a="http://schemas.microsoft.com/2003/10/Serialization/Arrays"><a:double>1</a:double><a:double>1</a:double><a:double>1</a:double><a:double>1</a:double></Value></Attribute></Attributes><ChildElements/><ElementName>color</ElementName><required>false</required><RGBAAttribute z:Ref="i160"/></URDFElement><URDFElement z:Id="i161" i:type="Texture"><Attributes><Attribute z:Id="i162"><AttributeType>filename</AttributeType><IsRequired>true</IsRequired><Value i:nil="true"/></Attribute></Attributes><ChildElements/><ElementName>texture</ElementName><required>false</required><FilenameAttribute z:Ref="i162"/><wFilename/></URDFElement></ChildElements><ElementName>material</ElementName><required>false</required><Color z:Ref="i159"/><NameAttribute z:Ref="i158"/><Texture z:Ref="i161"/></URDFElement></ChildElements><ElementName>visual</ElementName><required>false</required><Geometry z:Ref="i154"/><Material z:Ref="i157"/><Origin z:Ref="i151"/></URDFElement><URDFElement z:Id="i163" i:type="Collision"><Attributes/><ChildElements><URDFElement z:Id="i164" i:type="Origin"><Attributes><Attribute z:Id="i165"><AttributeType>xyz</AttributeType><IsRequired>true</IsRequired><Value i:type="a:ArrayOfdouble" xmlns:a="http://schemas.microsoft.com/2003/10/Serialization/Arrays"><a:double>0</a:double><a:double>0</a:double><a:double>0</a:double></Value></Attribute><Attribute z:Id="i166"><AttributeType>rpy</AttributeType><IsRequired>true</IsRequired><Value i:type="a:ArrayOfdouble" xmlns:a="http://schemas.microsoft.com/2003/10/Serialization/Arrays"><a:double>0</a:double><a:double>0</a:double><a:double>0</a:double></Value></Attribute></Attributes><ChildElements/><ElementName>origin</ElementName><required>false</required><RPYAttribute z:Ref="i166"/><XYZAttribute z:Ref="i165"/><isCustomized>false</isCustomized></URDFElement><URDFElement z:Id="i167" i:type="Geometry"><Attributes/><ChildElements><URDFElement z:Id="i168" i:type="Mesh"><Attributes><Attribute z:Id="i169"><AttributeType>filename</AttributeType><IsRequired>true</IsRequired><Value i:nil="true"/></Attribute></Attributes><ChildElements/><ElementName>mesh</ElementName><required>false</required><FilenameAttribute z:Ref="i169"/></URDFElement></ChildElements><ElementName>geometry</ElementName><required>true</required><Mesh z:Ref="i168"/></URDFElement></ChildElements><ElementName>collision</ElementName><required>false</required><Geometry z:Ref="i167"/><Origin z:Ref="i164"/></URDFElement><URDFElement z:Id="i170" i:type="Joint"><Attributes><Attribute z:Id="i171"><AttributeType>name</AttributeType><IsRequired>true</IsRequired><Value i:type="a:string" xmlns:a="http://www.w3.org/2001/XMLSchema">l_joint</Value></Attribute><Attribute z:Id="i172"><AttributeType>type</AttributeType><IsRequired>true</IsRequired><Value i:type="a:string" xmlns:a="http://www.w3.org/2001/XMLSchema">prismatic</Value></Attribute></Attributes><ChildElements><URDFElement z:Id="i173" i:type="Origin"><Attributes><Attribute z:Id="i174"><AttributeType>xyz</AttributeType><IsRequired>true</IsRequired><Value i:type="a:ArrayOfdouble" xmlns:a="http://schemas.microsoft.com/2003/10/Serialization/Arrays"><a:double>0</a:double><a:double>0</a:double><a:double>0</a:double></Value></Attribute><Attribute z:Id="i175"><AttributeType>rpy</AttributeType><IsRequired>true</IsRequired><Value i:type="a:ArrayOfdouble" xmlns:a="http://schemas.microsoft.com/2003/10/Serialization/Arrays"><a:double>0</a:double><a:double>0</a:double><a:double>0</a:double></Value></Attribute></Attributes><ChildElements/><ElementName>origin</ElementName><required>false</required><RPYAttribute z:Ref="i175"/><XYZAttribute z:Ref="i174"/><isCustomized>false</isCustomized></URDFElement><URDFElement z:Id="i176" i:type="ParentLink"><Attributes><Attribute z:Id="i177"><AttributeType>link</AttributeType><IsRequired>true</IsRequired><Value i:type="a:string" xmlns:a="http://www.w3.org/2001/XMLSchema"/></Attribute></Attributes><ChildElements/><ElementName>parent</ElementName><required>true</required><NameAttribute z:Ref="i177"/></URDFElement><URDFElement z:Id="i178" i:type="ChildLink"><Attributes><Attribute z:Id="i179"><AttributeType>link</AttributeType><IsRequired>true</IsRequired><Value i:type="a:string" xmlns:a="http://www.w3.org/2001/XMLSchema"/></Attribute></Attributes><ChildElements/><ElementName>child</ElementName><required>true</required><NameAttribute z:Ref="i179"/></URDFElement><URDFElement z:Id="i180" i:type="Axis"><Attributes><Attribute z:Id="i181"><AttributeType>xyz</AttributeType><IsRequired>true</IsRequired><Value i:type="a:ArrayOfdouble" xmlns:a="http://schemas.microsoft.com/2003/10/Serialization/Arrays"><a:double>0</a:double><a:double>0</a:double><a:double>0</a:double></Value></Attribute></Attributes><ChildElements/><ElementName>axis</ElementName><required>false</required><XYZAttribute z:Ref="i181"/></URDFElement><URDFElement z:Id="i182" i:type="Limit"><Attributes><Attribute z:Id="i183"><AttributeType>lower</AttributeType><IsRequired>false</IsRequired><Value i:nil="true"/></Attribute><Attribute z:Id="i184"><AttributeType>upper</AttributeType><IsRequired>false</IsRequired><Value i:nil="true"/></Attribute><Attribute z:Id="i185"><AttributeType>effort</AttributeType><IsRequired>true</IsRequired><Value i:nil="true"/></Attribute><Attribute z:Id="i186"><AttributeType>velocity</AttributeType><IsRequired>true</IsRequired><Value i:nil="true"/></Attribute></Attributes><ChildElements/><ElementName>limit</ElementName><required>false</required><EffortAttribute z:Ref="i185"/><LowerAttribute z:Ref="i183"/><UpperAttribute z:Ref="i184"/><VelocityAttribute z:Ref="i186"/></URDFElement><URDFElement z:Id="i187" i:type="Calibration"><Attributes><Attribute z:Id="i188"><AttributeType>rising</AttributeType><IsRequired>false</IsRequired><Value i:nil="true"/></Attribute><Attribute z:Id="i189"><AttributeType>falling</AttributeType><IsRequired>false</IsRequired><Value i:nil="true"/></Attribute></Attributes><ChildElements/><ElementName>calibration</ElementName><required>false</required><FallingAttribute z:Ref="i189"/><RisingAttribute z:Ref="i188"/></URDFElement><URDFElement z:Id="i190" i:type="Dynamics"><Attributes><Attribute z:Id="i191"><AttributeType>damping</AttributeType><IsRequired>false</IsRequired><Value i:nil="true"/></Attribute><Attribute z:Id="i192"><AttributeType>friction</AttributeType><IsRequired>false</IsRequired><Value i:nil="true"/></Attribute></Attributes><ChildElements/><ElementName>dynamics</ElementName><required>false</required><DampingAttribute z:Ref="i191"/><FrictionAttribute z:Ref="i192"/></URDFElement><URDFElement z:Id="i193" i:type="SafetyController"><Attributes><Attribute z:Id="i194"><AttributeType>soft_upper_limit</AttributeType><IsRequired>false</IsRequired><Value i:nil="true"/></Attribute><Attribute z:Id="i195"><AttributeType>soft_lower_limit</AttributeType><IsRequired>false</IsRequired><Value i:nil="true"/></Attribute><Attribute z:Id="i196"><AttributeType>k_position</AttributeType><IsRequired>false</IsRequired><Value i:nil="true"/></Attribute><Attribute z:Id="i197"><AttributeType>k_velocity</AttributeType><IsRequired>true</IsRequired><Value i:nil="true"/></Attribute></Attributes><ChildElements/><ElementName>safety_controller</ElementName><required>false</required><KPositionAttribute z:Ref="i196"/><KVelocityAttribute z:Ref="i197"/><SoftLowerAttribute z:Ref="i195"/><SoftUpperAttribute z:Ref="i194"/></URDFElement><URDFElement z:Id="i198" i:type="Mimic"><Attributes><Attribute z:Id="i199"><AttributeType>joint</AttributeType><IsRequired>true</IsRequired><Value i:nil="true"/></Attribute><Attribute z:Id="i200"><AttributeType>multiplier</AttributeType><IsRequired>false</IsRequired><Value i:nil="true"/></Attribute><Attribute z:Id="i201"><AttributeType>offset</AttributeType><IsRequired>false</IsRequired><Value i:nil="true"/></Attribute></Attributes><ChildElements/><ElementName>mimic</ElementName><required>false</required><JointNameAttribute z:Ref="i199"/><MultiplierAttribute z:Ref="i200"/><OffsetAttribute z:Ref="i201"/></URDFElement></ChildElements><ElementName>joint</ElementName><required>false</required><Axis z:Ref="i180"/><AxisName>_l</AxisName><Calibration z:Ref="i187"/><Child z:Ref="i178"/><CoordinateSystemName>l</CoordinateSystemName><Dynamics z:Ref="i190"/><Limit z:Ref="i182"/><Mimic z:Ref="i198"/><NameAttribute z:Ref="i171"/><Origin z:Ref="i173"/><Parent z:Ref="i176"/><Safety z:Ref="i193"/><TypeAttribute z:Ref="i172"/></URDFElement></ChildElements><ElementName>link</ElementName><required>true</required><Children><Link z:Id="i202"><Attributes><Attribute z:Id="i203"><AttributeType>name</AttributeType><IsRequired>true</IsRequired><Value i:type="a:string" xmlns:a="http://www.w3.org/2001/XMLSchema">l2_Link</Value></Attribute></Attributes><ChildElements><URDFElement z:Id="i204" i:type="Inertial"><Attributes/><ChildElements><URDFElement z:Id="i205" i:type="Origin"><Attributes><Attribute z:Id="i206"><AttributeType>xyz</AttributeType><IsRequired>true</IsRequired><Value i:type="a:ArrayOfdouble" xmlns:a="http://schemas.microsoft.com/2003/10/Serialization/Arrays"><a:double>0</a:double><a:double>0</a:double><a:double>0</a:double></Value></Attribute><Attribute z:Id="i207"><AttributeType>rpy</AttributeType><IsRequired>true</IsRequired><Value i:type="a:ArrayOfdouble" xmlns:a="http://schemas.microsoft.com/2003/10/Serialization/Arrays"><a:double>0</a:double><a:double>0</a:double><a:double>0</a:double></Value></Attribute></Attributes><ChildElements/><ElementName>origin</ElementName><required>false</required><RPYAttribute z:Ref="i207"/><XYZAttribute z:Ref="i206"/><isCustomized>false</isCustomized></URDFElement><URDFElement z:Id="i208" i:type="Mass"><Attributes><Attribute z:Id="i209"><AttributeType>value</AttributeType><IsRequired>true</IsRequired><Value i:type="a:double" xmlns:a="http://www.w3.org/2001/XMLSchema">0</Value></Attribute></Attributes><ChildElements/><ElementName>mass</ElementName><required>false</required><ValueAttribute z:Ref="i209"/></URDFElement><URDFElement z:Id="i210" i:type="Inertia"><Attributes><Attribute z:Id="i211"><AttributeType>ixx</AttributeType><IsRequired>true</IsRequired><Value i:type="a:double" xmlns:a="http://www.w3.org/2001/XMLSchema">0</Value></Attribute><Attribute z:Id="i212"><AttributeType>ixy</AttributeType><IsRequired>true</IsRequired><Value i:type="a:double" xmlns:a="http://www.w3.org/2001/XMLSchema">0</Value></Attribute><Attribute z:Id="i213"><AttributeType>ixz</AttributeType><IsRequired>true</IsRequired><Value i:type="a:double" xmlns:a="http://www.w3.org/2001/XMLSchema">0</Value></Attribute><Attribute z:Id="i214"><AttributeType>iyy</AttributeType><IsRequired>true</IsRequired><Value i:type="a:double" xmlns:a="http://www.w3.org/2001/XMLSchema">0</Value></Attribute><Attribute z:Id="i215"><AttributeType>iyz</AttributeType><IsRequired>true</IsRequired><Value i:type="a:double" xmlns:a="http://www.w3.org/2001/XMLSchema">0</Value></Attribute><Attribute z:Id="i216"><AttributeType>izz</AttributeType><IsRequired>true</IsRequired><Value i:type="a:double" xmlns:a="http://www.w3.org/2001/XMLSchema">0</Value></Attribute></Attributes><ChildElements/><ElementName>inertia</ElementName><required>false</required><IxxAttribute z:Ref="i211"/><IxyAttribute z:Ref="i212"/><IxzAttribute z:Ref="i213"/><IyyAttribute z:Ref="i214"/><IyzAttribute z:Ref="i215"/><IzzAttribute z:Ref="i216"/></URDFElement></ChildElements><ElementName>inertial</ElementName><required>false</required><Inertia z:Ref="i210"/><Mass z:Ref="i208"/><Origin z:Ref="i205"/></URDFElement><URDFElement z:Id="i217" i:type="Visual"><Attributes/><ChildElements><URDFElement z:Id="i218" i:type="Origin"><Attributes><Attribute z:Id="i219"><AttributeType>xyz</AttributeType><IsRequired>true</IsRequired><Value i:type="a:ArrayOfdouble" xmlns:a="http://schemas.microsoft.com/2003/10/Serialization/Arrays"><a:double>0</a:double><a:double>0</a:double><a:double>0</a:double></Value></Attribute><Attribute z:Id="i220"><AttributeType>rpy</AttributeType><IsRequired>true</IsRequired><Value i:type="a:ArrayOfdouble" xmlns:a="http://schemas.microsoft.com/2003/10/Serialization/Arrays"><a:double>0</a:double><a:double>0</a:double><a:double>0</a:double></Value></Attribute></Attributes><ChildElements/><ElementName>origin</ElementName><required>false</required><RPYAttribute z:Ref="i220"/><XYZAttribute z:Ref="i219"/><isCustomized>false</isCustomized></URDFElement><URDFElement z:Id="i221" i:type="Geometry"><Attributes/><ChildElements><URDFElement z:Id="i222" i:type="Mesh"><Attributes><Attribute z:Id="i223"><AttributeType>filename</AttributeType><IsRequired>true</IsRequired><Value i:nil="true"/></Attribute></Attributes><ChildElements/><ElementName>mesh</ElementName><required>false</required><FilenameAttribute z:Ref="i223"/></URDFElement></ChildElements><ElementName>geometry</ElementName><required>true</required><Mesh z:Ref="i222"/></URDFElement><URDFElement z:Id="i224" i:type="Material"><Attributes><Attribute z:Id="i225"><AttributeType>name</AttributeType><IsRequired>true</IsRequired><Value i:type="a:string" xmlns:a="http://www.w3.org/2001/XMLSchema"/></Attribute></Attributes><ChildElements><URDFElement z:Id="i226" i:type="Color"><Attributes><Attribute z:Id="i227"><AttributeType>rgba</AttributeType><IsRequired>true</IsRequired><Value i:type="a:ArrayOfdouble" xmlns:a="http://schemas.microsoft.com/2003/10/Serialization/Arrays"><a:double>1</a:double><a:double>1</a:double><a:double>1</a:double><a:double>1</a:double></Value></Attribute></Attributes><ChildElements/><ElementName>color</ElementName><required>false</required><RGBAAttribute z:Ref="i227"/></URDFElement><URDFElement z:Id="i228" i:type="Texture"><Attributes><Attribute z:Id="i229"><AttributeType>filename</AttributeType><IsRequired>true</IsRequired><Value i:nil="true"/></Attribute></Attributes><ChildElements/><ElementName>texture</ElementName><required>false</required><FilenameAttribute z:Ref="i229"/><wFilename/></URDFElement></ChildElements><ElementName>material</ElementName><required>false</required><Color z:Ref="i226"/><NameAttribute z:Ref="i225"/><Texture z:Ref="i228"/></URDFElement></ChildElements><ElementName>visual</ElementName><required>false</required><Geometry z:Ref="i221"/><Material z:Ref="i224"/><Origin z:Ref="i218"/></URDFElement><URDFElement z:Id="i230" i:type="Collision"><Attributes/><ChildElements><URDFElement z:Id="i231" i:type="Origin"><Attributes><Attribute z:Id="i232"><AttributeType>xyz</AttributeType><IsRequired>true</IsRequired><Value i:type="a:ArrayOfdouble" xmlns:a="http://schemas.microsoft.com/2003/10/Serialization/Arrays"><a:double>0</a:double><a:double>0</a:double><a:double>0</a:double></Value></Attribute><Attribute z:Id="i233"><AttributeType>rpy</AttributeType><IsRequired>true</IsRequired><Value i:type="a:ArrayOfdouble" xmlns:a="http://schemas.microsoft.com/2003/10/Serialization/Arrays"><a:double>0</a:double><a:double>0</a:double><a:double>0</a:double></Value></Attribute></Attributes><ChildElements/><ElementName>origin</ElementName><required>false</required><RPYAttribute z:Ref="i233"/><XYZAttribute z:Ref="i232"/><isCustomized>false</isCustomized></URDFElement><URDFElement z:Id="i234" i:type="Geometry"><Attributes/><ChildElements><URDFElement z:Id="i235" i:type="Mesh"><Attributes><Attribute z:Id="i236"><AttributeType>filename</AttributeType><IsRequired>true</IsRequired><Value i:nil="true"/></Attribute></Attributes><ChildElements/><ElementName>mesh</ElementName><required>false</required><FilenameAttribute z:Ref="i236"/></URDFElement></ChildElements><ElementName>geometry</ElementName><required>true</required><Mesh z:Ref="i235"/></URDFElement></ChildElements><ElementName>collision</ElementName><required>false</required><Geometry z:Ref="i234"/><Origin z:Ref="i231"/></URDFElement><URDFElement z:Id="i237" i:type="Joint"><Attributes><Attribute z:Id="i238"><AttributeType>name</AttributeType><IsRequired>true</IsRequired><Value i:type="a:string" xmlns:a="http://www.w3.org/2001/XMLSchema">l2_joint</Value></Attribute><Attribute z:Id="i239"><AttributeType>type</AttributeType><IsRequired>true</IsRequired><Value i:type="a:string" xmlns:a="http://www.w3.org/2001/XMLSchema">prismatic</Value></Attribute></Attributes><ChildElements><URDFElement z:Id="i240" i:type="Origin"><Attributes><Attribute z:Id="i241"><AttributeType>xyz</AttributeType><IsRequired>true</IsRequired><Value i:type="a:ArrayOfdouble" xmlns:a="http://schemas.microsoft.com/2003/10/Serialization/Arrays"><a:double>0</a:double><a:double>0</a:double><a:double>0</a:double></Value></Attribute><Attribute z:Id="i242"><AttributeType>rpy</AttributeType><IsRequired>true</IsRequired><Value i:type="a:ArrayOfdouble" xmlns:a="http://schemas.microsoft.com/2003/10/Serialization/Arrays"><a:double>0</a:double><a:double>0</a:double><a:double>0</a:double></Value></Attribute></Attributes><ChildElements/><ElementName>origin</ElementName><required>false</required><RPYAttribute z:Ref="i242"/><XYZAttribute z:Ref="i241"/><isCustomized>false</isCustomized></URDFElement><URDFElement z:Id="i243" i:type="ParentLink"><Attributes><Attribute z:Id="i244"><AttributeType>link</AttributeType><IsRequired>true</IsRequired><Value i:type="a:string" xmlns:a="http://www.w3.org/2001/XMLSchema"/></Attribute></Attributes><ChildElements/><ElementName>parent</ElementName><required>true</required><NameAttribute z:Ref="i244"/></URDFElement><URDFElement z:Id="i245" i:type="ChildLink"><Attributes><Attribute z:Id="i246"><AttributeType>link</AttributeType><IsRequired>true</IsRequired><Value i:type="a:string" xmlns:a="http://www.w3.org/2001/XMLSchema"/></Attribute></Attributes><ChildElements/><ElementName>child</ElementName><required>true</required><NameAttribute z:Ref="i246"/></URDFElement><URDFElement z:Id="i247" i:type="Axis"><Attributes><Attribute z:Id="i248"><AttributeType>xyz</AttributeType><IsRequired>true</IsRequired><Value i:type="a:ArrayOfdouble" xmlns:a="http://schemas.microsoft.com/2003/10/Serialization/Arrays"><a:double>0</a:double><a:double>0</a:double><a:double>0</a:double></Value></Attribute></Attributes><ChildElements/><ElementName>axis</ElementName><required>false</required><XYZAttribute z:Ref="i248"/></URDFElement><URDFElement z:Id="i249" i:type="Limit"><Attributes><Attribute z:Id="i250"><AttributeType>lower</AttributeType><IsRequired>false</IsRequired><Value i:nil="true"/></Attribute><Attribute z:Id="i251"><AttributeType>upper</AttributeType><IsRequired>false</IsRequired><Value i:nil="true"/></Attribute><Attribute z:Id="i252"><AttributeType>effort</AttributeType><IsRequired>true</IsRequired><Value i:nil="true"/></Attribute><Attribute z:Id="i253"><AttributeType>velocity</AttributeType><IsRequired>true</IsRequired><Value i:nil="true"/></Attribute></Attributes><ChildElements/><ElementName>limit</ElementName><required>false</required><EffortAttribute z:Ref="i252"/><LowerAttribute z:Ref="i250"/><UpperAttribute z:Ref="i251"/><VelocityAttribute z:Ref="i253"/></URDFElement><URDFElement z:Id="i254" i:type="Calibration"><Attributes><Attribute z:Id="i255"><AttributeType>rising</AttributeType><IsRequired>false</IsRequired><Value i:nil="true"/></Attribute><Attribute z:Id="i256"><AttributeType>falling</AttributeType><IsRequired>false</IsRequired><Value i:nil="true"/></Attribute></Attributes><ChildElements/><ElementName>calibration</ElementName><required>false</required><FallingAttribute z:Ref="i256"/><RisingAttribute z:Ref="i255"/></URDFElement><URDFElement z:Id="i257" i:type="Dynamics"><Attributes><Attribute z:Id="i258"><AttributeType>damping</AttributeType><IsRequired>false</IsRequired><Value i:nil="true"/></Attribute><Attribute z:Id="i259"><AttributeType>friction</AttributeType><IsRequired>false</IsRequired><Value i:nil="true"/></Attribute></Attributes><ChildElements/><ElementName>dynamics</ElementName><required>false</required><DampingAttribute z:Ref="i258"/><FrictionAttribute z:Ref="i259"/></URDFElement><URDFElement z:Id="i260" i:type="SafetyController"><Attributes><Attribute z:Id="i261"><AttributeType>soft_upper_limit</AttributeType><IsRequired>false</IsRequired><Value i:nil="true"/></Attribute><Attribute z:Id="i262"><AttributeType>soft_lower_limit</AttributeType><IsRequired>false</IsRequired><Value i:nil="true"/></Attribute><Attribute z:Id="i263"><AttributeType>k_position</AttributeType><IsRequired>false</IsRequired><Value i:nil="true"/></Attribute><Attribute z:Id="i264"><AttributeType>k_velocity</AttributeType><IsRequired>true</IsRequired><Value i:nil="true"/></Attribute></Attributes><ChildElements/><ElementName>safety_controller</ElementName><required>false</required><KPositionAttribute z:Ref="i263"/><KVelocityAttribute z:Ref="i264"/><SoftLowerAttribute z:Ref="i262"/><SoftUpperAttribute z:Ref="i261"/></URDFElement><URDFElement z:Id="i265" i:type="Mimic"><Attributes><Attribute z:Id="i266"><AttributeType>joint</AttributeType><IsRequired>true</IsRequired><Value i:nil="true"/></Attribute><Attribute z:Id="i267"><AttributeType>multiplier</AttributeType><IsRequired>false</IsRequired><Value i:nil="true"/></Attribute><Attribute z:Id="i268"><AttributeType>offset</AttributeType><IsRequired>false</IsRequired><Value i:nil="true"/></Attribute></Attributes><ChildElements/><ElementName>mimic</ElementName><required>false</required><JointNameAttribute z:Ref="i266"/><MultiplierAttribute z:Ref="i267"/><OffsetAttribute z:Ref="i268"/></URDFElement></ChildElements><ElementName>joint</ElementName><required>false</required><Axis z:Ref="i247"/><AxisName>_l2</AxisName><Calibration z:Ref="i254"/><Child z:Ref="i245"/><CoordinateSystemName>l2</CoordinateSystemName><Dynamics z:Ref="i257"/><Limit z:Ref="i249"/><Mimic z:Ref="i265"/><NameAttribute z:Ref="i238"/><Origin z:Ref="i240"/><Parent z:Ref="i243"/><Safety z:Ref="i260"/><TypeAttribute z:Ref="i239"/></URDFElement></ChildElements><ElementName>link</ElementName><required>true</required><Children/><Collision z:Ref="i230"/><Inertial z:Ref="i204"/><Joint z:Ref="i237"/><NameAttribute z:Ref="i203"/><Parent z:Ref="i135"/><STLQualityFine>false</STLQualityFine><SWComponentPIDs xmlns:a="http://schemas.microsoft.com/2003/10/Serialization/Arrays"><a:base64Binary>aEIAAAUAAAD//v9MUwAwADUAMAA2AC0AUwAyADIAMAAwADgAMQA3AC0ANgAwAC0AMAAxADAAMAAtAEEALQBYADEALQAxAEAAxYhNkVNPOABeAOdi1naTYktiLwBVAFkANgAtADQAMAAtADEAQABTADAANQAwADYALQBTADIAMgAwADAAOAAxADcALQA2ADAALQAwADEAMAAwAC0AQQAtAFgAMQAEAAAAEAAAAAEAAAACAAAAHAAAAB0AAAA=</a:base64Binary><a:base64Binary>aEIAAAUAAAD//v9NUwAwADUAMAA2AC0AUwAyADIAMAAwADgAMQA3AC0ANgAwAC0AMAAxADAAMAAtAEEALQBYADEALQAxAEAAxYhNkVNPOABeAOdi1naTYktiLwBNAFMAQgA2AC0AMwA1AC0AMQBAAFMAMAA1ADAANgAtAFMAMgAyADAAMAA4ADEANwAtADYAMAAtADAAMQAwADAALQBBAC0AWAAxAAQAAAAQAAAAAQAAAAIAAAAcAAAAIQAAAA==</a:base64Binary><a:base64Binary>aEIAAAUAAAD//v9MUwAwADUAMAA2AC0AUwAyADIAMAAwADgAMQA3AC0ANgAwAC0AMAAxADAAMAAtAEEALQBYADEALQAxAEAAxYhNkVNPOABeAOdi1naTYktiLwBVAFkANgAtADQAMAAtADIAQABTADAANQAwADYALQBTADIAMgAwADAAOAAxADcALQA2ADAALQAwADEAMAAwAC0AQQAtAFgAMQAEAAAAEAAAAAEAAAACAAAAHAAAAB4AAAA=</a:base64Binary><a:base64Binary>aEIAAAUAAAD//v9cUwAwADUAMAA2AC0AUwAyADIAMAAwADgAMQA3AC0ANgAwAC0AMAAxADAAMAAtAEEALQBYADEALQAxAEAAxYhNkVNPOABeAOdi1naTYktiLwBYAFkAMgA2ADAAMwAwADQALQAyAEEALgAwADIALQAwADQAIADLZdZ2OVkqci0AMQBAAFMAMAA1ADAANgAtAFMAMgAyADAAMAA4ADEANwAtADYAMAAtADAAMQAwADAALQBBAC0AWAAxAAQAAAAQAAAAAQAAAAIAAAAcAAAAIwAAAA==</a:base64Binary><a:base64Binary>aEIAAAUAAAD//v+YUwAwADUAMAA2AC0AUwAyADIAMAAwADgAMQA3AC0ANgAwAC0AMAAxADAAMAAtAEEALQBYADEALQAxAEAAxYhNkVNPOABeAOdi1naTYktiLwBNAEcATgA5AEMAMQBSADcAMABFADUAWgAwAEMAKADYnqSLLQBfAGYAbABlAHgAaQBiAGwAZQAxACkALQAxAEAAUwAwADUAMAA2AC0AUwAyADIAMAAwADgAMQA3AC0ANgAwAC0AMAAxADAAMAAtAEEALQBYADEALwBTADAANQAwADYALQBNAEcATgA5AEMALQDRbldXLQBTADAAOAAyADEALQAxAEAATQBHAE4AOQBDADEAUgA3ADAARQA1AFoAMABDACgA2J6kiy0AXwBmAGwAZQB4AGkAYgBsAGUAMQApAAQAAAAQAAAAAQAAAAMAAAAcAAAAHAAAAB0AAAA=</a:base64Binary></SWComponentPIDs><SWMainComponentPID i:nil="true"/><Visual z:Ref="i217"/><isFixedFrame>false</isFixedFrame><isIncomplete>false</isIncomplete></Link></Children><Collision z:Ref="i163"/><Inertial z:Ref="i137"/><Joint z:Ref="i170"/><NameAttribute z:Ref="i136"/><Parent z:Ref="i68"/><STLQualityFine>false</STLQualityFine><SWComponentPIDs xmlns:a="http://schemas.microsoft.com/2003/10/Serialization/Arrays"><a:base64Binary>aEIAAAUAAAD//v9fUwAwADUAMAA2AC0AUwAyADIAMAAwADgAMQA3AC0ANgAwAC0AMAAxADAAMAAtAEEALQBYADEALQAxAEAAxYhNkVNPOABeAOdi1naTYktiLwBYAFkAMgA2ADAAMwAwADQALQAyAEEALgAwADIALQAwADMAIADLZWyPOVkqct6PpWP2Ti0AMQBAAFMAMAA1ADAANgAtAFMAMgAyADAAMAA4ADEANwAtADYAMAAtADAAMQAwADAALQBBAC0AWAAxAAQAAAAQAAAAAQAAAAIAAAAcAAAAIgAAAA==</a:base64Binary><a:base64Binary>aEIAAAUAAAD//v9eUwAwADUAMAA2AC0AUwAyADIAMAAwADgAMQA3AC0ANgAwAC0AMAAxADAAMAAtAEEALQBYADEALQAxAEAAxYhNkVNPOABeAOdi1naTYktiLwBYAFkAMgA2ADAAMwAwADQALQAyAEEALgAwADIALQAwADUAIAAgANFuaI+JW8WIf2ctADEAQABTADAANQAwADYALQBTADIAMgAwADAAOAAxADcALQA2ADAALQAwADEAMAAwAC0AQQAtAFgAMQAEAAAAEAAAAAEAAAACAAAAHAAAACQAAAA=</a:base64Binary><a:base64Binary>aEIAAAUAAAD//v+VUwAwADUAMAA2AC0AUwAyADIAMAAwADgAMQA3AC0ANgAwAC0AMAAxADAAMAAtAEEALQBYADEALQAxAEAAxYhNkVNPOABeAOdi1naTYktiLwBNAEcATgA5AEMAMQBSADcAMABFADUAWgAwAEMAKADYnqSLLQBfAGYAbABlAHgAaQBiAGwAZQAxACkALQAxAEAAUwAwADUAMAA2AC0AUwAyADIAMAAwADgAMQA3AC0ANgAwAC0AMAAxADAAMAAtAEEALQBYADEALwBTADAANQAwADYALQBNAEcATgA5AEMALQDRbmiPLQA1ADAALQAxAEAATQBHAE4AOQBDADEAUgA3ADAARQA1AFoAMABDACgA2J6kiy0AXwBmAGwAZQB4AGkAYgBsAGUAMQApAAQAAAAQAAAAAQAAAAMAAAAcAAAAHAAAABwAAAA=</a:base64Binary><a:base64Binary>aEIAAAUAAAD//v/IUgBHAEkAQwAtADEAMAAwAC0AMwA1AC0ATwAtAFMAXwCAexNmIWqLV18AMgAwADIANQAwADEAMAA4AC0AMQBAAMWITZFTTzgAXgDnYtZ2k2JLYi8AUgBHAEkAQwAtADEAMAAwAC0AMwA1AC0ATwAtAFMAXwCAexNmIWqLV18AMgAwADIANQAwADEAMAA4AC4AUwBUAEUAUAAtADEAQABSAEcASQBDAC0AMQAwADAALQAzADUALQBPAC0AUwBfAIB7E2YhaotXXwAyADAAMgA1ADAAMQAwADgALwBfAF8AXwBfACAAXwBfAF8AXwBfAF8AXwBfAF8AUgBHAEkAQwAtADEAMAAwAC0AMwA1AC0ATwAtAFMAXwBfAF8AXwBfAF8AXwBfAF8AXwAyADAAMgA1ADAAMQAwADgALQAwAC4AUwBUAEUAUAAtADIAQABSAEcASQBDAC0AMQAwADAALQAzADUALQBPAC0AUwBfAIB7E2YhaotXXwAyADAAMgA1ADAAMQAwADgALgBTAFQARQBQAAQAAAAQAAAAAQAAAAMAAAAgAAAAHAAAAB8AAAA=</a:base64Binary><a:base64Binary>aEIAAAUAAAD//v9dUwAwADUAMAA2AC0AUwAyADIAMAAwADgAMQA3AC0ANgAwAC0AMAAxADAAMAAtAEEALQBYADEALQAxAEAAxYhNkVNPOABeAOdi1naTYktiLwBTADAANQAwADYALQDGAzMAIAAAlYmUKABfAMYDMwAtADEAMAAgACAAAJWJlCkALQAyAEAAUwAwADUAMAA2AC0AUwAyADIAMAAwADgAMQA3AC0ANgAwAC0AMAAxADAAMAAtAEEALQBYADEABAAAABAAAAABAAAAAgAAABwAAAAgAAAA</a:base64Binary><a:base64Binary>aEIAAAUAAAD//v9dUwAwADUAMAA2AC0AUwAyADIAMAAwADgAMQA3AC0ANgAwAC0AMAAxADAAMAAtAEEALQBYADEALQAxAEAAxYhNkVNPOABeAOdi1naTYktiLwBTADAANQAwADYALQDGAzMAIAAAlYmUKABfAMYDMwAtADEAMAAgACAAAJWJlCkALQAxAEAAUwAwADUAMAA2AC0AUwAyADIAMAAwADgAMQA3AC0ANgAwAC0AMAAxADAAMAAtAEEALQBYADEABAAAABAAAAABAAAAAgAAABwAAAAfAAAA</a:base64Binary></SWComponentPIDs><SWMainComponentPID i:nil="true"/><Visual z:Ref="i150"/><isFixedFrame>false</isFixedFrame><isIncomplete>false</isIncomplete></Link><Link z:Id="i269"><Attributes><Attribute z:Id="i270"><AttributeType>name</AttributeType><IsRequired>true</IsRequired><Value i:type="a:string" xmlns:a="http://www.w3.org/2001/XMLSchema">r_Link</Value></Attribute></Attributes><ChildElements><URDFElement z:Id="i271" i:type="Inertial"><Attributes/><ChildElements><URDFElement z:Id="i272" i:type="Origin"><Attributes><Attribute z:Id="i273"><AttributeType>xyz</AttributeType><IsRequired>true</IsRequired><Value i:type="a:ArrayOfdouble" xmlns:a="http://schemas.microsoft.com/2003/10/Serialization/Arrays"><a:double>0</a:double><a:double>0</a:double><a:double>0</a:double></Value></Attribute><Attribute z:Id="i274"><AttributeType>rpy</AttributeType><IsRequired>true</IsRequired><Value i:type="a:ArrayOfdouble" xmlns:a="http://schemas.microsoft.com/2003/10/Serialization/Arrays"><a:double>0</a:double><a:double>0</a:double><a:double>0</a:double></Value></Attribute></Attributes><ChildElements/><ElementName>origin</ElementName><required>false</required><RPYAttribute z:Ref="i274"/><XYZAttribute z:Ref="i273"/><isCustomized>false</isCustomized></URDFElement><URDFElement z:Id="i275" i:type="Mass"><Attributes><Attribute z:Id="i276"><AttributeType>value</AttributeType><IsRequired>true</IsRequired><Value i:type="a:double" xmlns:a="http://www.w3.org/2001/XMLSchema">0</Value></Attribute></Attributes><ChildElements/><ElementName>mass</ElementName><required>false</required><ValueAttribute z:Ref="i276"/></URDFElement><URDFElement z:Id="i277" i:type="Inertia"><Attributes><Attribute z:Id="i278"><AttributeType>ixx</AttributeType><IsRequired>true</IsRequired><Value i:type="a:double" xmlns:a="http://www.w3.org/2001/XMLSchema">0</Value></Attribute><Attribute z:Id="i279"><AttributeType>ixy</AttributeType><IsRequired>true</IsRequired><Value i:type="a:double" xmlns:a="http://www.w3.org/2001/XMLSchema">0</Value></Attribute><Attribute z:Id="i280"><AttributeType>ixz</AttributeType><IsRequired>true</IsRequired><Value i:type="a:double" xmlns:a="http://www.w3.org/2001/XMLSchema">0</Value></Attribute><Attribute z:Id="i281"><AttributeType>iyy</AttributeType><IsRequired>true</IsRequired><Value i:type="a:double" xmlns:a="http://www.w3.org/2001/XMLSchema">0</Value></Attribute><Attribute z:Id="i282"><AttributeType>iyz</AttributeType><IsRequired>true</IsRequired><Value i:type="a:double" xmlns:a="http://www.w3.org/2001/XMLSchema">0</Value></Attribute><Attribute z:Id="i283"><AttributeType>izz</AttributeType><IsRequired>true</IsRequired><Value i:type="a:double" xmlns:a="http://www.w3.org/2001/XMLSchema">0</Value></Attribute></Attributes><ChildElements/><ElementName>inertia</ElementName><required>false</required><IxxAttribute z:Ref="i278"/><IxyAttribute z:Ref="i279"/><IxzAttribute z:Ref="i280"/><IyyAttribute z:Ref="i281"/><IyzAttribute z:Ref="i282"/><IzzAttribute z:Ref="i283"/></URDFElement></ChildElements><ElementName>inertial</ElementName><required>false</required><Inertia z:Ref="i277"/><Mass z:Ref="i275"/><Origin z:Ref="i272"/></URDFElement><URDFElement z:Id="i284" i:type="Visual"><Attributes/><ChildElements><URDFElement z:Id="i285" i:type="Origin"><Attributes><Attribute z:Id="i286"><AttributeType>xyz</AttributeType><IsRequired>true</IsRequired><Value i:type="a:ArrayOfdouble" xmlns:a="http://schemas.microsoft.com/2003/10/Serialization/Arrays"><a:double>0</a:double><a:double>0</a:double><a:double>0</a:double></Value></Attribute><Attribute z:Id="i287"><AttributeType>rpy</AttributeType><IsRequired>true</IsRequired><Value i:type="a:ArrayOfdouble" xmlns:a="http://schemas.microsoft.com/2003/10/Serialization/Arrays"><a:double>0</a:double><a:double>0</a:double><a:double>0</a:double></Value></Attribute></Attributes><ChildElements/><ElementName>origin</ElementName><required>false</required><RPYAttribute z:Ref="i287"/><XYZAttribute z:Ref="i286"/><isCustomized>false</isCustomized></URDFElement><URDFElement z:Id="i288" i:type="Geometry"><Attributes/><ChildElements><URDFElement z:Id="i289" i:type="Mesh"><Attributes><Attribute z:Id="i290"><AttributeType>filename</AttributeType><IsRequired>true</IsRequired><Value i:nil="true"/></Attribute></Attributes><ChildElements/><ElementName>mesh</ElementName><required>false</required><FilenameAttribute z:Ref="i290"/></URDFElement></ChildElements><ElementName>geometry</ElementName><required>true</required><Mesh z:Ref="i289"/></URDFElement><URDFElement z:Id="i291" i:type="Material"><Attributes><Attribute z:Id="i292"><AttributeType>name</AttributeType><IsRequired>true</IsRequired><Value i:type="a:string" xmlns:a="http://www.w3.org/2001/XMLSchema"/></Attribute></Attributes><ChildElements><URDFElement z:Id="i293" i:type="Color"><Attributes><Attribute z:Id="i294"><AttributeType>rgba</AttributeType><IsRequired>true</IsRequired><Value i:type="a:ArrayOfdouble" xmlns:a="http://schemas.microsoft.com/2003/10/Serialization/Arrays"><a:double>1</a:double><a:double>1</a:double><a:double>1</a:double><a:double>1</a:double></Value></Attribute></Attributes><ChildElements/><ElementName>color</ElementName><required>false</required><RGBAAttribute z:Ref="i294"/></URDFElement><URDFElement z:Id="i295" i:type="Texture"><Attributes><Attribute z:Id="i296"><AttributeType>filename</AttributeType><IsRequired>true</IsRequired><Value i:nil="true"/></Attribute></Attributes><ChildElements/><ElementName>texture</ElementName><required>false</required><FilenameAttribute z:Ref="i296"/><wFilename/></URDFElement></ChildElements><ElementName>material</ElementName><required>false</required><Color z:Ref="i293"/><NameAttribute z:Ref="i292"/><Texture z:Ref="i295"/></URDFElement></ChildElements><ElementName>visual</ElementName><required>false</required><Geometry z:Ref="i288"/><Material z:Ref="i291"/><Origin z:Ref="i285"/></URDFElement><URDFElement z:Id="i297" i:type="Collision"><Attributes/><ChildElements><URDFElement z:Id="i298" i:type="Origin"><Attributes><Attribute z:Id="i299"><AttributeType>xyz</AttributeType><IsRequired>true</IsRequired><Value i:type="a:ArrayOfdouble" xmlns:a="http://schemas.microsoft.com/2003/10/Serialization/Arrays"><a:double>0</a:double><a:double>0</a:double><a:double>0</a:double></Value></Attribute><Attribute z:Id="i300"><AttributeType>rpy</AttributeType><IsRequired>true</IsRequired><Value i:type="a:ArrayOfdouble" xmlns:a="http://schemas.microsoft.com/2003/10/Serialization/Arrays"><a:double>0</a:double><a:double>0</a:double><a:double>0</a:double></Value></Attribute></Attributes><ChildElements/><ElementName>origin</ElementName><required>false</required><RPYAttribute z:Ref="i300"/><XYZAttribute z:Ref="i299"/><isCustomized>false</isCustomized></URDFElement><URDFElement z:Id="i301" i:type="Geometry"><Attributes/><ChildElements><URDFElement z:Id="i302" i:type="Mesh"><Attributes><Attribute z:Id="i303"><AttributeType>filename</AttributeType><IsRequired>true</IsRequired><Value i:nil="true"/></Attribute></Attributes><ChildElements/><ElementName>mesh</ElementName><required>false</required><FilenameAttribute z:Ref="i303"/></URDFElement></ChildElements><ElementName>geometry</ElementName><required>true</required><Mesh z:Ref="i302"/></URDFElement></ChildElements><ElementName>collision</ElementName><required>false</required><Geometry z:Ref="i301"/><Origin z:Ref="i298"/></URDFElement><URDFElement z:Id="i304" i:type="Joint"><Attributes><Attribute z:Id="i305"><AttributeType>name</AttributeType><IsRequired>true</IsRequired><Value i:type="a:string" xmlns:a="http://www.w3.org/2001/XMLSchema">r_joint</Value></Attribute><Attribute z:Id="i306"><AttributeType>type</AttributeType><IsRequired>true</IsRequired><Value i:type="a:string" xmlns:a="http://www.w3.org/2001/XMLSchema">prismatic</Value></Attribute></Attributes><ChildElements><URDFElement z:Id="i307" i:type="Origin"><Attributes><Attribute z:Id="i308"><AttributeType>xyz</AttributeType><IsRequired>true</IsRequired><Value i:type="a:ArrayOfdouble" xmlns:a="http://schemas.microsoft.com/2003/10/Serialization/Arrays"><a:double>0</a:double><a:double>0</a:double><a:double>0</a:double></Value></Attribute><Attribute z:Id="i309"><AttributeType>rpy</AttributeType><IsRequired>true</IsRequired><Value i:type="a:ArrayOfdouble" xmlns:a="http://schemas.microsoft.com/2003/10/Serialization/Arrays"><a:double>0</a:double><a:double>0</a:double><a:double>0</a:double></Value></Attribute></Attributes><ChildElements/><ElementName>origin</ElementName><required>false</required><RPYAttribute z:Ref="i309"/><XYZAttribute z:Ref="i308"/><isCustomized>false</isCustomized></URDFElement><URDFElement z:Id="i310" i:type="ParentLink"><Attributes><Attribute z:Id="i311"><AttributeType>link</AttributeType><IsRequired>true</IsRequired><Value i:type="a:string" xmlns:a="http://www.w3.org/2001/XMLSchema"/></Attribute></Attributes><ChildElements/><ElementName>parent</ElementName><required>true</required><NameAttribute z:Ref="i311"/></URDFElement><URDFElement z:Id="i312" i:type="ChildLink"><Attributes><Attribute z:Id="i313"><AttributeType>link</AttributeType><IsRequired>true</IsRequired><Value i:type="a:string" xmlns:a="http://www.w3.org/2001/XMLSchema"/></Attribute></Attributes><ChildElements/><ElementName>child</ElementName><required>true</required><NameAttribute z:Ref="i313"/></URDFElement><URDFElement z:Id="i314" i:type="Axis"><Attributes><Attribute z:Id="i315"><AttributeType>xyz</AttributeType><IsRequired>true</IsRequired><Value i:type="a:ArrayOfdouble" xmlns:a="http://schemas.microsoft.com/2003/10/Serialization/Arrays"><a:double>0</a:double><a:double>0</a:double><a:double>0</a:double></Value></Attribute></Attributes><ChildElements/><ElementName>axis</ElementName><required>false</required><XYZAttribute z:Ref="i315"/></URDFElement><URDFElement z:Id="i316" i:type="Limit"><Attributes><Attribute z:Id="i317"><AttributeType>lower</AttributeType><IsRequired>false</IsRequired><Value i:nil="true"/></Attribute><Attribute z:Id="i318"><AttributeType>upper</AttributeType><IsRequired>false</IsRequired><Value i:nil="true"/></Attribute><Attribute z:Id="i319"><AttributeType>effort</AttributeType><IsRequired>true</IsRequired><Value i:nil="true"/></Attribute><Attribute z:Id="i320"><AttributeType>velocity</AttributeType><IsRequired>true</IsRequired><Value i:nil="true"/></Attribute></Attributes><ChildElements/><ElementName>limit</ElementName><required>false</required><EffortAttribute z:Ref="i319"/><LowerAttribute z:Ref="i317"/><UpperAttribute z:Ref="i318"/><VelocityAttribute z:Ref="i320"/></URDFElement><URDFElement z:Id="i321" i:type="Calibration"><Attributes><Attribute z:Id="i322"><AttributeType>rising</AttributeType><IsRequired>false</IsRequired><Value i:nil="true"/></Attribute><Attribute z:Id="i323"><AttributeType>falling</AttributeType><IsRequired>false</IsRequired><Value i:nil="true"/></Attribute></Attributes><ChildElements/><ElementName>calibration</ElementName><required>false</required><FallingAttribute z:Ref="i323"/><RisingAttribute z:Ref="i322"/></URDFElement><URDFElement z:Id="i324" i:type="Dynamics"><Attributes><Attribute z:Id="i325"><AttributeType>damping</AttributeType><IsRequired>false</IsRequired><Value i:nil="true"/></Attribute><Attribute z:Id="i326"><AttributeType>friction</AttributeType><IsRequired>false</IsRequired><Value i:nil="true"/></Attribute></Attributes><ChildElements/><ElementName>dynamics</ElementName><required>false</required><DampingAttribute z:Ref="i325"/><FrictionAttribute z:Ref="i326"/></URDFElement><URDFElement z:Id="i327" i:type="SafetyController"><Attributes><Attribute z:Id="i328"><AttributeType>soft_upper_limit</AttributeType><IsRequired>false</IsRequired><Value i:nil="true"/></Attribute><Attribute z:Id="i329"><AttributeType>soft_lower_limit</AttributeType><IsRequired>false</IsRequired><Value i:nil="true"/></Attribute><Attribute z:Id="i330"><AttributeType>k_position</AttributeType><IsRequired>false</IsRequired><Value i:nil="true"/></Attribute><Attribute z:Id="i331"><AttributeType>k_velocity</AttributeType><IsRequired>true</IsRequired><Value i:nil="true"/></Attribute></Attributes><ChildElements/><ElementName>safety_controller</ElementName><required>false</required><KPositionAttribute z:Ref="i330"/><KVelocityAttribute z:Ref="i331"/><SoftLowerAttribute z:Ref="i329"/><SoftUpperAttribute z:Ref="i328"/></URDFElement><URDFElement z:Id="i332" i:type="Mimic"><Attributes><Attribute z:Id="i333"><AttributeType>joint</AttributeType><IsRequired>true</IsRequired><Value i:nil="true"/></Attribute><Attribute z:Id="i334"><AttributeType>multiplier</AttributeType><IsRequired>false</IsRequired><Value i:nil="true"/></Attribute><Attribute z:Id="i335"><AttributeType>offset</AttributeType><IsRequired>false</IsRequired><Value i:nil="true"/></Attribute></Attributes><ChildElements/><ElementName>mimic</ElementName><required>false</required><JointNameAttribute z:Ref="i333"/><MultiplierAttribute z:Ref="i334"/><OffsetAttribute z:Ref="i335"/></URDFElement></ChildElements><ElementName>joint</ElementName><required>false</required><Axis z:Ref="i314"/><AxisName>_r</AxisName><Calibration z:Ref="i321"/><Child z:Ref="i312"/><CoordinateSystemName>r</CoordinateSystemName><Dynamics z:Ref="i324"/><Limit z:Ref="i316"/><Mimic z:Ref="i332"/><NameAttribute z:Ref="i305"/><Origin z:Ref="i307"/><Parent z:Ref="i310"/><Safety z:Ref="i327"/><TypeAttribute z:Ref="i306"/></URDFElement></ChildElements><ElementName>link</ElementName><required>true</required><Children><Link z:Id="i336"><Attributes><Attribute z:Id="i337"><AttributeType>name</AttributeType><IsRequired>true</IsRequired><Value i:type="a:string" xmlns:a="http://www.w3.org/2001/XMLSchema">r2_Link</Value></Attribute></Attributes><ChildElements><URDFElement z:Id="i338" i:type="Inertial"><Attributes/><ChildElements><URDFElement z:Id="i339" i:type="Origin"><Attributes><Attribute z:Id="i340"><AttributeType>xyz</AttributeType><IsRequired>true</IsRequired><Value i:type="a:ArrayOfdouble" xmlns:a="http://schemas.microsoft.com/2003/10/Serialization/Arrays"><a:double>0</a:double><a:double>0</a:double><a:double>0</a:double></Value></Attribute><Attribute z:Id="i341"><AttributeType>rpy</AttributeType><IsRequired>true</IsRequired><Value i:type="a:ArrayOfdouble" xmlns:a="http://schemas.microsoft.com/2003/10/Serialization/Arrays"><a:double>0</a:double><a:double>0</a:double><a:double>0</a:double></Value></Attribute></Attributes><ChildElements/><ElementName>origin</ElementName><required>false</required><RPYAttribute z:Ref="i341"/><XYZAttribute z:Ref="i340"/><isCustomized>false</isCustomized></URDFElement><URDFElement z:Id="i342" i:type="Mass"><Attributes><Attribute z:Id="i343"><AttributeType>value</AttributeType><IsRequired>true</IsRequired><Value i:type="a:double" xmlns:a="http://www.w3.org/2001/XMLSchema">0</Value></Attribute></Attributes><ChildElements/><ElementName>mass</ElementName><required>false</required><ValueAttribute z:Ref="i343"/></URDFElement><URDFElement z:Id="i344" i:type="Inertia"><Attributes><Attribute z:Id="i345"><AttributeType>ixx</AttributeType><IsRequired>true</IsRequired><Value i:type="a:double" xmlns:a="http://www.w3.org/2001/XMLSchema">0</Value></Attribute><Attribute z:Id="i346"><AttributeType>ixy</AttributeType><IsRequired>true</IsRequired><Value i:type="a:double" xmlns:a="http://www.w3.org/2001/XMLSchema">0</Value></Attribute><Attribute z:Id="i347"><AttributeType>ixz</AttributeType><IsRequired>true</IsRequired><Value i:type="a:double" xmlns:a="http://www.w3.org/2001/XMLSchema">0</Value></Attribute><Attribute z:Id="i348"><AttributeType>iyy</AttributeType><IsRequired>true</IsRequired><Value i:type="a:double" xmlns:a="http://www.w3.org/2001/XMLSchema">0</Value></Attribute><Attribute z:Id="i349"><AttributeType>iyz</AttributeType><IsRequired>true</IsRequired><Value i:type="a:double" xmlns:a="http://www.w3.org/2001/XMLSchema">0</Value></Attribute><Attribute z:Id="i350"><AttributeType>izz</AttributeType><IsRequired>true</IsRequired><Value i:type="a:double" xmlns:a="http://www.w3.org/2001/XMLSchema">0</Value></Attribute></Attributes><ChildElements/><ElementName>inertia</ElementName><required>false</required><IxxAttribute z:Ref="i345"/><IxyAttribute z:Ref="i346"/><IxzAttribute z:Ref="i347"/><IyyAttribute z:Ref="i348"/><IyzAttribute z:Ref="i349"/><IzzAttribute z:Ref="i350"/></URDFElement></ChildElements><ElementName>inertial</ElementName><required>false</required><Inertia z:Ref="i344"/><Mass z:Ref="i342"/><Origin z:Ref="i339"/></URDFElement><URDFElement z:Id="i351" i:type="Visual"><Attributes/><ChildElements><URDFElement z:Id="i352" i:type="Origin"><Attributes><Attribute z:Id="i353"><AttributeType>xyz</AttributeType><IsRequired>true</IsRequired><Value i:type="a:ArrayOfdouble" xmlns:a="http://schemas.microsoft.com/2003/10/Serialization/Arrays"><a:double>0</a:double><a:double>0</a:double><a:double>0</a:double></Value></Attribute><Attribute z:Id="i354"><AttributeType>rpy</AttributeType><IsRequired>true</IsRequired><Value i:type="a:ArrayOfdouble" xmlns:a="http://schemas.microsoft.com/2003/10/Serialization/Arrays"><a:double>0</a:double><a:double>0</a:double><a:double>0</a:double></Value></Attribute></Attributes><ChildElements/><ElementName>origin</ElementName><required>false</required><RPYAttribute z:Ref="i354"/><XYZAttribute z:Ref="i353"/><isCustomized>false</isCustomized></URDFElement><URDFElement z:Id="i355" i:type="Geometry"><Attributes/><ChildElements><URDFElement z:Id="i356" i:type="Mesh"><Attributes><Attribute z:Id="i357"><AttributeType>filename</AttributeType><IsRequired>true</IsRequired><Value i:nil="true"/></Attribute></Attributes><ChildElements/><ElementName>mesh</ElementName><required>false</required><FilenameAttribute z:Ref="i357"/></URDFElement></ChildElements><ElementName>geometry</ElementName><required>true</required><Mesh z:Ref="i356"/></URDFElement><URDFElement z:Id="i358" i:type="Material"><Attributes><Attribute z:Id="i359"><AttributeType>name</AttributeType><IsRequired>true</IsRequired><Value i:type="a:string" xmlns:a="http://www.w3.org/2001/XMLSchema"/></Attribute></Attributes><ChildElements><URDFElement z:Id="i360" i:type="Color"><Attributes><Attribute z:Id="i361"><AttributeType>rgba</AttributeType><IsRequired>true</IsRequired><Value i:type="a:ArrayOfdouble" xmlns:a="http://schemas.microsoft.com/2003/10/Serialization/Arrays"><a:double>1</a:double><a:double>1</a:double><a:double>1</a:double><a:double>1</a:double></Value></Attribute></Attributes><ChildElements/><ElementName>color</ElementName><required>false</required><RGBAAttribute z:Ref="i361"/></URDFElement><URDFElement z:Id="i362" i:type="Texture"><Attributes><Attribute z:Id="i363"><AttributeType>filename</AttributeType><IsRequired>true</IsRequired><Value i:nil="true"/></Attribute></Attributes><ChildElements/><ElementName>texture</ElementName><required>false</required><FilenameAttribute z:Ref="i363"/><wFilename/></URDFElement></ChildElements><ElementName>material</ElementName><required>false</required><Color z:Ref="i360"/><NameAttribute z:Ref="i359"/><Texture z:Ref="i362"/></URDFElement></ChildElements><ElementName>visual</ElementName><required>false</required><Geometry z:Ref="i355"/><Material z:Ref="i358"/><Origin z:Ref="i352"/></URDFElement><URDFElement z:Id="i364" i:type="Collision"><Attributes/><ChildElements><URDFElement z:Id="i365" i:type="Origin"><Attributes><Attribute z:Id="i366"><AttributeType>xyz</AttributeType><IsRequired>true</IsRequired><Value i:type="a:ArrayOfdouble" xmlns:a="http://schemas.microsoft.com/2003/10/Serialization/Arrays"><a:double>0</a:double><a:double>0</a:double><a:double>0</a:double></Value></Attribute><Attribute z:Id="i367"><AttributeType>rpy</AttributeType><IsRequired>true</IsRequired><Value i:type="a:ArrayOfdouble" xmlns:a="http://schemas.microsoft.com/2003/10/Serialization/Arrays"><a:double>0</a:double><a:double>0</a:double><a:double>0</a:double></Value></Attribute></Attributes><ChildElements/><ElementName>origin</ElementName><required>false</required><RPYAttribute z:Ref="i367"/><XYZAttribute z:Ref="i366"/><isCustomized>false</isCustomized></URDFElement><URDFElement z:Id="i368" i:type="Geometry"><Attributes/><ChildElements><URDFElement z:Id="i369" i:type="Mesh"><Attributes><Attribute z:Id="i370"><AttributeType>filename</AttributeType><IsRequired>true</IsRequired><Value i:nil="true"/></Attribute></Attributes><ChildElements/><ElementName>mesh</ElementName><required>false</required><FilenameAttribute z:Ref="i370"/></URDFElement></ChildElements><ElementName>geometry</ElementName><required>true</required><Mesh z:Ref="i369"/></URDFElement></ChildElements><ElementName>collision</ElementName><required>false</required><Geometry z:Ref="i368"/><Origin z:Ref="i365"/></URDFElement><URDFElement z:Id="i371" i:type="Joint"><Attributes><Attribute z:Id="i372"><AttributeType>name</AttributeType><IsRequired>true</IsRequired><Value i:type="a:string" xmlns:a="http://www.w3.org/2001/XMLSchema">r2_joint</Value></Attribute><Attribute z:Id="i373"><AttributeType>type</AttributeType><IsRequired>true</IsRequired><Value i:type="a:string" xmlns:a="http://www.w3.org/2001/XMLSchema">prismatic</Value></Attribute></Attributes><ChildElements><URDFElement z:Id="i374" i:type="Origin"><Attributes><Attribute z:Id="i375"><AttributeType>xyz</AttributeType><IsRequired>true</IsRequired><Value i:type="a:ArrayOfdouble" xmlns:a="http://schemas.microsoft.com/2003/10/Serialization/Arrays"><a:double>0</a:double><a:double>0</a:double><a:double>0</a:double></Value></Attribute><Attribute z:Id="i376"><AttributeType>rpy</AttributeType><IsRequired>true</IsRequired><Value i:type="a:ArrayOfdouble" xmlns:a="http://schemas.microsoft.com/2003/10/Serialization/Arrays"><a:double>0</a:double><a:double>0</a:double><a:double>0</a:double></Value></Attribute></Attributes><ChildElements/><ElementName>origin</ElementName><required>false</required><RPYAttribute z:Ref="i376"/><XYZAttribute z:Ref="i375"/><isCustomized>false</isCustomized></URDFElement><URDFElement z:Id="i377" i:type="ParentLink"><Attributes><Attribute z:Id="i378"><AttributeType>link</AttributeType><IsRequired>true</IsRequired><Value i:type="a:string" xmlns:a="http://www.w3.org/2001/XMLSchema"/></Attribute></Attributes><ChildElements/><ElementName>parent</ElementName><required>true</required><NameAttribute z:Ref="i378"/></URDFElement><URDFElement z:Id="i379" i:type="ChildLink"><Attributes><Attribute z:Id="i380"><AttributeType>link</AttributeType><IsRequired>true</IsRequired><Value i:type="a:string" xmlns:a="http://www.w3.org/2001/XMLSchema"/></Attribute></Attributes><ChildElements/><ElementName>child</ElementName><required>true</required><NameAttribute z:Ref="i380"/></URDFElement><URDFElement z:Id="i381" i:type="Axis"><Attributes><Attribute z:Id="i382"><AttributeType>xyz</AttributeType><IsRequired>true</IsRequired><Value i:type="a:ArrayOfdouble" xmlns:a="http://schemas.microsoft.com/2003/10/Serialization/Arrays"><a:double>0</a:double><a:double>0</a:double><a:double>0</a:double></Value></Attribute></Attributes><ChildElements/><ElementName>axis</ElementName><required>false</required><XYZAttribute z:Ref="i382"/></URDFElement><URDFElement z:Id="i383" i:type="Limit"><Attributes><Attribute z:Id="i384"><AttributeType>lower</AttributeType><IsRequired>false</IsRequired><Value i:nil="true"/></Attribute><Attribute z:Id="i385"><AttributeType>upper</AttributeType><IsRequired>false</IsRequired><Value i:nil="true"/></Attribute><Attribute z:Id="i386"><AttributeType>effort</AttributeType><IsRequired>true</IsRequired><Value i:nil="true"/></Attribute><Attribute z:Id="i387"><AttributeType>velocity</AttributeType><IsRequired>true</IsRequired><Value i:nil="true"/></Attribute></Attributes><ChildElements/><ElementName>limit</ElementName><required>false</required><EffortAttribute z:Ref="i386"/><LowerAttribute z:Ref="i384"/><UpperAttribute z:Ref="i385"/><VelocityAttribute z:Ref="i387"/></URDFElement><URDFElement z:Id="i388" i:type="Calibration"><Attributes><Attribute z:Id="i389"><AttributeType>rising</AttributeType><IsRequired>false</IsRequired><Value i:nil="true"/></Attribute><Attribute z:Id="i390"><AttributeType>falling</AttributeType><IsRequired>false</IsRequired><Value i:nil="true"/></Attribute></Attributes><ChildElements/><ElementName>calibration</ElementName><required>false</required><FallingAttribute z:Ref="i390"/><RisingAttribute z:Ref="i389"/></URDFElement><URDFElement z:Id="i391" i:type="Dynamics"><Attributes><Attribute z:Id="i392"><AttributeType>damping</AttributeType><IsRequired>false</IsRequired><Value i:nil="true"/></Attribute><Attribute z:Id="i393"><AttributeType>friction</AttributeType><IsRequired>false</IsRequired><Value i:nil="true"/></Attribute></Attributes><ChildElements/><ElementName>dynamics</ElementName><required>false</required><DampingAttribute z:Ref="i392"/><FrictionAttribute z:Ref="i393"/></URDFElement><URDFElement z:Id="i394" i:type="SafetyController"><Attributes><Attribute z:Id="i395"><AttributeType>soft_upper_limit</AttributeType><IsRequired>false</IsRequired><Value i:nil="true"/></Attribute><Attribute z:Id="i396"><AttributeType>soft_lower_limit</AttributeType><IsRequired>false</IsRequired><Value i:nil="true"/></Attribute><Attribute z:Id="i397"><AttributeType>k_position</AttributeType><IsRequired>false</IsRequired><Value i:nil="true"/></Attribute><Attribute z:Id="i398"><AttributeType>k_velocity</AttributeType><IsRequired>true</IsRequired><Value i:nil="true"/></Attribute></Attributes><ChildElements/><ElementName>safety_controller</ElementName><required>false</required><KPositionAttribute z:Ref="i397"/><KVelocityAttribute z:Ref="i398"/><SoftLowerAttribute z:Ref="i396"/><SoftUpperAttribute z:Ref="i395"/></URDFElement><URDFElement z:Id="i399" i:type="Mimic"><Attributes><Attribute z:Id="i400"><AttributeType>joint</AttributeType><IsRequired>true</IsRequired><Value i:nil="true"/></Attribute><Attribute z:Id="i401"><AttributeType>multiplier</AttributeType><IsRequired>false</IsRequired><Value i:nil="true"/></Attribute><Attribute z:Id="i402"><AttributeType>offset</AttributeType><IsRequired>false</IsRequired><Value i:nil="true"/></Attribute></Attributes><ChildElements/><ElementName>mimic</ElementName><required>false</required><JointNameAttribute z:Ref="i400"/><MultiplierAttribute z:Ref="i401"/><OffsetAttribute z:Ref="i402"/></URDFElement></ChildElements><ElementName>joint</ElementName><required>false</required><Axis z:Ref="i381"/><AxisName>_r2</AxisName><Calibration z:Ref="i388"/><Child z:Ref="i379"/><CoordinateSystemName>r2</CoordinateSystemName><Dynamics z:Ref="i391"/><Limit z:Ref="i383"/><Mimic z:Ref="i399"/><NameAttribute z:Ref="i372"/><Origin z:Ref="i374"/><Parent z:Ref="i377"/><Safety z:Ref="i394"/><TypeAttribute z:Ref="i373"/></URDFElement></ChildElements><ElementName>link</ElementName><required>true</required><Children/><Collision z:Ref="i364"/><Inertial z:Ref="i338"/><Joint z:Ref="i371"/><NameAttribute z:Ref="i337"/><Parent z:Ref="i269"/><STLQualityFine>false</STLQualityFine><SWComponentPIDs xmlns:a="http://schemas.microsoft.com/2003/10/Serialization/Arrays"><a:base64Binary>aEIAAAUAAAD//v9QUwAwADUAMAA2AC0AUwAyADIAMAAwADgAMQA3AC0ANgAwAC0AMAAxADAAMAAtAEEALQBYADEALQAxAC0AMQBAAMWITZFTTzgAXgDnYtZ2k2JLYi8AVQBZADYALQA0ADAALQAyAEAAUwAwADUAMAA2AC0AUwAyADIAMAAwADgAMQA3AC0ANgAwAC0AMAAxADAAMAAtAEEALQBYADEALQAxAAQAAAAQAAAAAQAAAAIAAAAdAAAAHgAAAA==</a:base64Binary><a:base64Binary>aEIAAAUAAAD//v9RUwAwADUAMAA2AC0AUwAyADIAMAAwADgAMQA3AC0ANgAwAC0AMAAxADAAMAAtAEEALQBYADEALQAxAC0AMQBAAMWITZFTTzgAXgDnYtZ2k2JLYi8ATQBTAEIANgAtADMANQAtADEAQABTADAANQAwADYALQBTADIAMgAwADAAOAAxADcALQA2ADAALQAwADEAMAAwAC0AQQAtAFgAMQAtADEABAAAABAAAAABAAAAAgAAAB0AAAAhAAAA</a:base64Binary><a:base64Binary>aEIAAAUAAAD//v9QUwAwADUAMAA2AC0AUwAyADIAMAAwADgAMQA3AC0ANgAwAC0AMAAxADAAMAAtAEEALQBYADEALQAxAC0AMQBAAMWITZFTTzgAXgDnYtZ2k2JLYi8AVQBZADYALQA0ADAALQAxAEAAUwAwADUAMAA2AC0AUwAyADIAMAAwADgAMQA3AC0ANgAwAC0AMAAxADAAMAAtAEEALQBYADEALQAxAAQAAAAQAAAAAQAAAAIAAAAdAAAAHQAAAA==</a:base64Binary><a:base64Binary>aEIAAAUAAAD//v9gUwAwADUAMAA2AC0AUwAyADIAMAAwADgAMQA3AC0ANgAwAC0AMAAxADAAMAAtAEEALQBYADEALQAxAC0AMQBAAMWITZFTTzgAXgDnYtZ2k2JLYi8AWABZADIANgAwADMAMAA0AC0AMgBBAC4AMAAyAC0AMAA0ACAAy2XWdjlZKnItADEAQABTADAANQAwADYALQBTADIAMgAwADAAOAAxADcALQA2ADAALQAwADEAMAAwAC0AQQAtAFgAMQAtADEABAAAABAAAAABAAAAAgAAAB0AAAAjAAAA</a:base64Binary><a:base64Binary>aEIAAAUAAAD//v+gUwAwADUAMAA2AC0AUwAyADIAMAAwADgAMQA3AC0ANgAwAC0AMAAxADAAMAAtAEEALQBYADEALQAxAC0AMQBAAMWITZFTTzgAXgDnYtZ2k2JLYi8ATQBHAE4AOQBDADEAUgA3ADAARQA1AFoAMABDACgA2J6kiy0AXwBmAGwAZQB4AGkAYgBsAGUAMQApAC0AMQAtADEAQABTADAANQAwADYALQBTADIAMgAwADAAOAAxADcALQA2ADAALQAwADEAMAAwAC0AQQAtAFgAMQAtADEALwBTADAANQAwADYALQBNAEcATgA5AEMALQDRbldXLQBTADAAOAAyADEALQAxAEAATQBHAE4AOQBDADEAUgA3ADAARQA1AFoAMABDACgA2J6kiy0AXwBmAGwAZQB4AGkAYgBsAGUAMQApAC0AMQAEAAAAEAAAAAEAAAADAAAAHQAAABwAAAAdAAAA</a:base64Binary></SWComponentPIDs><SWMainComponentPID i:nil="true"/><Visual z:Ref="i351"/><isFixedFrame>false</isFixedFrame><isIncomplete>false</isIncomplete></Link></Children><Collision z:Ref="i297"/><Inertial z:Ref="i271"/><Joint z:Ref="i304"/><NameAttribute z:Ref="i270"/><Parent z:Ref="i68"/><STLQualityFine>false</STLQualityFine><SWComponentPIDs xmlns:a="http://schemas.microsoft.com/2003/10/Serialization/Arrays"><a:base64Binary>aEIAAAUAAAD//v9jUwAwADUAMAA2AC0AUwAyADIAMAAwADgAMQA3AC0ANgAwAC0AMAAxADAAMAAtAEEALQBYADEALQAxAC0AMQBAAMWITZFTTzgAXgDnYtZ2k2JLYi8AWABZADIANgAwADMAMAA0AC0AMgBBAC4AMAAyAC0AMAAzACAAy2VsjzlZKnLej6Vj9k4tADEAQABTADAANQAwADYALQBTADIAMgAwADAAOAAxADcALQA2ADAALQAwADEAMAAwAC0AQQAtAFgAMQAtADEABAAAABAAAAABAAAAAgAAAB0AAAAiAAAA</a:base64Binary><a:base64Binary>aEIAAAUAAAD//v/IUgBHAEkAQwAtADEAMAAwAC0AMwA1AC0ATwAtAFMAXwCAexNmIWqLV18AMgAwADIANQAwADEAMAA4AC0AMQBAAMWITZFTTzgAXgDnYtZ2k2JLYi8AUgBHAEkAQwAtADEAMAAwAC0AMwA1AC0ATwAtAFMAXwCAexNmIWqLV18AMgAwADIANQAwADEAMAA4AC4AUwBUAEUAUAAtADEAQABSAEcASQBDAC0AMQAwADAALQAzADUALQBPAC0AUwBfAIB7E2YhaotXXwAyADAAMgA1ADAAMQAwADgALwBfAF8AXwBfACAAXwBfAF8AXwBfAF8AXwBfAF8AUgBHAEkAQwAtADEAMAAwAC0AMwA1AC0ATwAtAFMAXwBfAF8AXwBfAF8AXwBfAF8AXwAyADAAMgA1ADAAMQAwADgALQAwAC4AUwBUAEUAUAAtADEAQABSAEcASQBDAC0AMQAwADAALQAzADUALQBPAC0AUwBfAIB7E2YhaotXXwAyADAAMgA1ADAAMQAwADgALgBTAFQARQBQAAQAAAAQAAAAAQAAAAMAAAAgAAAAHAAAAB4AAAA=</a:base64Binary><a:base64Binary>aEIAAAUAAAD//v9iUwAwADUAMAA2AC0AUwAyADIAMAAwADgAMQA3AC0ANgAwAC0AMAAxADAAMAAtAEEALQBYADEALQAxAC0AMQBAAMWITZFTTzgAXgDnYtZ2k2JLYi8AWABZADIANgAwADMAMAA0AC0AMgBBAC4AMAAyAC0AMAA1ACAAIADRbmiPiVvFiH9nLQAxAEAAUwAwADUAMAA2AC0AUwAyADIAMAAwADgAMQA3AC0ANgAwAC0AMAAxADAAMAAtAEEALQBYADEALQAxAAQAAAAQAAAAAQAAAAIAAAAdAAAAJAAAAA==</a:base64Binary><a:base64Binary>aEIAAAUAAAD//v+dUwAwADUAMAA2AC0AUwAyADIAMAAwADgAMQA3AC0ANgAwAC0AMAAxADAAMAAtAEEALQBYADEALQAxAC0AMQBAAMWITZFTTzgAXgDnYtZ2k2JLYi8ATQBHAE4AOQBDADEAUgA3ADAARQA1AFoAMABDACgA2J6kiy0AXwBmAGwAZQB4AGkAYgBsAGUAMQApAC0AMQAtADEAQABTADAANQAwADYALQBTADIAMgAwADAAOAAxADcALQA2ADAALQAwADEAMAAwAC0AQQAtAFgAMQAtADEALwBTADAANQAwADYALQBNAEcATgA5AEMALQDRbmiPLQA1ADAALQAxAEAATQBHAE4AOQBDADEAUgA3ADAARQA1AFoAMABDACgA2J6kiy0AXwBmAGwAZQB4AGkAYgBsAGUAMQApAC0AMQAEAAAAEAAAAAEAAAADAAAAHQAAABwAAAAcAAAA</a:base64Binary><a:base64Binary>aEIAAAUAAAD//v9hUwAwADUAMAA2AC0AUwAyADIAMAAwADgAMQA3AC0ANgAwAC0AMAAxADAAMAAtAEEALQBYADEALQAxAC0AMQBAAMWITZFTTzgAXgDnYtZ2k2JLYi8AUwAwADUAMAA2AC0AxgMzACAAAJWJlCgAXwDGAzMALQAxADAAIAAgAACViZQpAC0AMgBAAFMAMAA1ADAANgAtAFMAMgAyADAAMAA4ADEANwAtADYAMAAtADAAMQAwADAALQBBAC0AWAAxAC0AMQAEAAAAEAAAAAEAAAACAAAAHQAAACAAAAA=</a:base64Binary><a:base64Binary>aEIAAAUAAAD//v9hUwAwADUAMAA2AC0AUwAyADIAMAAwADgAMQA3AC0ANgAwAC0AMAAxADAAMAAtAEEALQBYADEALQAxAC0AMQBAAMWITZFTTzgAXgDnYtZ2k2JLYi8AUwAwADUAMAA2AC0AxgMzACAAAJWJlCgAXwDGAzMALQAxADAAIAAgAACViZQpAC0AMQBAAFMAMAA1ADAANgAtAFMAMgAyADAAMAA4ADEANwAtADYAMAAtADAAMQAwADAALQBBAC0AWAAxAC0AMQAEAAAAEAAAAAEAAAACAAAAHQAAAB8AAAA=</a:base64Binary></SWComponentPIDs><SWMainComponentPID i:nil="true"/><Visual z:Ref="i284"/><isFixedFrame>false</isFixedFrame><isIncomplete>false</isIncomplete></Link></Children><Collision z:Ref="i96"/><Inertial z:Ref="i70"/><Joint z:Ref="i103"/><NameAttribute z:Ref="i69"/><Parent z:Ref="i1"/><STLQualityFine>false</STLQualityFine><SWComponentPIDs xmlns:a="http://schemas.microsoft.com/2003/10/Serialization/Arrays"><a:base64Binary>aEIAAAUAAAD//v/EUgBHAEkAQwAtADEAMAAwAC0AMwA1AC0ATwAtAFMAXwCAexNmIWqLV18AMgAwADIANQAwADEAMAA4AC0AMQBAAMWITZFTTzgAXgDnYtZ2k2JLYi8AUgBHAEkAQwAtADEAMAAwAC0AMwA1AC0ATwAtAFMAXwCAexNmIWqLV18AMgAwADIANQAwADEAMAA4AC4AUwBUAEUAUAAtADEAQABSAEcASQBDAC0AMQAwADAALQAzADUALQBPAC0AUwBfAIB7E2YhaotXXwAyADAAMgA1ADAAMQAwADgALwBfAF8AXwBfACAAXwBfAF8AXwBfAF8AXwBSAEcASQBDAC0AMQAwADAALQAzADUALQBPAC0AUwBfAF8AXwBfAF8AXwBfAF8AXwBfADIAMAAyADUAMAAxADAAOAAuAFMAVABFAFAALQAxAEAAUgBHAEkAQwAtADEAMAAwAC0AMwA1AC0ATwAtAFMAXwCAexNmIWqLV18AMgAwADIANQAwADEAMAA4AC4AUwBUAEUAUAAEAAAAEAAAAAEAAAADAAAAIAAAABwAAAAdAAAA</a:base64Binary></SWComponentPIDs><SWMainComponentPID i:nil="true"/><Visual z:Ref="i83"/><isFixedFrame>false</isFixedFrame><isIncomplete>false</isIncomplete></Link></Children><Collision z:Ref="i29"/><Inertial z:Ref="i3"/><Joint z:Ref="i36"/><NameAttribute z:Ref="i2"/><Parent i:nil="true"/><STLQualityFine>false</STLQualityFine><SWComponentPIDs xmlns:a="http://schemas.microsoft.com/2003/10/Serialization/Arrays"><a:base64Binary>aEIAAAUAAAD//v8fMQAyAGxRpGXlXXdR2HYgAOtfYmMoANiepItfAAljoFLlXV8AKQAtADEAQADFiE2RU084AF4A52LWdpNiS2IEAAAAEAAAAAEAAAABAAAAHgAAAA==</a:base64Binary><a:base64Binary>aEIAAAUAAAD//v8fy2VsjzV1OVmTYutfYmP6Vppbf2coANiepItfAAljoFLlXV8AKQAtADEAQADFiE2RU084AF4A52LWdpNiS2IEAAAAEAAAAAEAAAABAAAAHwAAAA==</a:base64Binary><a:base64Binary>aEIAAAUAAAD//v8ey2VsjzV1KnLrX2JjbI+lY39nKADYnqSLXwAJY6BS5V1fACkALQAxAEAAxYhNkVNPOABeAOdi1naTYktiBAAAABAAAAABAAAAAQAAACEAAAA=</a:base64Binary><a:base64Binary>aEIAAAUAAAD//v/GUgBHAEkAQwAtADEAMAAwAC0AMwA1AC0ATwAtAFMAXwCAexNmIWqLV18AMgAwADIANQAwADEAMAA4AC0AMQBAAMWITZFTTzgAXgDnYtZ2k2JLYi8AUgBHAEkAQwAtADEAMAAwAC0AMwA1AC0ATwAtAFMAXwCAexNmIWqLV18AMgAwADIANQAwADEAMAA4AC4AUwBUAEUAUAAtADEAQABSAEcASQBDAC0AMQAwADAALQAzADUALQBPAC0AUwBfAIB7E2YhaotXXwAyADAAMgA1ADAAMQAwADgALwBfAF8AXwBfACAAXwBfAF8AXwBfAF8AXwBfAF8AUgBHAEkAQwAtADEAMAAwAC0AMwA1AC0ATwAtAFMAXwBfAF8AXwBfAF8AXwBfAF8AXwAyADAAMgA1ADAAMQAwADgALgBTAFQARQBQAC0AMQBAAFIARwBJAEMALQAxADAAMAAtADMANQAtAE8ALQBTAF8AgHsTZiFqi1dfADIAMAAyADUAMAAxADAAOAAuAFMAVABFAFAABAAAABAAAAABAAAAAwAAACAAAAAcAAAAHAAAAA==</a:base64Binary></SWComponentPIDs><SWMainComponentPID i:nil="true"/><Visual z:Ref="i16"/><isFixedFrame>false</isFixedFrame><isIncomplete>false</isIncomplete></Link>
2026-06-17 12:33:52,290 INFO  ExportHelperExtension.cs: 347 - Creating joint rotate_Link
2026-06-17 12:33:52,375 WARN  ExportHelperExtension.cs: 351 - Creating joint from parent base_link to child rotate_Link failed
2026-06-17 12:33:52,407 INFO  ExportHelperExtension.cs: 347 - Creating joint l_Link
2026-06-17 12:33:52,454 WARN  ExportHelperExtension.cs: 351 - Creating joint from parent rotate_Link to child l_Link failed
2026-06-17 12:33:52,472 INFO  ExportHelperExtension.cs: 347 - Creating joint l2_Link
2026-06-17 12:33:52,517 WARN  ExportHelperExtension.cs: 351 - Creating joint from parent l_Link to child l2_Link failed
2026-06-17 12:33:52,552 INFO  ExportHelperExtension.cs: 347 - Creating joint r_Link
2026-06-17 12:33:52,596 WARN  ExportHelperExtension.cs: 351 - Creating joint from parent rotate_Link to child r_Link failed
2026-06-17 12:33:52,612 INFO  ExportHelperExtension.cs: 347 - Creating joint r2_Link
2026-06-17 12:33:52,660 WARN  ExportHelperExtension.cs: 351 - Creating joint from parent r_Link to child r2_Link failed
2026-06-17 12:33:52,746 INFO  ExportHelperExtension.cs: 1125 - Retrieving features of type [CoordSys] from 装配体8^拧盖抓手.SLDASM
2026-06-17 12:33:52,747 INFO  ExportHelperExtension.cs: 1136 - Found 49 in 装配体8^拧盖抓手.SLDASM
2026-06-17 12:33:52,747 INFO  ExportHelperExtension.cs: 1145 - Found 6 features of type [CoordSys] in 装配体8^拧盖抓手.SLDASM
2026-06-17 12:33:52,748 INFO  ExportHelperExtension.cs: 1148 - Proceeding through assembly components
2026-06-17 12:33:52,748 INFO  ExportHelperExtension.cs: 1160 - 6 components to check
2026-06-17 12:33:52,748 INFO  ExportHelperExtension.cs: 1125 - Retrieving features of type [CoordSys] from RGIC-100-35-O-S_简易模型_20250108-1
2026-06-17 12:33:52,748 INFO  ExportHelperExtension.cs: 1136 - Found 23 in RGIC-100-35-O-S_简易模型_20250108-1
2026-06-17 12:33:52,749 INFO  ExportHelperExtension.cs: 1145 - Found 0 features of type [CoordSys] in RGIC-100-35-O-S_简易模型_20250108-1
2026-06-17 12:33:52,749 INFO  ExportHelperExtension.cs: 1125 - Retrieving features of type [CoordSys] from 12公斤工具盘 快换(默认_按加工_)-1
2026-06-17 12:33:52,749 INFO  ExportHelperExtension.cs: 1136 - Found 27 in 12公斤工具盘 快换(默认_按加工_)-1
2026-06-17 12:33:52,749 INFO  ExportHelperExtension.cs: 1145 - Found 0 features of type [CoordSys] in 12公斤工具盘 快换(默认_按加工_)-1
2026-06-17 12:33:52,749 INFO  ExportHelperExtension.cs: 1125 - Retrieving features of type [CoordSys] from S0506-S2200817-60-0100-A-X1-1-1
2026-06-17 12:33:52,751 INFO  ExportHelperExtension.cs: 1136 - Found 31 in S0506-S2200817-60-0100-A-X1-1-1
2026-06-17 12:33:52,751 INFO  ExportHelperExtension.cs: 1145 - Found 0 features of type [CoordSys] in S0506-S2200817-60-0100-A-X1-1-1
2026-06-17 12:33:52,751 INFO  ExportHelperExtension.cs: 1125 - Retrieving features of type [CoordSys] from 旋转电夹抓快换固定板(默认_按加工_)-1
2026-06-17 12:33:52,751 INFO  ExportHelperExtension.cs: 1136 - Found 27 in 旋转电夹抓快换固定板(默认_按加工_)-1
2026-06-17 12:33:52,752 INFO  ExportHelperExtension.cs: 1145 - Found 0 features of type [CoordSys] in 旋转电夹抓快换固定板(默认_按加工_)-1
2026-06-17 12:33:52,752 INFO  ExportHelperExtension.cs: 1125 - Retrieving features of type [CoordSys] from 旋转电爪快换转接板(默认_按加工_)-1
2026-06-17 12:33:52,752 INFO  ExportHelperExtension.cs: 1136 - Found 27 in 旋转电爪快换转接板(默认_按加工_)-1
2026-06-17 12:33:52,752 INFO  ExportHelperExtension.cs: 1145 - Found 0 features of type [CoordSys] in 旋转电爪快换转接板(默认_按加工_)-1
2026-06-17 12:33:52,752 INFO  ExportHelperExtension.cs: 1125 - Retrieving features of type [CoordSys] from S0506-S2200817-60-0100-A-X1-1
2026-06-17 12:33:52,753 INFO  ExportHelperExtension.cs: 1136 - Found 31 in S0506-S2200817-60-0100-A-X1-1
2026-06-17 12:33:52,753 INFO  ExportHelperExtension.cs: 1145 - Found 0 features of type [CoordSys] in S0506-S2200817-60-0100-A-X1-1
2026-06-17 12:33:52,753 INFO  ExportHelperExtension.cs: 1125 - Retrieving features of type [RefAxis] from 装配体8^拧盖抓手.SLDASM
2026-06-17 12:33:52,753 INFO  ExportHelperExtension.cs: 1136 - Found 49 in 装配体8^拧盖抓手.SLDASM
2026-06-17 12:33:52,754 INFO  ExportHelperExtension.cs: 1145 - Found 8 features of type [RefAxis] in 装配体8^拧盖抓手.SLDASM
2026-06-17 12:33:52,754 INFO  ExportHelperExtension.cs: 1148 - Proceeding through assembly components
2026-06-17 12:33:52,754 INFO  ExportHelperExtension.cs: 1160 - 6 components to check
2026-06-17 12:33:52,754 INFO  ExportHelperExtension.cs: 1125 - Retrieving features of type [RefAxis] from RGIC-100-35-O-S_简易模型_20250108-1
2026-06-17 12:33:52,755 INFO  ExportHelperExtension.cs: 1136 - Found 23 in RGIC-100-35-O-S_简易模型_20250108-1
2026-06-17 12:33:52,755 INFO  ExportHelperExtension.cs: 1145 - Found 0 features of type [RefAxis] in RGIC-100-35-O-S_简易模型_20250108-1
2026-06-17 12:33:52,755 INFO  ExportHelperExtension.cs: 1125 - Retrieving features of type [RefAxis] from 12公斤工具盘 快换(默认_按加工_)-1
2026-06-17 12:33:52,755 INFO  ExportHelperExtension.cs: 1136 - Found 27 in 12公斤工具盘 快换(默认_按加工_)-1
2026-06-17 12:33:52,755 INFO  ExportHelperExtension.cs: 1145 - Found 0 features of type [RefAxis] in 12公斤工具盘 快换(默认_按加工_)-1
2026-06-17 12:33:52,756 INFO  ExportHelperExtension.cs: 1125 - Retrieving features of type [RefAxis] from S0506-S2200817-60-0100-A-X1-1-1
2026-06-17 12:33:52,756 INFO  ExportHelperExtension.cs: 1136 - Found 31 in S0506-S2200817-60-0100-A-X1-1-1
2026-06-17 12:33:52,756 INFO  ExportHelperExtension.cs: 1145 - Found 0 features of type [RefAxis] in S0506-S2200817-60-0100-A-X1-1-1
2026-06-17 12:33:52,756 INFO  ExportHelperExtension.cs: 1125 - Retrieving features of type [RefAxis] from 旋转电夹抓快换固定板(默认_按加工_)-1
2026-06-17 12:33:52,757 INFO  ExportHelperExtension.cs: 1136 - Found 27 in 旋转电夹抓快换固定板(默认_按加工_)-1
2026-06-17 12:33:52,757 INFO  ExportHelperExtension.cs: 1145 - Found 0 features of type [RefAxis] in 旋转电夹抓快换固定板(默认_按加工_)-1
2026-06-17 12:33:52,757 INFO  ExportHelperExtension.cs: 1125 - Retrieving features of type [RefAxis] from 旋转电爪快换转接板(默认_按加工_)-1
2026-06-17 12:33:52,757 INFO  ExportHelperExtension.cs: 1136 - Found 27 in 旋转电爪快换转接板(默认_按加工_)-1
2026-06-17 12:33:52,757 INFO  ExportHelperExtension.cs: 1145 - Found 0 features of type [RefAxis] in 旋转电爪快换转接板(默认_按加工_)-1
2026-06-17 12:33:52,758 INFO  ExportHelperExtension.cs: 1125 - Retrieving features of type [RefAxis] from S0506-S2200817-60-0100-A-X1-1
2026-06-17 12:33:52,758 INFO  ExportHelperExtension.cs: 1136 - Found 31 in S0506-S2200817-60-0100-A-X1-1
2026-06-17 12:33:52,758 INFO  ExportHelperExtension.cs: 1145 - Found 0 features of type [RefAxis] in S0506-S2200817-60-0100-A-X1-1
2026-06-17 12:33:52,783 INFO  ExportPropertyManager.cs: 1142 - AfterClose called. This method no longer throws an Exception. It just silently does nothing. Ok, except for this logging message
2026-06-17 12:37:22,303 INFO  SwAddin.cs: 294 - Assembly export called for file 装配体8^拧盖抓手.SLDASM
2026-06-17 12:37:22,304 INFO  SwAddin.cs: 299 - Save is required
2026-06-17 12:37:22,304 INFO  SwAddin.cs: 313 - Saving assembly
2026-06-17 12:37:22,667 INFO  SwAddin.cs: 316 - Opening property manager
2026-06-17 12:37:22,667 INFO  ExportHelperExtension.cs: 1125 - Retrieving features of type [CoordSys] from 装配体8^拧盖抓手.SLDASM
2026-06-17 12:37:22,668 INFO  ExportHelperExtension.cs: 1136 - Found 49 in 装配体8^拧盖抓手.SLDASM
2026-06-17 12:37:22,668 INFO  ExportHelperExtension.cs: 1145 - Found 6 features of type [CoordSys] in 装配体8^拧盖抓手.SLDASM
2026-06-17 12:37:22,668 INFO  ExportHelperExtension.cs: 1148 - Proceeding through assembly components
2026-06-17 12:37:22,669 INFO  ExportHelperExtension.cs: 1160 - 6 components to check
2026-06-17 12:37:22,669 INFO  ExportHelperExtension.cs: 1125 - Retrieving features of type [CoordSys] from RGIC-100-35-O-S_简易模型_20250108-1
2026-06-17 12:37:22,669 INFO  ExportHelperExtension.cs: 1136 - Found 23 in RGIC-100-35-O-S_简易模型_20250108-1
2026-06-17 12:37:22,669 INFO  ExportHelperExtension.cs: 1145 - Found 0 features of type [CoordSys] in RGIC-100-35-O-S_简易模型_20250108-1
2026-06-17 12:37:22,670 INFO  ExportHelperExtension.cs: 1125 - Retrieving features of type [CoordSys] from 12公斤工具盘 快换(默认_按加工_)-1
2026-06-17 12:37:22,670 INFO  ExportHelperExtension.cs: 1136 - Found 27 in 12公斤工具盘 快换(默认_按加工_)-1
2026-06-17 12:37:22,670 INFO  ExportHelperExtension.cs: 1145 - Found 0 features of type [CoordSys] in 12公斤工具盘 快换(默认_按加工_)-1
2026-06-17 12:37:22,670 INFO  ExportHelperExtension.cs: 1125 - Retrieving features of type [CoordSys] from S0506-S2200817-60-0100-A-X1-1-1
2026-06-17 12:37:22,671 INFO  ExportHelperExtension.cs: 1136 - Found 31 in S0506-S2200817-60-0100-A-X1-1-1
2026-06-17 12:37:22,671 INFO  ExportHelperExtension.cs: 1145 - Found 0 features of type [CoordSys] in S0506-S2200817-60-0100-A-X1-1-1
2026-06-17 12:37:22,671 INFO  ExportHelperExtension.cs: 1125 - Retrieving features of type [CoordSys] from 旋转电夹抓快换固定板(默认_按加工_)-1
2026-06-17 12:37:22,671 INFO  ExportHelperExtension.cs: 1136 - Found 27 in 旋转电夹抓快换固定板(默认_按加工_)-1
2026-06-17 12:37:22,672 INFO  ExportHelperExtension.cs: 1145 - Found 0 features of type [CoordSys] in 旋转电夹抓快换固定板(默认_按加工_)-1
2026-06-17 12:37:22,672 INFO  ExportHelperExtension.cs: 1125 - Retrieving features of type [CoordSys] from 旋转电爪快换转接板(默认_按加工_)-1
2026-06-17 12:37:22,672 INFO  ExportHelperExtension.cs: 1136 - Found 27 in 旋转电爪快换转接板(默认_按加工_)-1
2026-06-17 12:37:22,673 INFO  ExportHelperExtension.cs: 1145 - Found 0 features of type [CoordSys] in 旋转电爪快换转接板(默认_按加工_)-1
2026-06-17 12:37:22,673 INFO  ExportHelperExtension.cs: 1125 - Retrieving features of type [CoordSys] from S0506-S2200817-60-0100-A-X1-1
2026-06-17 12:37:22,673 INFO  ExportHelperExtension.cs: 1136 - Found 31 in S0506-S2200817-60-0100-A-X1-1
2026-06-17 12:37:22,673 INFO  ExportHelperExtension.cs: 1145 - Found 0 features of type [CoordSys] in S0506-S2200817-60-0100-A-X1-1
2026-06-17 12:37:22,674 INFO  ExportHelperExtension.cs: 1125 - Retrieving features of type [RefAxis] from 装配体8^拧盖抓手.SLDASM
2026-06-17 12:37:22,674 INFO  ExportHelperExtension.cs: 1136 - Found 49 in 装配体8^拧盖抓手.SLDASM
2026-06-17 12:37:22,674 INFO  ExportHelperExtension.cs: 1145 - Found 8 features of type [RefAxis] in 装配体8^拧盖抓手.SLDASM
2026-06-17 12:37:22,674 INFO  ExportHelperExtension.cs: 1148 - Proceeding through assembly components
2026-06-17 12:37:22,675 INFO  ExportHelperExtension.cs: 1160 - 6 components to check
2026-06-17 12:37:22,675 INFO  ExportHelperExtension.cs: 1125 - Retrieving features of type [RefAxis] from RGIC-100-35-O-S_简易模型_20250108-1
2026-06-17 12:37:22,675 INFO  ExportHelperExtension.cs: 1136 - Found 23 in RGIC-100-35-O-S_简易模型_20250108-1
2026-06-17 12:37:22,675 INFO  ExportHelperExtension.cs: 1145 - Found 0 features of type [RefAxis] in RGIC-100-35-O-S_简易模型_20250108-1
2026-06-17 12:37:22,675 INFO  ExportHelperExtension.cs: 1125 - Retrieving features of type [RefAxis] from 12公斤工具盘 快换(默认_按加工_)-1
2026-06-17 12:37:22,676 INFO  ExportHelperExtension.cs: 1136 - Found 27 in 12公斤工具盘 快换(默认_按加工_)-1
2026-06-17 12:37:22,676 INFO  ExportHelperExtension.cs: 1145 - Found 0 features of type [RefAxis] in 12公斤工具盘 快换(默认_按加工_)-1
2026-06-17 12:37:22,678 INFO  ExportHelperExtension.cs: 1125 - Retrieving features of type [RefAxis] from S0506-S2200817-60-0100-A-X1-1-1
2026-06-17 12:37:22,740 INFO  ExportHelperExtension.cs: 1136 - Found 31 in S0506-S2200817-60-0100-A-X1-1-1
2026-06-17 12:37:22,740 INFO  ExportHelperExtension.cs: 1145 - Found 0 features of type [RefAxis] in S0506-S2200817-60-0100-A-X1-1-1
2026-06-17 12:37:22,740 INFO  ExportHelperExtension.cs: 1125 - Retrieving features of type [RefAxis] from 旋转电夹抓快换固定板(默认_按加工_)-1
2026-06-17 12:37:22,740 INFO  ExportHelperExtension.cs: 1136 - Found 27 in 旋转电夹抓快换固定板(默认_按加工_)-1
2026-06-17 12:37:22,740 INFO  ExportHelperExtension.cs: 1145 - Found 0 features of type [RefAxis] in 旋转电夹抓快换固定板(默认_按加工_)-1
2026-06-17 12:37:22,740 INFO  ExportHelperExtension.cs: 1125 - Retrieving features of type [RefAxis] from 旋转电爪快换转接板(默认_按加工_)-1
2026-06-17 12:37:22,740 INFO  ExportHelperExtension.cs: 1136 - Found 27 in 旋转电爪快换转接板(默认_按加工_)-1
2026-06-17 12:37:22,740 INFO  ExportHelperExtension.cs: 1145 - Found 0 features of type [RefAxis] in 旋转电爪快换转接板(默认_按加工_)-1
2026-06-17 12:37:22,740 INFO  ExportHelperExtension.cs: 1125 - Retrieving features of type [RefAxis] from S0506-S2200817-60-0100-A-X1-1
2026-06-17 12:37:22,745 INFO  ExportHelperExtension.cs: 1136 - Found 31 in S0506-S2200817-60-0100-A-X1-1
2026-06-17 12:37:22,745 INFO  ExportHelperExtension.cs: 1145 - Found 0 features of type [RefAxis] in S0506-S2200817-60-0100-A-X1-1
2026-06-17 12:37:22,766 INFO  SwAddin.cs: 339 - Loading config tree
2026-06-17 12:37:22,766 INFO  ConfigurationSerialization.cs: 276 - URDF Configuration found
<Link z:Id="i1" xmlns="http://schemas.datacontract.org/2004/07/SW2URDF" xmlns:i="http://www.w3.org/2001/XMLSchema-instance" xmlns:z="http://schemas.microsoft.com/2003/10/Serialization/"><Attributes><Attribute z:Id="i2"><AttributeType>name</AttributeType><IsRequired>true</IsRequired><Value i:type="a:string" xmlns:a="http://www.w3.org/2001/XMLSchema">base_link</Value></Attribute></Attributes><ChildElements><URDFElement z:Id="i3" i:type="Inertial"><Attributes/><ChildElements><URDFElement z:Id="i4" i:type="Origin"><Attributes><Attribute z:Id="i5"><AttributeType>xyz</AttributeType><IsRequired>true</IsRequired><Value i:type="a:ArrayOfdouble" xmlns:a="http://schemas.microsoft.com/2003/10/Serialization/Arrays"><a:double>0</a:double><a:double>0</a:double><a:double>0</a:double></Value></Attribute><Attribute z:Id="i6"><AttributeType>rpy</AttributeType><IsRequired>true</IsRequired><Value i:type="a:ArrayOfdouble" xmlns:a="http://schemas.microsoft.com/2003/10/Serialization/Arrays"><a:double>0</a:double><a:double>0</a:double><a:double>0</a:double></Value></Attribute></Attributes><ChildElements/><ElementName>origin</ElementName><required>false</required><RPYAttribute z:Ref="i6"/><XYZAttribute z:Ref="i5"/><isCustomized>false</isCustomized></URDFElement><URDFElement z:Id="i7" i:type="Mass"><Attributes><Attribute z:Id="i8"><AttributeType>value</AttributeType><IsRequired>true</IsRequired><Value i:type="a:double" xmlns:a="http://www.w3.org/2001/XMLSchema">0</Value></Attribute></Attributes><ChildElements/><ElementName>mass</ElementName><required>false</required><ValueAttribute z:Ref="i8"/></URDFElement><URDFElement z:Id="i9" i:type="Inertia"><Attributes><Attribute z:Id="i10"><AttributeType>ixx</AttributeType><IsRequired>true</IsRequired><Value i:type="a:double" xmlns:a="http://www.w3.org/2001/XMLSchema">0</Value></Attribute><Attribute z:Id="i11"><AttributeType>ixy</AttributeType><IsRequired>true</IsRequired><Value i:type="a:double" xmlns:a="http://www.w3.org/2001/XMLSchema">0</Value></Attribute><Attribute z:Id="i12"><AttributeType>ixz</AttributeType><IsRequired>true</IsRequired><Value i:type="a:double" xmlns:a="http://www.w3.org/2001/XMLSchema">0</Value></Attribute><Attribute z:Id="i13"><AttributeType>iyy</AttributeType><IsRequired>true</IsRequired><Value i:type="a:double" xmlns:a="http://www.w3.org/2001/XMLSchema">0</Value></Attribute><Attribute z:Id="i14"><AttributeType>iyz</AttributeType><IsRequired>true</IsRequired><Value i:type="a:double" xmlns:a="http://www.w3.org/2001/XMLSchema">0</Value></Attribute><Attribute z:Id="i15"><AttributeType>izz</AttributeType><IsRequired>true</IsRequired><Value i:type="a:double" xmlns:a="http://www.w3.org/2001/XMLSchema">0</Value></Attribute></Attributes><ChildElements/><ElementName>inertia</ElementName><required>false</required><IxxAttribute z:Ref="i10"/><IxyAttribute z:Ref="i11"/><IxzAttribute z:Ref="i12"/><IyyAttribute z:Ref="i13"/><IyzAttribute z:Ref="i14"/><IzzAttribute z:Ref="i15"/></URDFElement></ChildElements><ElementName>inertial</ElementName><required>false</required><Inertia z:Ref="i9"/><Mass z:Ref="i7"/><Origin z:Ref="i4"/></URDFElement><URDFElement z:Id="i16" i:type="Visual"><Attributes/><ChildElements><URDFElement z:Id="i17" i:type="Origin"><Attributes><Attribute z:Id="i18"><AttributeType>xyz</AttributeType><IsRequired>true</IsRequired><Value i:type="a:ArrayOfdouble" xmlns:a="http://schemas.microsoft.com/2003/10/Serialization/Arrays"><a:double>0</a:double><a:double>0</a:double><a:double>0</a:double></Value></Attribute><Attribute z:Id="i19"><AttributeType>rpy</AttributeType><IsRequired>true</IsRequired><Value i:type="a:ArrayOfdouble" xmlns:a="http://schemas.microsoft.com/2003/10/Serialization/Arrays"><a:double>0</a:double><a:double>0</a:double><a:double>0</a:double></Value></Attribute></Attributes><ChildElements/><ElementName>origin</ElementName><required>false</required><RPYAttribute z:Ref="i19"/><XYZAttribute z:Ref="i18"/><isCustomized>false</isCustomized></URDFElement><URDFElement z:Id="i20" i:type="Geometry"><Attributes/><ChildElements><URDFElement z:Id="i21" i:type="Mesh"><Attributes><Attribute z:Id="i22"><AttributeType>filename</AttributeType><IsRequired>true</IsRequired><Value i:nil="true"/></Attribute></Attributes><ChildElements/><ElementName>mesh</ElementName><required>false</required><FilenameAttribute z:Ref="i22"/></URDFElement></ChildElements><ElementName>geometry</ElementName><required>true</required><Mesh z:Ref="i21"/></URDFElement><URDFElement z:Id="i23" i:type="Material"><Attributes><Attribute z:Id="i24"><AttributeType>name</AttributeType><IsRequired>true</IsRequired><Value i:type="a:string" xmlns:a="http://www.w3.org/2001/XMLSchema"/></Attribute></Attributes><ChildElements><URDFElement z:Id="i25" i:type="Color"><Attributes><Attribute z:Id="i26"><AttributeType>rgba</AttributeType><IsRequired>true</IsRequired><Value i:type="a:ArrayOfdouble" xmlns:a="http://schemas.microsoft.com/2003/10/Serialization/Arrays"><a:double>1</a:double><a:double>1</a:double><a:double>1</a:double><a:double>1</a:double></Value></Attribute></Attributes><ChildElements/><ElementName>color</ElementName><required>false</required><RGBAAttribute z:Ref="i26"/></URDFElement><URDFElement z:Id="i27" i:type="Texture"><Attributes><Attribute z:Id="i28"><AttributeType>filename</AttributeType><IsRequired>true</IsRequired><Value i:nil="true"/></Attribute></Attributes><ChildElements/><ElementName>texture</ElementName><required>false</required><FilenameAttribute z:Ref="i28"/><wFilename/></URDFElement></ChildElements><ElementName>material</ElementName><required>false</required><Color z:Ref="i25"/><NameAttribute z:Ref="i24"/><Texture z:Ref="i27"/></URDFElement></ChildElements><ElementName>visual</ElementName><required>false</required><Geometry z:Ref="i20"/><Material z:Ref="i23"/><Origin z:Ref="i17"/></URDFElement><URDFElement z:Id="i29" i:type="Collision"><Attributes/><ChildElements><URDFElement z:Id="i30" i:type="Origin"><Attributes><Attribute z:Id="i31"><AttributeType>xyz</AttributeType><IsRequired>true</IsRequired><Value i:type="a:ArrayOfdouble" xmlns:a="http://schemas.microsoft.com/2003/10/Serialization/Arrays"><a:double>0</a:double><a:double>0</a:double><a:double>0</a:double></Value></Attribute><Attribute z:Id="i32"><AttributeType>rpy</AttributeType><IsRequired>true</IsRequired><Value i:type="a:ArrayOfdouble" xmlns:a="http://schemas.microsoft.com/2003/10/Serialization/Arrays"><a:double>0</a:double><a:double>0</a:double><a:double>0</a:double></Value></Attribute></Attributes><ChildElements/><ElementName>origin</ElementName><required>false</required><RPYAttribute z:Ref="i32"/><XYZAttribute z:Ref="i31"/><isCustomized>false</isCustomized></URDFElement><URDFElement z:Id="i33" i:type="Geometry"><Attributes/><ChildElements><URDFElement z:Id="i34" i:type="Mesh"><Attributes><Attribute z:Id="i35"><AttributeType>filename</AttributeType><IsRequired>true</IsRequired><Value i:nil="true"/></Attribute></Attributes><ChildElements/><ElementName>mesh</ElementName><required>false</required><FilenameAttribute z:Ref="i35"/></URDFElement></ChildElements><ElementName>geometry</ElementName><required>true</required><Mesh z:Ref="i34"/></URDFElement></ChildElements><ElementName>collision</ElementName><required>false</required><Geometry z:Ref="i33"/><Origin z:Ref="i30"/></URDFElement><URDFElement z:Id="i36" i:type="Joint"><Attributes><Attribute z:Id="i37"><AttributeType>name</AttributeType><IsRequired>true</IsRequired><Value i:type="a:string" xmlns:a="http://www.w3.org/2001/XMLSchema"/></Attribute><Attribute z:Id="i38"><AttributeType>type</AttributeType><IsRequired>true</IsRequired><Value i:type="a:string" xmlns:a="http://www.w3.org/2001/XMLSchema"/></Attribute></Attributes><ChildElements><URDFElement z:Id="i39" i:type="Origin"><Attributes><Attribute z:Id="i40"><AttributeType>xyz</AttributeType><IsRequired>true</IsRequired><Value i:type="a:ArrayOfdouble" xmlns:a="http://schemas.microsoft.com/2003/10/Serialization/Arrays"><a:double>0</a:double><a:double>0</a:double><a:double>0</a:double></Value></Attribute><Attribute z:Id="i41"><AttributeType>rpy</AttributeType><IsRequired>true</IsRequired><Value i:type="a:ArrayOfdouble" xmlns:a="http://schemas.microsoft.com/2003/10/Serialization/Arrays"><a:double>0</a:double><a:double>0</a:double><a:double>0</a:double></Value></Attribute></Attributes><ChildElements/><ElementName>origin</ElementName><required>false</required><RPYAttribute z:Ref="i41"/><XYZAttribute z:Ref="i40"/><isCustomized>false</isCustomized></URDFElement><URDFElement z:Id="i42" i:type="ParentLink"><Attributes><Attribute z:Id="i43"><AttributeType>link</AttributeType><IsRequired>true</IsRequired><Value i:type="a:string" xmlns:a="http://www.w3.org/2001/XMLSchema"/></Attribute></Attributes><ChildElements/><ElementName>parent</ElementName><required>true</required><NameAttribute z:Ref="i43"/></URDFElement><URDFElement z:Id="i44" i:type="ChildLink"><Attributes><Attribute z:Id="i45"><AttributeType>link</AttributeType><IsRequired>true</IsRequired><Value i:type="a:string" xmlns:a="http://www.w3.org/2001/XMLSchema"/></Attribute></Attributes><ChildElements/><ElementName>child</ElementName><required>true</required><NameAttribute z:Ref="i45"/></URDFElement><URDFElement z:Id="i46" i:type="Axis"><Attributes><Attribute z:Id="i47"><AttributeType>xyz</AttributeType><IsRequired>true</IsRequired><Value i:type="a:ArrayOfdouble" xmlns:a="http://schemas.microsoft.com/2003/10/Serialization/Arrays"><a:double>0</a:double><a:double>0</a:double><a:double>0</a:double></Value></Attribute></Attributes><ChildElements/><ElementName>axis</ElementName><required>false</required><XYZAttribute z:Ref="i47"/></URDFElement><URDFElement z:Id="i48" i:type="Limit"><Attributes><Attribute z:Id="i49"><AttributeType>lower</AttributeType><IsRequired>false</IsRequired><Value i:nil="true"/></Attribute><Attribute z:Id="i50"><AttributeType>upper</AttributeType><IsRequired>false</IsRequired><Value i:nil="true"/></Attribute><Attribute z:Id="i51"><AttributeType>effort</AttributeType><IsRequired>true</IsRequired><Value i:nil="true"/></Attribute><Attribute z:Id="i52"><AttributeType>velocity</AttributeType><IsRequired>true</IsRequired><Value i:nil="true"/></Attribute></Attributes><ChildElements/><ElementName>limit</ElementName><required>false</required><EffortAttribute z:Ref="i51"/><LowerAttribute z:Ref="i49"/><UpperAttribute z:Ref="i50"/><VelocityAttribute z:Ref="i52"/></URDFElement><URDFElement z:Id="i53" i:type="Calibration"><Attributes><Attribute z:Id="i54"><AttributeType>rising</AttributeType><IsRequired>false</IsRequired><Value i:nil="true"/></Attribute><Attribute z:Id="i55"><AttributeType>falling</AttributeType><IsRequired>false</IsRequired><Value i:nil="true"/></Attribute></Attributes><ChildElements/><ElementName>calibration</ElementName><required>false</required><FallingAttribute z:Ref="i55"/><RisingAttribute z:Ref="i54"/></URDFElement><URDFElement z:Id="i56" i:type="Dynamics"><Attributes><Attribute z:Id="i57"><AttributeType>damping</AttributeType><IsRequired>false</IsRequired><Value i:nil="true"/></Attribute><Attribute z:Id="i58"><AttributeType>friction</AttributeType><IsRequired>false</IsRequired><Value i:nil="true"/></Attribute></Attributes><ChildElements/><ElementName>dynamics</ElementName><required>false</required><DampingAttribute z:Ref="i57"/><FrictionAttribute z:Ref="i58"/></URDFElement><URDFElement z:Id="i59" i:type="SafetyController"><Attributes><Attribute z:Id="i60"><AttributeType>soft_upper_limit</AttributeType><IsRequired>false</IsRequired><Value i:nil="true"/></Attribute><Attribute z:Id="i61"><AttributeType>soft_lower_limit</AttributeType><IsRequired>false</IsRequired><Value i:nil="true"/></Attribute><Attribute z:Id="i62"><AttributeType>k_position</AttributeType><IsRequired>false</IsRequired><Value i:nil="true"/></Attribute><Attribute z:Id="i63"><AttributeType>k_velocity</AttributeType><IsRequired>true</IsRequired><Value i:nil="true"/></Attribute></Attributes><ChildElements/><ElementName>safety_controller</ElementName><required>false</required><KPositionAttribute z:Ref="i62"/><KVelocityAttribute z:Ref="i63"/><SoftLowerAttribute z:Ref="i61"/><SoftUpperAttribute z:Ref="i60"/></URDFElement><URDFElement z:Id="i64" i:type="Mimic"><Attributes><Attribute z:Id="i65"><AttributeType>joint</AttributeType><IsRequired>true</IsRequired><Value i:nil="true"/></Attribute><Attribute z:Id="i66"><AttributeType>multiplier</AttributeType><IsRequired>false</IsRequired><Value i:nil="true"/></Attribute><Attribute z:Id="i67"><AttributeType>offset</AttributeType><IsRequired>false</IsRequired><Value i:nil="true"/></Attribute></Attributes><ChildElements/><ElementName>mimic</ElementName><required>false</required><JointNameAttribute z:Ref="i65"/><MultiplierAttribute z:Ref="i66"/><OffsetAttribute z:Ref="i67"/></URDFElement></ChildElements><ElementName>joint</ElementName><required>false</required><Axis z:Ref="i46"/><AxisName/><Calibration z:Ref="i53"/><Child z:Ref="i44"/><CoordinateSystemName>base</CoordinateSystemName><Dynamics z:Ref="i56"/><Limit z:Ref="i48"/><Mimic z:Ref="i64"/><NameAttribute z:Ref="i37"/><Origin z:Ref="i39"/><Parent z:Ref="i42"/><Safety z:Ref="i59"/><TypeAttribute z:Ref="i38"/></URDFElement></ChildElements><ElementName>link</ElementName><required>true</required><Children><Link z:Id="i68"><Attributes><Attribute z:Id="i69"><AttributeType>name</AttributeType><IsRequired>true</IsRequired><Value i:type="a:string" xmlns:a="http://www.w3.org/2001/XMLSchema">rotate_Link</Value></Attribute></Attributes><ChildElements><URDFElement z:Id="i70" i:type="Inertial"><Attributes/><ChildElements><URDFElement z:Id="i71" i:type="Origin"><Attributes><Attribute z:Id="i72"><AttributeType>xyz</AttributeType><IsRequired>true</IsRequired><Value i:type="a:ArrayOfdouble" xmlns:a="http://schemas.microsoft.com/2003/10/Serialization/Arrays"><a:double>0</a:double><a:double>0</a:double><a:double>0</a:double></Value></Attribute><Attribute z:Id="i73"><AttributeType>rpy</AttributeType><IsRequired>true</IsRequired><Value i:type="a:ArrayOfdouble" xmlns:a="http://schemas.microsoft.com/2003/10/Serialization/Arrays"><a:double>0</a:double><a:double>0</a:double><a:double>0</a:double></Value></Attribute></Attributes><ChildElements/><ElementName>origin</ElementName><required>false</required><RPYAttribute z:Ref="i73"/><XYZAttribute z:Ref="i72"/><isCustomized>false</isCustomized></URDFElement><URDFElement z:Id="i74" i:type="Mass"><Attributes><Attribute z:Id="i75"><AttributeType>value</AttributeType><IsRequired>true</IsRequired><Value i:type="a:double" xmlns:a="http://www.w3.org/2001/XMLSchema">0</Value></Attribute></Attributes><ChildElements/><ElementName>mass</ElementName><required>false</required><ValueAttribute z:Ref="i75"/></URDFElement><URDFElement z:Id="i76" i:type="Inertia"><Attributes><Attribute z:Id="i77"><AttributeType>ixx</AttributeType><IsRequired>true</IsRequired><Value i:type="a:double" xmlns:a="http://www.w3.org/2001/XMLSchema">0</Value></Attribute><Attribute z:Id="i78"><AttributeType>ixy</AttributeType><IsRequired>true</IsRequired><Value i:type="a:double" xmlns:a="http://www.w3.org/2001/XMLSchema">0</Value></Attribute><Attribute z:Id="i79"><AttributeType>ixz</AttributeType><IsRequired>true</IsRequired><Value i:type="a:double" xmlns:a="http://www.w3.org/2001/XMLSchema">0</Value></Attribute><Attribute z:Id="i80"><AttributeType>iyy</AttributeType><IsRequired>true</IsRequired><Value i:type="a:double" xmlns:a="http://www.w3.org/2001/XMLSchema">0</Value></Attribute><Attribute z:Id="i81"><AttributeType>iyz</AttributeType><IsRequired>true</IsRequired><Value i:type="a:double" xmlns:a="http://www.w3.org/2001/XMLSchema">0</Value></Attribute><Attribute z:Id="i82"><AttributeType>izz</AttributeType><IsRequired>true</IsRequired><Value i:type="a:double" xmlns:a="http://www.w3.org/2001/XMLSchema">0</Value></Attribute></Attributes><ChildElements/><ElementName>inertia</ElementName><required>false</required><IxxAttribute z:Ref="i77"/><IxyAttribute z:Ref="i78"/><IxzAttribute z:Ref="i79"/><IyyAttribute z:Ref="i80"/><IyzAttribute z:Ref="i81"/><IzzAttribute z:Ref="i82"/></URDFElement></ChildElements><ElementName>inertial</ElementName><required>false</required><Inertia z:Ref="i76"/><Mass z:Ref="i74"/><Origin z:Ref="i71"/></URDFElement><URDFElement z:Id="i83" i:type="Visual"><Attributes/><ChildElements><URDFElement z:Id="i84" i:type="Origin"><Attributes><Attribute z:Id="i85"><AttributeType>xyz</AttributeType><IsRequired>true</IsRequired><Value i:type="a:ArrayOfdouble" xmlns:a="http://schemas.microsoft.com/2003/10/Serialization/Arrays"><a:double>0</a:double><a:double>0</a:double><a:double>0</a:double></Value></Attribute><Attribute z:Id="i86"><AttributeType>rpy</AttributeType><IsRequired>true</IsRequired><Value i:type="a:ArrayOfdouble" xmlns:a="http://schemas.microsoft.com/2003/10/Serialization/Arrays"><a:double>0</a:double><a:double>0</a:double><a:double>0</a:double></Value></Attribute></Attributes><ChildElements/><ElementName>origin</ElementName><required>false</required><RPYAttribute z:Ref="i86"/><XYZAttribute z:Ref="i85"/><isCustomized>false</isCustomized></URDFElement><URDFElement z:Id="i87" i:type="Geometry"><Attributes/><ChildElements><URDFElement z:Id="i88" i:type="Mesh"><Attributes><Attribute z:Id="i89"><AttributeType>filename</AttributeType><IsRequired>true</IsRequired><Value i:nil="true"/></Attribute></Attributes><ChildElements/><ElementName>mesh</ElementName><required>false</required><FilenameAttribute z:Ref="i89"/></URDFElement></ChildElements><ElementName>geometry</ElementName><required>true</required><Mesh z:Ref="i88"/></URDFElement><URDFElement z:Id="i90" i:type="Material"><Attributes><Attribute z:Id="i91"><AttributeType>name</AttributeType><IsRequired>true</IsRequired><Value i:type="a:string" xmlns:a="http://www.w3.org/2001/XMLSchema"/></Attribute></Attributes><ChildElements><URDFElement z:Id="i92" i:type="Color"><Attributes><Attribute z:Id="i93"><AttributeType>rgba</AttributeType><IsRequired>true</IsRequired><Value i:type="a:ArrayOfdouble" xmlns:a="http://schemas.microsoft.com/2003/10/Serialization/Arrays"><a:double>1</a:double><a:double>1</a:double><a:double>1</a:double><a:double>1</a:double></Value></Attribute></Attributes><ChildElements/><ElementName>color</ElementName><required>false</required><RGBAAttribute z:Ref="i93"/></URDFElement><URDFElement z:Id="i94" i:type="Texture"><Attributes><Attribute z:Id="i95"><AttributeType>filename</AttributeType><IsRequired>true</IsRequired><Value i:nil="true"/></Attribute></Attributes><ChildElements/><ElementName>texture</ElementName><required>false</required><FilenameAttribute z:Ref="i95"/><wFilename/></URDFElement></ChildElements><ElementName>material</ElementName><required>false</required><Color z:Ref="i92"/><NameAttribute z:Ref="i91"/><Texture z:Ref="i94"/></URDFElement></ChildElements><ElementName>visual</ElementName><required>false</required><Geometry z:Ref="i87"/><Material z:Ref="i90"/><Origin z:Ref="i84"/></URDFElement><URDFElement z:Id="i96" i:type="Collision"><Attributes/><ChildElements><URDFElement z:Id="i97" i:type="Origin"><Attributes><Attribute z:Id="i98"><AttributeType>xyz</AttributeType><IsRequired>true</IsRequired><Value i:type="a:ArrayOfdouble" xmlns:a="http://schemas.microsoft.com/2003/10/Serialization/Arrays"><a:double>0</a:double><a:double>0</a:double><a:double>0</a:double></Value></Attribute><Attribute z:Id="i99"><AttributeType>rpy</AttributeType><IsRequired>true</IsRequired><Value i:type="a:ArrayOfdouble" xmlns:a="http://schemas.microsoft.com/2003/10/Serialization/Arrays"><a:double>0</a:double><a:double>0</a:double><a:double>0</a:double></Value></Attribute></Attributes><ChildElements/><ElementName>origin</ElementName><required>false</required><RPYAttribute z:Ref="i99"/><XYZAttribute z:Ref="i98"/><isCustomized>false</isCustomized></URDFElement><URDFElement z:Id="i100" i:type="Geometry"><Attributes/><ChildElements><URDFElement z:Id="i101" i:type="Mesh"><Attributes><Attribute z:Id="i102"><AttributeType>filename</AttributeType><IsRequired>true</IsRequired><Value i:nil="true"/></Attribute></Attributes><ChildElements/><ElementName>mesh</ElementName><required>false</required><FilenameAttribute z:Ref="i102"/></URDFElement></ChildElements><ElementName>geometry</ElementName><required>true</required><Mesh z:Ref="i101"/></URDFElement></ChildElements><ElementName>collision</ElementName><required>false</required><Geometry z:Ref="i100"/><Origin z:Ref="i97"/></URDFElement><URDFElement z:Id="i103" i:type="Joint"><Attributes><Attribute z:Id="i104"><AttributeType>name</AttributeType><IsRequired>true</IsRequired><Value i:type="a:string" xmlns:a="http://www.w3.org/2001/XMLSchema">rotate_joint</Value></Attribute><Attribute z:Id="i105"><AttributeType>type</AttributeType><IsRequired>true</IsRequired><Value i:type="a:string" xmlns:a="http://www.w3.org/2001/XMLSchema">continuous</Value></Attribute></Attributes><ChildElements><URDFElement z:Id="i106" i:type="Origin"><Attributes><Attribute z:Id="i107"><AttributeType>xyz</AttributeType><IsRequired>true</IsRequired><Value i:type="a:ArrayOfdouble" xmlns:a="http://schemas.microsoft.com/2003/10/Serialization/Arrays"><a:double>0</a:double><a:double>0</a:double><a:double>0</a:double></Value></Attribute><Attribute z:Id="i108"><AttributeType>rpy</AttributeType><IsRequired>true</IsRequired><Value i:type="a:ArrayOfdouble" xmlns:a="http://schemas.microsoft.com/2003/10/Serialization/Arrays"><a:double>0</a:double><a:double>0</a:double><a:double>0</a:double></Value></Attribute></Attributes><ChildElements/><ElementName>origin</ElementName><required>false</required><RPYAttribute z:Ref="i108"/><XYZAttribute z:Ref="i107"/><isCustomized>false</isCustomized></URDFElement><URDFElement z:Id="i109" i:type="ParentLink"><Attributes><Attribute z:Id="i110"><AttributeType>link</AttributeType><IsRequired>true</IsRequired><Value i:type="a:string" xmlns:a="http://www.w3.org/2001/XMLSchema"/></Attribute></Attributes><ChildElements/><ElementName>parent</ElementName><required>true</required><NameAttribute z:Ref="i110"/></URDFElement><URDFElement z:Id="i111" i:type="ChildLink"><Attributes><Attribute z:Id="i112"><AttributeType>link</AttributeType><IsRequired>true</IsRequired><Value i:type="a:string" xmlns:a="http://www.w3.org/2001/XMLSchema"/></Attribute></Attributes><ChildElements/><ElementName>child</ElementName><required>true</required><NameAttribute z:Ref="i112"/></URDFElement><URDFElement z:Id="i113" i:type="Axis"><Attributes><Attribute z:Id="i114"><AttributeType>xyz</AttributeType><IsRequired>true</IsRequired><Value i:type="a:ArrayOfdouble" xmlns:a="http://schemas.microsoft.com/2003/10/Serialization/Arrays"><a:double>0</a:double><a:double>0</a:double><a:double>0</a:double></Value></Attribute></Attributes><ChildElements/><ElementName>axis</ElementName><required>false</required><XYZAttribute z:Ref="i114"/></URDFElement><URDFElement z:Id="i115" i:type="Limit"><Attributes><Attribute z:Id="i116"><AttributeType>lower</AttributeType><IsRequired>false</IsRequired><Value i:nil="true"/></Attribute><Attribute z:Id="i117"><AttributeType>upper</AttributeType><IsRequired>false</IsRequired><Value i:nil="true"/></Attribute><Attribute z:Id="i118"><AttributeType>effort</AttributeType><IsRequired>true</IsRequired><Value i:nil="true"/></Attribute><Attribute z:Id="i119"><AttributeType>velocity</AttributeType><IsRequired>true</IsRequired><Value i:nil="true"/></Attribute></Attributes><ChildElements/><ElementName>limit</ElementName><required>false</required><EffortAttribute z:Ref="i118"/><LowerAttribute z:Ref="i116"/><UpperAttribute z:Ref="i117"/><VelocityAttribute z:Ref="i119"/></URDFElement><URDFElement z:Id="i120" i:type="Calibration"><Attributes><Attribute z:Id="i121"><AttributeType>rising</AttributeType><IsRequired>false</IsRequired><Value i:nil="true"/></Attribute><Attribute z:Id="i122"><AttributeType>falling</AttributeType><IsRequired>false</IsRequired><Value i:nil="true"/></Attribute></Attributes><ChildElements/><ElementName>calibration</ElementName><required>false</required><FallingAttribute z:Ref="i122"/><RisingAttribute z:Ref="i121"/></URDFElement><URDFElement z:Id="i123" i:type="Dynamics"><Attributes><Attribute z:Id="i124"><AttributeType>damping</AttributeType><IsRequired>false</IsRequired><Value i:nil="true"/></Attribute><Attribute z:Id="i125"><AttributeType>friction</AttributeType><IsRequired>false</IsRequired><Value i:nil="true"/></Attribute></Attributes><ChildElements/><ElementName>dynamics</ElementName><required>false</required><DampingAttribute z:Ref="i124"/><FrictionAttribute z:Ref="i125"/></URDFElement><URDFElement z:Id="i126" i:type="SafetyController"><Attributes><Attribute z:Id="i127"><AttributeType>soft_upper_limit</AttributeType><IsRequired>false</IsRequired><Value i:nil="true"/></Attribute><Attribute z:Id="i128"><AttributeType>soft_lower_limit</AttributeType><IsRequired>false</IsRequired><Value i:nil="true"/></Attribute><Attribute z:Id="i129"><AttributeType>k_position</AttributeType><IsRequired>false</IsRequired><Value i:nil="true"/></Attribute><Attribute z:Id="i130"><AttributeType>k_velocity</AttributeType><IsRequired>true</IsRequired><Value i:nil="true"/></Attribute></Attributes><ChildElements/><ElementName>safety_controller</ElementName><required>false</required><KPositionAttribute z:Ref="i129"/><KVelocityAttribute z:Ref="i130"/><SoftLowerAttribute z:Ref="i128"/><SoftUpperAttribute z:Ref="i127"/></URDFElement><URDFElement z:Id="i131" i:type="Mimic"><Attributes><Attribute z:Id="i132"><AttributeType>joint</AttributeType><IsRequired>true</IsRequired><Value i:nil="true"/></Attribute><Attribute z:Id="i133"><AttributeType>multiplier</AttributeType><IsRequired>false</IsRequired><Value i:nil="true"/></Attribute><Attribute z:Id="i134"><AttributeType>offset</AttributeType><IsRequired>false</IsRequired><Value i:nil="true"/></Attribute></Attributes><ChildElements/><ElementName>mimic</ElementName><required>false</required><JointNameAttribute z:Ref="i132"/><MultiplierAttribute z:Ref="i133"/><OffsetAttribute z:Ref="i134"/></URDFElement></ChildElements><ElementName>joint</ElementName><required>false</required><Axis z:Ref="i113"/><AxisName>_rot</AxisName><Calibration z:Ref="i120"/><Child z:Ref="i111"/><CoordinateSystemName>rot</CoordinateSystemName><Dynamics z:Ref="i123"/><Limit z:Ref="i115"/><Mimic z:Ref="i131"/><NameAttribute z:Ref="i104"/><Origin z:Ref="i106"/><Parent z:Ref="i109"/><Safety z:Ref="i126"/><TypeAttribute z:Ref="i105"/></URDFElement></ChildElements><ElementName>link</ElementName><required>true</required><Children><Link z:Id="i135"><Attributes><Attribute z:Id="i136"><AttributeType>name</AttributeType><IsRequired>true</IsRequired><Value i:type="a:string" xmlns:a="http://www.w3.org/2001/XMLSchema">l_Link</Value></Attribute></Attributes><ChildElements><URDFElement z:Id="i137" i:type="Inertial"><Attributes/><ChildElements><URDFElement z:Id="i138" i:type="Origin"><Attributes><Attribute z:Id="i139"><AttributeType>xyz</AttributeType><IsRequired>true</IsRequired><Value i:type="a:ArrayOfdouble" xmlns:a="http://schemas.microsoft.com/2003/10/Serialization/Arrays"><a:double>0</a:double><a:double>0</a:double><a:double>0</a:double></Value></Attribute><Attribute z:Id="i140"><AttributeType>rpy</AttributeType><IsRequired>true</IsRequired><Value i:type="a:ArrayOfdouble" xmlns:a="http://schemas.microsoft.com/2003/10/Serialization/Arrays"><a:double>0</a:double><a:double>0</a:double><a:double>0</a:double></Value></Attribute></Attributes><ChildElements/><ElementName>origin</ElementName><required>false</required><RPYAttribute z:Ref="i140"/><XYZAttribute z:Ref="i139"/><isCustomized>false</isCustomized></URDFElement><URDFElement z:Id="i141" i:type="Mass"><Attributes><Attribute z:Id="i142"><AttributeType>value</AttributeType><IsRequired>true</IsRequired><Value i:type="a:double" xmlns:a="http://www.w3.org/2001/XMLSchema">0</Value></Attribute></Attributes><ChildElements/><ElementName>mass</ElementName><required>false</required><ValueAttribute z:Ref="i142"/></URDFElement><URDFElement z:Id="i143" i:type="Inertia"><Attributes><Attribute z:Id="i144"><AttributeType>ixx</AttributeType><IsRequired>true</IsRequired><Value i:type="a:double" xmlns:a="http://www.w3.org/2001/XMLSchema">0</Value></Attribute><Attribute z:Id="i145"><AttributeType>ixy</AttributeType><IsRequired>true</IsRequired><Value i:type="a:double" xmlns:a="http://www.w3.org/2001/XMLSchema">0</Value></Attribute><Attribute z:Id="i146"><AttributeType>ixz</AttributeType><IsRequired>true</IsRequired><Value i:type="a:double" xmlns:a="http://www.w3.org/2001/XMLSchema">0</Value></Attribute><Attribute z:Id="i147"><AttributeType>iyy</AttributeType><IsRequired>true</IsRequired><Value i:type="a:double" xmlns:a="http://www.w3.org/2001/XMLSchema">0</Value></Attribute><Attribute z:Id="i148"><AttributeType>iyz</AttributeType><IsRequired>true</IsRequired><Value i:type="a:double" xmlns:a="http://www.w3.org/2001/XMLSchema">0</Value></Attribute><Attribute z:Id="i149"><AttributeType>izz</AttributeType><IsRequired>true</IsRequired><Value i:type="a:double" xmlns:a="http://www.w3.org/2001/XMLSchema">0</Value></Attribute></Attributes><ChildElements/><ElementName>inertia</ElementName><required>false</required><IxxAttribute z:Ref="i144"/><IxyAttribute z:Ref="i145"/><IxzAttribute z:Ref="i146"/><IyyAttribute z:Ref="i147"/><IyzAttribute z:Ref="i148"/><IzzAttribute z:Ref="i149"/></URDFElement></ChildElements><ElementName>inertial</ElementName><required>false</required><Inertia z:Ref="i143"/><Mass z:Ref="i141"/><Origin z:Ref="i138"/></URDFElement><URDFElement z:Id="i150" i:type="Visual"><Attributes/><ChildElements><URDFElement z:Id="i151" i:type="Origin"><Attributes><Attribute z:Id="i152"><AttributeType>xyz</AttributeType><IsRequired>true</IsRequired><Value i:type="a:ArrayOfdouble" xmlns:a="http://schemas.microsoft.com/2003/10/Serialization/Arrays"><a:double>0</a:double><a:double>0</a:double><a:double>0</a:double></Value></Attribute><Attribute z:Id="i153"><AttributeType>rpy</AttributeType><IsRequired>true</IsRequired><Value i:type="a:ArrayOfdouble" xmlns:a="http://schemas.microsoft.com/2003/10/Serialization/Arrays"><a:double>0</a:double><a:double>0</a:double><a:double>0</a:double></Value></Attribute></Attributes><ChildElements/><ElementName>origin</ElementName><required>false</required><RPYAttribute z:Ref="i153"/><XYZAttribute z:Ref="i152"/><isCustomized>false</isCustomized></URDFElement><URDFElement z:Id="i154" i:type="Geometry"><Attributes/><ChildElements><URDFElement z:Id="i155" i:type="Mesh"><Attributes><Attribute z:Id="i156"><AttributeType>filename</AttributeType><IsRequired>true</IsRequired><Value i:nil="true"/></Attribute></Attributes><ChildElements/><ElementName>mesh</ElementName><required>false</required><FilenameAttribute z:Ref="i156"/></URDFElement></ChildElements><ElementName>geometry</ElementName><required>true</required><Mesh z:Ref="i155"/></URDFElement><URDFElement z:Id="i157" i:type="Material"><Attributes><Attribute z:Id="i158"><AttributeType>name</AttributeType><IsRequired>true</IsRequired><Value i:type="a:string" xmlns:a="http://www.w3.org/2001/XMLSchema"/></Attribute></Attributes><ChildElements><URDFElement z:Id="i159" i:type="Color"><Attributes><Attribute z:Id="i160"><AttributeType>rgba</AttributeType><IsRequired>true</IsRequired><Value i:type="a:ArrayOfdouble" xmlns:a="http://schemas.microsoft.com/2003/10/Serialization/Arrays"><a:double>1</a:double><a:double>1</a:double><a:double>1</a:double><a:double>1</a:double></Value></Attribute></Attributes><ChildElements/><ElementName>color</ElementName><required>false</required><RGBAAttribute z:Ref="i160"/></URDFElement><URDFElement z:Id="i161" i:type="Texture"><Attributes><Attribute z:Id="i162"><AttributeType>filename</AttributeType><IsRequired>true</IsRequired><Value i:nil="true"/></Attribute></Attributes><ChildElements/><ElementName>texture</ElementName><required>false</required><FilenameAttribute z:Ref="i162"/><wFilename/></URDFElement></ChildElements><ElementName>material</ElementName><required>false</required><Color z:Ref="i159"/><NameAttribute z:Ref="i158"/><Texture z:Ref="i161"/></URDFElement></ChildElements><ElementName>visual</ElementName><required>false</required><Geometry z:Ref="i154"/><Material z:Ref="i157"/><Origin z:Ref="i151"/></URDFElement><URDFElement z:Id="i163" i:type="Collision"><Attributes/><ChildElements><URDFElement z:Id="i164" i:type="Origin"><Attributes><Attribute z:Id="i165"><AttributeType>xyz</AttributeType><IsRequired>true</IsRequired><Value i:type="a:ArrayOfdouble" xmlns:a="http://schemas.microsoft.com/2003/10/Serialization/Arrays"><a:double>0</a:double><a:double>0</a:double><a:double>0</a:double></Value></Attribute><Attribute z:Id="i166"><AttributeType>rpy</AttributeType><IsRequired>true</IsRequired><Value i:type="a:ArrayOfdouble" xmlns:a="http://schemas.microsoft.com/2003/10/Serialization/Arrays"><a:double>0</a:double><a:double>0</a:double><a:double>0</a:double></Value></Attribute></Attributes><ChildElements/><ElementName>origin</ElementName><required>false</required><RPYAttribute z:Ref="i166"/><XYZAttribute z:Ref="i165"/><isCustomized>false</isCustomized></URDFElement><URDFElement z:Id="i167" i:type="Geometry"><Attributes/><ChildElements><URDFElement z:Id="i168" i:type="Mesh"><Attributes><Attribute z:Id="i169"><AttributeType>filename</AttributeType><IsRequired>true</IsRequired><Value i:nil="true"/></Attribute></Attributes><ChildElements/><ElementName>mesh</ElementName><required>false</required><FilenameAttribute z:Ref="i169"/></URDFElement></ChildElements><ElementName>geometry</ElementName><required>true</required><Mesh z:Ref="i168"/></URDFElement></ChildElements><ElementName>collision</ElementName><required>false</required><Geometry z:Ref="i167"/><Origin z:Ref="i164"/></URDFElement><URDFElement z:Id="i170" i:type="Joint"><Attributes><Attribute z:Id="i171"><AttributeType>name</AttributeType><IsRequired>true</IsRequired><Value i:type="a:string" xmlns:a="http://www.w3.org/2001/XMLSchema">l_joint</Value></Attribute><Attribute z:Id="i172"><AttributeType>type</AttributeType><IsRequired>true</IsRequired><Value i:type="a:string" xmlns:a="http://www.w3.org/2001/XMLSchema">prismatic</Value></Attribute></Attributes><ChildElements><URDFElement z:Id="i173" i:type="Origin"><Attributes><Attribute z:Id="i174"><AttributeType>xyz</AttributeType><IsRequired>true</IsRequired><Value i:type="a:ArrayOfdouble" xmlns:a="http://schemas.microsoft.com/2003/10/Serialization/Arrays"><a:double>0</a:double><a:double>0</a:double><a:double>0</a:double></Value></Attribute><Attribute z:Id="i175"><AttributeType>rpy</AttributeType><IsRequired>true</IsRequired><Value i:type="a:ArrayOfdouble" xmlns:a="http://schemas.microsoft.com/2003/10/Serialization/Arrays"><a:double>0</a:double><a:double>0</a:double><a:double>0</a:double></Value></Attribute></Attributes><ChildElements/><ElementName>origin</ElementName><required>false</required><RPYAttribute z:Ref="i175"/><XYZAttribute z:Ref="i174"/><isCustomized>false</isCustomized></URDFElement><URDFElement z:Id="i176" i:type="ParentLink"><Attributes><Attribute z:Id="i177"><AttributeType>link</AttributeType><IsRequired>true</IsRequired><Value i:type="a:string" xmlns:a="http://www.w3.org/2001/XMLSchema"/></Attribute></Attributes><ChildElements/><ElementName>parent</ElementName><required>true</required><NameAttribute z:Ref="i177"/></URDFElement><URDFElement z:Id="i178" i:type="ChildLink"><Attributes><Attribute z:Id="i179"><AttributeType>link</AttributeType><IsRequired>true</IsRequired><Value i:type="a:string" xmlns:a="http://www.w3.org/2001/XMLSchema"/></Attribute></Attributes><ChildElements/><ElementName>child</ElementName><required>true</required><NameAttribute z:Ref="i179"/></URDFElement><URDFElement z:Id="i180" i:type="Axis"><Attributes><Attribute z:Id="i181"><AttributeType>xyz</AttributeType><IsRequired>true</IsRequired><Value i:type="a:ArrayOfdouble" xmlns:a="http://schemas.microsoft.com/2003/10/Serialization/Arrays"><a:double>0</a:double><a:double>0</a:double><a:double>0</a:double></Value></Attribute></Attributes><ChildElements/><ElementName>axis</ElementName><required>false</required><XYZAttribute z:Ref="i181"/></URDFElement><URDFElement z:Id="i182" i:type="Limit"><Attributes><Attribute z:Id="i183"><AttributeType>lower</AttributeType><IsRequired>true</IsRequired><Value i:nil="true"/></Attribute><Attribute z:Id="i184"><AttributeType>upper</AttributeType><IsRequired>true</IsRequired><Value i:nil="true"/></Attribute><Attribute z:Id="i185"><AttributeType>effort</AttributeType><IsRequired>true</IsRequired><Value i:nil="true"/></Attribute><Attribute z:Id="i186"><AttributeType>velocity</AttributeType><IsRequired>true</IsRequired><Value i:nil="true"/></Attribute></Attributes><ChildElements/><ElementName>limit</ElementName><required>true</required><EffortAttribute z:Ref="i185"/><LowerAttribute z:Ref="i183"/><UpperAttribute z:Ref="i184"/><VelocityAttribute z:Ref="i186"/></URDFElement><URDFElement z:Id="i187" i:type="Calibration"><Attributes><Attribute z:Id="i188"><AttributeType>rising</AttributeType><IsRequired>false</IsRequired><Value i:nil="true"/></Attribute><Attribute z:Id="i189"><AttributeType>falling</AttributeType><IsRequired>false</IsRequired><Value i:nil="true"/></Attribute></Attributes><ChildElements/><ElementName>calibration</ElementName><required>false</required><FallingAttribute z:Ref="i189"/><RisingAttribute z:Ref="i188"/></URDFElement><URDFElement z:Id="i190" i:type="Dynamics"><Attributes><Attribute z:Id="i191"><AttributeType>damping</AttributeType><IsRequired>false</IsRequired><Value i:nil="true"/></Attribute><Attribute z:Id="i192"><AttributeType>friction</AttributeType><IsRequired>false</IsRequired><Value i:nil="true"/></Attribute></Attributes><ChildElements/><ElementName>dynamics</ElementName><required>false</required><DampingAttribute z:Ref="i191"/><FrictionAttribute z:Ref="i192"/></URDFElement><URDFElement z:Id="i193" i:type="SafetyController"><Attributes><Attribute z:Id="i194"><AttributeType>soft_upper_limit</AttributeType><IsRequired>false</IsRequired><Value i:nil="true"/></Attribute><Attribute z:Id="i195"><AttributeType>soft_lower_limit</AttributeType><IsRequired>false</IsRequired><Value i:nil="true"/></Attribute><Attribute z:Id="i196"><AttributeType>k_position</AttributeType><IsRequired>false</IsRequired><Value i:nil="true"/></Attribute><Attribute z:Id="i197"><AttributeType>k_velocity</AttributeType><IsRequired>true</IsRequired><Value i:nil="true"/></Attribute></Attributes><ChildElements/><ElementName>safety_controller</ElementName><required>false</required><KPositionAttribute z:Ref="i196"/><KVelocityAttribute z:Ref="i197"/><SoftLowerAttribute z:Ref="i195"/><SoftUpperAttribute z:Ref="i194"/></URDFElement><URDFElement z:Id="i198" i:type="Mimic"><Attributes><Attribute z:Id="i199"><AttributeType>joint</AttributeType><IsRequired>true</IsRequired><Value i:nil="true"/></Attribute><Attribute z:Id="i200"><AttributeType>multiplier</AttributeType><IsRequired>false</IsRequired><Value i:nil="true"/></Attribute><Attribute z:Id="i201"><AttributeType>offset</AttributeType><IsRequired>false</IsRequired><Value i:nil="true"/></Attribute></Attributes><ChildElements/><ElementName>mimic</ElementName><required>false</required><JointNameAttribute z:Ref="i199"/><MultiplierAttribute z:Ref="i200"/><OffsetAttribute z:Ref="i201"/></URDFElement></ChildElements><ElementName>joint</ElementName><required>false</required><Axis z:Ref="i180"/><AxisName>_l</AxisName><Calibration z:Ref="i187"/><Child z:Ref="i178"/><CoordinateSystemName>l</CoordinateSystemName><Dynamics z:Ref="i190"/><Limit z:Ref="i182"/><Mimic z:Ref="i198"/><NameAttribute z:Ref="i171"/><Origin z:Ref="i173"/><Parent z:Ref="i176"/><Safety z:Ref="i193"/><TypeAttribute z:Ref="i172"/></URDFElement></ChildElements><ElementName>link</ElementName><required>true</required><Children><Link z:Id="i202"><Attributes><Attribute z:Id="i203"><AttributeType>name</AttributeType><IsRequired>true</IsRequired><Value i:type="a:string" xmlns:a="http://www.w3.org/2001/XMLSchema">l2_Link</Value></Attribute></Attributes><ChildElements><URDFElement z:Id="i204" i:type="Inertial"><Attributes/><ChildElements><URDFElement z:Id="i205" i:type="Origin"><Attributes><Attribute z:Id="i206"><AttributeType>xyz</AttributeType><IsRequired>true</IsRequired><Value i:type="a:ArrayOfdouble" xmlns:a="http://schemas.microsoft.com/2003/10/Serialization/Arrays"><a:double>0</a:double><a:double>0</a:double><a:double>0</a:double></Value></Attribute><Attribute z:Id="i207"><AttributeType>rpy</AttributeType><IsRequired>true</IsRequired><Value i:type="a:ArrayOfdouble" xmlns:a="http://schemas.microsoft.com/2003/10/Serialization/Arrays"><a:double>0</a:double><a:double>0</a:double><a:double>0</a:double></Value></Attribute></Attributes><ChildElements/><ElementName>origin</ElementName><required>false</required><RPYAttribute z:Ref="i207"/><XYZAttribute z:Ref="i206"/><isCustomized>false</isCustomized></URDFElement><URDFElement z:Id="i208" i:type="Mass"><Attributes><Attribute z:Id="i209"><AttributeType>value</AttributeType><IsRequired>true</IsRequired><Value i:type="a:double" xmlns:a="http://www.w3.org/2001/XMLSchema">0</Value></Attribute></Attributes><ChildElements/><ElementName>mass</ElementName><required>false</required><ValueAttribute z:Ref="i209"/></URDFElement><URDFElement z:Id="i210" i:type="Inertia"><Attributes><Attribute z:Id="i211"><AttributeType>ixx</AttributeType><IsRequired>true</IsRequired><Value i:type="a:double" xmlns:a="http://www.w3.org/2001/XMLSchema">0</Value></Attribute><Attribute z:Id="i212"><AttributeType>ixy</AttributeType><IsRequired>true</IsRequired><Value i:type="a:double" xmlns:a="http://www.w3.org/2001/XMLSchema">0</Value></Attribute><Attribute z:Id="i213"><AttributeType>ixz</AttributeType><IsRequired>true</IsRequired><Value i:type="a:double" xmlns:a="http://www.w3.org/2001/XMLSchema">0</Value></Attribute><Attribute z:Id="i214"><AttributeType>iyy</AttributeType><IsRequired>true</IsRequired><Value i:type="a:double" xmlns:a="http://www.w3.org/2001/XMLSchema">0</Value></Attribute><Attribute z:Id="i215"><AttributeType>iyz</AttributeType><IsRequired>true</IsRequired><Value i:type="a:double" xmlns:a="http://www.w3.org/2001/XMLSchema">0</Value></Attribute><Attribute z:Id="i216"><AttributeType>izz</AttributeType><IsRequired>true</IsRequired><Value i:type="a:double" xmlns:a="http://www.w3.org/2001/XMLSchema">0</Value></Attribute></Attributes><ChildElements/><ElementName>inertia</ElementName><required>false</required><IxxAttribute z:Ref="i211"/><IxyAttribute z:Ref="i212"/><IxzAttribute z:Ref="i213"/><IyyAttribute z:Ref="i214"/><IyzAttribute z:Ref="i215"/><IzzAttribute z:Ref="i216"/></URDFElement></ChildElements><ElementName>inertial</ElementName><required>false</required><Inertia z:Ref="i210"/><Mass z:Ref="i208"/><Origin z:Ref="i205"/></URDFElement><URDFElement z:Id="i217" i:type="Visual"><Attributes/><ChildElements><URDFElement z:Id="i218" i:type="Origin"><Attributes><Attribute z:Id="i219"><AttributeType>xyz</AttributeType><IsRequired>true</IsRequired><Value i:type="a:ArrayOfdouble" xmlns:a="http://schemas.microsoft.com/2003/10/Serialization/Arrays"><a:double>0</a:double><a:double>0</a:double><a:double>0</a:double></Value></Attribute><Attribute z:Id="i220"><AttributeType>rpy</AttributeType><IsRequired>true</IsRequired><Value i:type="a:ArrayOfdouble" xmlns:a="http://schemas.microsoft.com/2003/10/Serialization/Arrays"><a:double>0</a:double><a:double>0</a:double><a:double>0</a:double></Value></Attribute></Attributes><ChildElements/><ElementName>origin</ElementName><required>false</required><RPYAttribute z:Ref="i220"/><XYZAttribute z:Ref="i219"/><isCustomized>false</isCustomized></URDFElement><URDFElement z:Id="i221" i:type="Geometry"><Attributes/><ChildElements><URDFElement z:Id="i222" i:type="Mesh"><Attributes><Attribute z:Id="i223"><AttributeType>filename</AttributeType><IsRequired>true</IsRequired><Value i:nil="true"/></Attribute></Attributes><ChildElements/><ElementName>mesh</ElementName><required>false</required><FilenameAttribute z:Ref="i223"/></URDFElement></ChildElements><ElementName>geometry</ElementName><required>true</required><Mesh z:Ref="i222"/></URDFElement><URDFElement z:Id="i224" i:type="Material"><Attributes><Attribute z:Id="i225"><AttributeType>name</AttributeType><IsRequired>true</IsRequired><Value i:type="a:string" xmlns:a="http://www.w3.org/2001/XMLSchema"/></Attribute></Attributes><ChildElements><URDFElement z:Id="i226" i:type="Color"><Attributes><Attribute z:Id="i227"><AttributeType>rgba</AttributeType><IsRequired>true</IsRequired><Value i:type="a:ArrayOfdouble" xmlns:a="http://schemas.microsoft.com/2003/10/Serialization/Arrays"><a:double>1</a:double><a:double>1</a:double><a:double>1</a:double><a:double>1</a:double></Value></Attribute></Attributes><ChildElements/><ElementName>color</ElementName><required>false</required><RGBAAttribute z:Ref="i227"/></URDFElement><URDFElement z:Id="i228" i:type="Texture"><Attributes><Attribute z:Id="i229"><AttributeType>filename</AttributeType><IsRequired>true</IsRequired><Value i:nil="true"/></Attribute></Attributes><ChildElements/><ElementName>texture</ElementName><required>false</required><FilenameAttribute z:Ref="i229"/><wFilename/></URDFElement></ChildElements><ElementName>material</ElementName><required>false</required><Color z:Ref="i226"/><NameAttribute z:Ref="i225"/><Texture z:Ref="i228"/></URDFElement></ChildElements><ElementName>visual</ElementName><required>false</required><Geometry z:Ref="i221"/><Material z:Ref="i224"/><Origin z:Ref="i218"/></URDFElement><URDFElement z:Id="i230" i:type="Collision"><Attributes/><ChildElements><URDFElement z:Id="i231" i:type="Origin"><Attributes><Attribute z:Id="i232"><AttributeType>xyz</AttributeType><IsRequired>true</IsRequired><Value i:type="a:ArrayOfdouble" xmlns:a="http://schemas.microsoft.com/2003/10/Serialization/Arrays"><a:double>0</a:double><a:double>0</a:double><a:double>0</a:double></Value></Attribute><Attribute z:Id="i233"><AttributeType>rpy</AttributeType><IsRequired>true</IsRequired><Value i:type="a:ArrayOfdouble" xmlns:a="http://schemas.microsoft.com/2003/10/Serialization/Arrays"><a:double>0</a:double><a:double>0</a:double><a:double>0</a:double></Value></Attribute></Attributes><ChildElements/><ElementName>origin</ElementName><required>false</required><RPYAttribute z:Ref="i233"/><XYZAttribute z:Ref="i232"/><isCustomized>false</isCustomized></URDFElement><URDFElement z:Id="i234" i:type="Geometry"><Attributes/><ChildElements><URDFElement z:Id="i235" i:type="Mesh"><Attributes><Attribute z:Id="i236"><AttributeType>filename</AttributeType><IsRequired>true</IsRequired><Value i:nil="true"/></Attribute></Attributes><ChildElements/><ElementName>mesh</ElementName><required>false</required><FilenameAttribute z:Ref="i236"/></URDFElement></ChildElements><ElementName>geometry</ElementName><required>true</required><Mesh z:Ref="i235"/></URDFElement></ChildElements><ElementName>collision</ElementName><required>false</required><Geometry z:Ref="i234"/><Origin z:Ref="i231"/></URDFElement><URDFElement z:Id="i237" i:type="Joint"><Attributes><Attribute z:Id="i238"><AttributeType>name</AttributeType><IsRequired>true</IsRequired><Value i:type="a:string" xmlns:a="http://www.w3.org/2001/XMLSchema">l2_joint</Value></Attribute><Attribute z:Id="i239"><AttributeType>type</AttributeType><IsRequired>true</IsRequired><Value i:type="a:string" xmlns:a="http://www.w3.org/2001/XMLSchema">prismatic</Value></Attribute></Attributes><ChildElements><URDFElement z:Id="i240" i:type="Origin"><Attributes><Attribute z:Id="i241"><AttributeType>xyz</AttributeType><IsRequired>true</IsRequired><Value i:type="a:ArrayOfdouble" xmlns:a="http://schemas.microsoft.com/2003/10/Serialization/Arrays"><a:double>0</a:double><a:double>0</a:double><a:double>0</a:double></Value></Attribute><Attribute z:Id="i242"><AttributeType>rpy</AttributeType><IsRequired>true</IsRequired><Value i:type="a:ArrayOfdouble" xmlns:a="http://schemas.microsoft.com/2003/10/Serialization/Arrays"><a:double>0</a:double><a:double>0</a:double><a:double>0</a:double></Value></Attribute></Attributes><ChildElements/><ElementName>origin</ElementName><required>false</required><RPYAttribute z:Ref="i242"/><XYZAttribute z:Ref="i241"/><isCustomized>false</isCustomized></URDFElement><URDFElement z:Id="i243" i:type="ParentLink"><Attributes><Attribute z:Id="i244"><AttributeType>link</AttributeType><IsRequired>true</IsRequired><Value i:type="a:string" xmlns:a="http://www.w3.org/2001/XMLSchema"/></Attribute></Attributes><ChildElements/><ElementName>parent</ElementName><required>true</required><NameAttribute z:Ref="i244"/></URDFElement><URDFElement z:Id="i245" i:type="ChildLink"><Attributes><Attribute z:Id="i246"><AttributeType>link</AttributeType><IsRequired>true</IsRequired><Value i:type="a:string" xmlns:a="http://www.w3.org/2001/XMLSchema"/></Attribute></Attributes><ChildElements/><ElementName>child</ElementName><required>true</required><NameAttribute z:Ref="i246"/></URDFElement><URDFElement z:Id="i247" i:type="Axis"><Attributes><Attribute z:Id="i248"><AttributeType>xyz</AttributeType><IsRequired>true</IsRequired><Value i:type="a:ArrayOfdouble" xmlns:a="http://schemas.microsoft.com/2003/10/Serialization/Arrays"><a:double>0</a:double><a:double>0</a:double><a:double>0</a:double></Value></Attribute></Attributes><ChildElements/><ElementName>axis</ElementName><required>false</required><XYZAttribute z:Ref="i248"/></URDFElement><URDFElement z:Id="i249" i:type="Limit"><Attributes><Attribute z:Id="i250"><AttributeType>lower</AttributeType><IsRequired>false</IsRequired><Value i:nil="true"/></Attribute><Attribute z:Id="i251"><AttributeType>upper</AttributeType><IsRequired>false</IsRequired><Value i:nil="true"/></Attribute><Attribute z:Id="i252"><AttributeType>effort</AttributeType><IsRequired>true</IsRequired><Value i:nil="true"/></Attribute><Attribute z:Id="i253"><AttributeType>velocity</AttributeType><IsRequired>true</IsRequired><Value i:nil="true"/></Attribute></Attributes><ChildElements/><ElementName>limit</ElementName><required>false</required><EffortAttribute z:Ref="i252"/><LowerAttribute z:Ref="i250"/><UpperAttribute z:Ref="i251"/><VelocityAttribute z:Ref="i253"/></URDFElement><URDFElement z:Id="i254" i:type="Calibration"><Attributes><Attribute z:Id="i255"><AttributeType>rising</AttributeType><IsRequired>false</IsRequired><Value i:nil="true"/></Attribute><Attribute z:Id="i256"><AttributeType>falling</AttributeType><IsRequired>false</IsRequired><Value i:nil="true"/></Attribute></Attributes><ChildElements/><ElementName>calibration</ElementName><required>false</required><FallingAttribute z:Ref="i256"/><RisingAttribute z:Ref="i255"/></URDFElement><URDFElement z:Id="i257" i:type="Dynamics"><Attributes><Attribute z:Id="i258"><AttributeType>damping</AttributeType><IsRequired>false</IsRequired><Value i:nil="true"/></Attribute><Attribute z:Id="i259"><AttributeType>friction</AttributeType><IsRequired>false</IsRequired><Value i:nil="true"/></Attribute></Attributes><ChildElements/><ElementName>dynamics</ElementName><required>false</required><DampingAttribute z:Ref="i258"/><FrictionAttribute z:Ref="i259"/></URDFElement><URDFElement z:Id="i260" i:type="SafetyController"><Attributes><Attribute z:Id="i261"><AttributeType>soft_upper_limit</AttributeType><IsRequired>false</IsRequired><Value i:nil="true"/></Attribute><Attribute z:Id="i262"><AttributeType>soft_lower_limit</AttributeType><IsRequired>false</IsRequired><Value i:nil="true"/></Attribute><Attribute z:Id="i263"><AttributeType>k_position</AttributeType><IsRequired>false</IsRequired><Value i:nil="true"/></Attribute><Attribute z:Id="i264"><AttributeType>k_velocity</AttributeType><IsRequired>true</IsRequired><Value i:nil="true"/></Attribute></Attributes><ChildElements/><ElementName>safety_controller</ElementName><required>false</required><KPositionAttribute z:Ref="i263"/><KVelocityAttribute z:Ref="i264"/><SoftLowerAttribute z:Ref="i262"/><SoftUpperAttribute z:Ref="i261"/></URDFElement><URDFElement z:Id="i265" i:type="Mimic"><Attributes><Attribute z:Id="i266"><AttributeType>joint</AttributeType><IsRequired>true</IsRequired><Value i:nil="true"/></Attribute><Attribute z:Id="i267"><AttributeType>multiplier</AttributeType><IsRequired>false</IsRequired><Value i:nil="true"/></Attribute><Attribute z:Id="i268"><AttributeType>offset</AttributeType><IsRequired>false</IsRequired><Value i:nil="true"/></Attribute></Attributes><ChildElements/><ElementName>mimic</ElementName><required>false</required><JointNameAttribute z:Ref="i266"/><MultiplierAttribute z:Ref="i267"/><OffsetAttribute z:Ref="i268"/></URDFElement></ChildElements><ElementName>joint</ElementName><required>false</required><Axis z:Ref="i247"/><AxisName>_l2</AxisName><Calibration z:Ref="i254"/><Child z:Ref="i245"/><CoordinateSystemName>l2</CoordinateSystemName><Dynamics z:Ref="i257"/><Limit z:Ref="i249"/><Mimic z:Ref="i265"/><NameAttribute z:Ref="i238"/><Origin z:Ref="i240"/><Parent z:Ref="i243"/><Safety z:Ref="i260"/><TypeAttribute z:Ref="i239"/></URDFElement></ChildElements><ElementName>link</ElementName><required>true</required><Children/><Collision z:Ref="i230"/><Inertial z:Ref="i204"/><Joint z:Ref="i237"/><NameAttribute z:Ref="i203"/><Parent z:Ref="i135"/><STLQualityFine>false</STLQualityFine><SWComponentPIDs xmlns:a="http://schemas.microsoft.com/2003/10/Serialization/Arrays"><a:base64Binary>aEIAAAUAAAD//v9MUwAwADUAMAA2AC0AUwAyADIAMAAwADgAMQA3AC0ANgAwAC0AMAAxADAAMAAtAEEALQBYADEALQAxAEAAxYhNkVNPOABeAOdi1naTYktiLwBVAFkANgAtADQAMAAtADEAQABTADAANQAwADYALQBTADIAMgAwADAAOAAxADcALQA2ADAALQAwADEAMAAwAC0AQQAtAFgAMQAEAAAAEAAAAAEAAAACAAAAHAAAAB0AAAA=</a:base64Binary><a:base64Binary>aEIAAAUAAAD//v9NUwAwADUAMAA2AC0AUwAyADIAMAAwADgAMQA3AC0ANgAwAC0AMAAxADAAMAAtAEEALQBYADEALQAxAEAAxYhNkVNPOABeAOdi1naTYktiLwBNAFMAQgA2AC0AMwA1AC0AMQBAAFMAMAA1ADAANgAtAFMAMgAyADAAMAA4ADEANwAtADYAMAAtADAAMQAwADAALQBBAC0AWAAxAAQAAAAQAAAAAQAAAAIAAAAcAAAAIQAAAA==</a:base64Binary><a:base64Binary>aEIAAAUAAAD//v9MUwAwADUAMAA2AC0AUwAyADIAMAAwADgAMQA3AC0ANgAwAC0AMAAxADAAMAAtAEEALQBYADEALQAxAEAAxYhNkVNPOABeAOdi1naTYktiLwBVAFkANgAtADQAMAAtADIAQABTADAANQAwADYALQBTADIAMgAwADAAOAAxADcALQA2ADAALQAwADEAMAAwAC0AQQAtAFgAMQAEAAAAEAAAAAEAAAACAAAAHAAAAB4AAAA=</a:base64Binary><a:base64Binary>aEIAAAUAAAD//v9cUwAwADUAMAA2AC0AUwAyADIAMAAwADgAMQA3AC0ANgAwAC0AMAAxADAAMAAtAEEALQBYADEALQAxAEAAxYhNkVNPOABeAOdi1naTYktiLwBYAFkAMgA2ADAAMwAwADQALQAyAEEALgAwADIALQAwADQAIADLZdZ2OVkqci0AMQBAAFMAMAA1ADAANgAtAFMAMgAyADAAMAA4ADEANwAtADYAMAAtADAAMQAwADAALQBBAC0AWAAxAAQAAAAQAAAAAQAAAAIAAAAcAAAAIwAAAA==</a:base64Binary><a:base64Binary>aEIAAAUAAAD//v+YUwAwADUAMAA2AC0AUwAyADIAMAAwADgAMQA3AC0ANgAwAC0AMAAxADAAMAAtAEEALQBYADEALQAxAEAAxYhNkVNPOABeAOdi1naTYktiLwBNAEcATgA5AEMAMQBSADcAMABFADUAWgAwAEMAKADYnqSLLQBfAGYAbABlAHgAaQBiAGwAZQAxACkALQAxAEAAUwAwADUAMAA2AC0AUwAyADIAMAAwADgAMQA3AC0ANgAwAC0AMAAxADAAMAAtAEEALQBYADEALwBTADAANQAwADYALQBNAEcATgA5AEMALQDRbldXLQBTADAAOAAyADEALQAxAEAATQBHAE4AOQBDADEAUgA3ADAARQA1AFoAMABDACgA2J6kiy0AXwBmAGwAZQB4AGkAYgBsAGUAMQApAAQAAAAQAAAAAQAAAAMAAAAcAAAAHAAAAB0AAAA=</a:base64Binary></SWComponentPIDs><SWMainComponentPID i:nil="true"/><Visual z:Ref="i217"/><isFixedFrame>false</isFixedFrame><isIncomplete>false</isIncomplete></Link></Children><Collision z:Ref="i163"/><Inertial z:Ref="i137"/><Joint z:Ref="i170"/><NameAttribute z:Ref="i136"/><Parent z:Ref="i68"/><STLQualityFine>false</STLQualityFine><SWComponentPIDs xmlns:a="http://schemas.microsoft.com/2003/10/Serialization/Arrays"><a:base64Binary>aEIAAAUAAAD//v9fUwAwADUAMAA2AC0AUwAyADIAMAAwADgAMQA3AC0ANgAwAC0AMAAxADAAMAAtAEEALQBYADEALQAxAEAAxYhNkVNPOABeAOdi1naTYktiLwBYAFkAMgA2ADAAMwAwADQALQAyAEEALgAwADIALQAwADMAIADLZWyPOVkqct6PpWP2Ti0AMQBAAFMAMAA1ADAANgAtAFMAMgAyADAAMAA4ADEANwAtADYAMAAtADAAMQAwADAALQBBAC0AWAAxAAQAAAAQAAAAAQAAAAIAAAAcAAAAIgAAAA==</a:base64Binary><a:base64Binary>aEIAAAUAAAD//v9eUwAwADUAMAA2AC0AUwAyADIAMAAwADgAMQA3AC0ANgAwAC0AMAAxADAAMAAtAEEALQBYADEALQAxAEAAxYhNkVNPOABeAOdi1naTYktiLwBYAFkAMgA2ADAAMwAwADQALQAyAEEALgAwADIALQAwADUAIAAgANFuaI+JW8WIf2ctADEAQABTADAANQAwADYALQBTADIAMgAwADAAOAAxADcALQA2ADAALQAwADEAMAAwAC0AQQAtAFgAMQAEAAAAEAAAAAEAAAACAAAAHAAAACQAAAA=</a:base64Binary><a:base64Binary>aEIAAAUAAAD//v+VUwAwADUAMAA2AC0AUwAyADIAMAAwADgAMQA3AC0ANgAwAC0AMAAxADAAMAAtAEEALQBYADEALQAxAEAAxYhNkVNPOABeAOdi1naTYktiLwBNAEcATgA5AEMAMQBSADcAMABFADUAWgAwAEMAKADYnqSLLQBfAGYAbABlAHgAaQBiAGwAZQAxACkALQAxAEAAUwAwADUAMAA2AC0AUwAyADIAMAAwADgAMQA3AC0ANgAwAC0AMAAxADAAMAAtAEEALQBYADEALwBTADAANQAwADYALQBNAEcATgA5AEMALQDRbmiPLQA1ADAALQAxAEAATQBHAE4AOQBDADEAUgA3ADAARQA1AFoAMABDACgA2J6kiy0AXwBmAGwAZQB4AGkAYgBsAGUAMQApAAQAAAAQAAAAAQAAAAMAAAAcAAAAHAAAABwAAAA=</a:base64Binary><a:base64Binary>aEIAAAUAAAD//v/IUgBHAEkAQwAtADEAMAAwAC0AMwA1AC0ATwAtAFMAXwCAexNmIWqLV18AMgAwADIANQAwADEAMAA4AC0AMQBAAMWITZFTTzgAXgDnYtZ2k2JLYi8AUgBHAEkAQwAtADEAMAAwAC0AMwA1AC0ATwAtAFMAXwCAexNmIWqLV18AMgAwADIANQAwADEAMAA4AC4AUwBUAEUAUAAtADEAQABSAEcASQBDAC0AMQAwADAALQAzADUALQBPAC0AUwBfAIB7E2YhaotXXwAyADAAMgA1ADAAMQAwADgALwBfAF8AXwBfACAAXwBfAF8AXwBfAF8AXwBfAF8AUgBHAEkAQwAtADEAMAAwAC0AMwA1AC0ATwAtAFMAXwBfAF8AXwBfAF8AXwBfAF8AXwAyADAAMgA1ADAAMQAwADgALQAwAC4AUwBUAEUAUAAtADIAQABSAEcASQBDAC0AMQAwADAALQAzADUALQBPAC0AUwBfAIB7E2YhaotXXwAyADAAMgA1ADAAMQAwADgALgBTAFQARQBQAAQAAAAQAAAAAQAAAAMAAAAgAAAAHAAAAB8AAAA=</a:base64Binary><a:base64Binary>aEIAAAUAAAD//v9dUwAwADUAMAA2AC0AUwAyADIAMAAwADgAMQA3AC0ANgAwAC0AMAAxADAAMAAtAEEALQBYADEALQAxAEAAxYhNkVNPOABeAOdi1naTYktiLwBTADAANQAwADYALQDGAzMAIAAAlYmUKABfAMYDMwAtADEAMAAgACAAAJWJlCkALQAyAEAAUwAwADUAMAA2AC0AUwAyADIAMAAwADgAMQA3AC0ANgAwAC0AMAAxADAAMAAtAEEALQBYADEABAAAABAAAAABAAAAAgAAABwAAAAgAAAA</a:base64Binary><a:base64Binary>aEIAAAUAAAD//v9dUwAwADUAMAA2AC0AUwAyADIAMAAwADgAMQA3AC0ANgAwAC0AMAAxADAAMAAtAEEALQBYADEALQAxAEAAxYhNkVNPOABeAOdi1naTYktiLwBTADAANQAwADYALQDGAzMAIAAAlYmUKABfAMYDMwAtADEAMAAgACAAAJWJlCkALQAxAEAAUwAwADUAMAA2AC0AUwAyADIAMAAwADgAMQA3AC0ANgAwAC0AMAAxADAAMAAtAEEALQBYADEABAAAABAAAAABAAAAAgAAABwAAAAfAAAA</a:base64Binary></SWComponentPIDs><SWMainComponentPID i:nil="true"/><Visual z:Ref="i150"/><isFixedFrame>false</isFixedFrame><isIncomplete>false</isIncomplete></Link><Link z:Id="i269"><Attributes><Attribute z:Id="i270"><AttributeType>name</AttributeType><IsRequired>true</IsRequired><Value i:type="a:string" xmlns:a="http://www.w3.org/2001/XMLSchema">r_Link</Value></Attribute></Attributes><ChildElements><URDFElement z:Id="i271" i:type="Inertial"><Attributes/><ChildElements><URDFElement z:Id="i272" i:type="Origin"><Attributes><Attribute z:Id="i273"><AttributeType>xyz</AttributeType><IsRequired>true</IsRequired><Value i:type="a:ArrayOfdouble" xmlns:a="http://schemas.microsoft.com/2003/10/Serialization/Arrays"><a:double>0</a:double><a:double>0</a:double><a:double>0</a:double></Value></Attribute><Attribute z:Id="i274"><AttributeType>rpy</AttributeType><IsRequired>true</IsRequired><Value i:type="a:ArrayOfdouble" xmlns:a="http://schemas.microsoft.com/2003/10/Serialization/Arrays"><a:double>0</a:double><a:double>0</a:double><a:double>0</a:double></Value></Attribute></Attributes><ChildElements/><ElementName>origin</ElementName><required>false</required><RPYAttribute z:Ref="i274"/><XYZAttribute z:Ref="i273"/><isCustomized>false</isCustomized></URDFElement><URDFElement z:Id="i275" i:type="Mass"><Attributes><Attribute z:Id="i276"><AttributeType>value</AttributeType><IsRequired>true</IsRequired><Value i:type="a:double" xmlns:a="http://www.w3.org/2001/XMLSchema">0</Value></Attribute></Attributes><ChildElements/><ElementName>mass</ElementName><required>false</required><ValueAttribute z:Ref="i276"/></URDFElement><URDFElement z:Id="i277" i:type="Inertia"><Attributes><Attribute z:Id="i278"><AttributeType>ixx</AttributeType><IsRequired>true</IsRequired><Value i:type="a:double" xmlns:a="http://www.w3.org/2001/XMLSchema">0</Value></Attribute><Attribute z:Id="i279"><AttributeType>ixy</AttributeType><IsRequired>true</IsRequired><Value i:type="a:double" xmlns:a="http://www.w3.org/2001/XMLSchema">0</Value></Attribute><Attribute z:Id="i280"><AttributeType>ixz</AttributeType><IsRequired>true</IsRequired><Value i:type="a:double" xmlns:a="http://www.w3.org/2001/XMLSchema">0</Value></Attribute><Attribute z:Id="i281"><AttributeType>iyy</AttributeType><IsRequired>true</IsRequired><Value i:type="a:double" xmlns:a="http://www.w3.org/2001/XMLSchema">0</Value></Attribute><Attribute z:Id="i282"><AttributeType>iyz</AttributeType><IsRequired>true</IsRequired><Value i:type="a:double" xmlns:a="http://www.w3.org/2001/XMLSchema">0</Value></Attribute><Attribute z:Id="i283"><AttributeType>izz</AttributeType><IsRequired>true</IsRequired><Value i:type="a:double" xmlns:a="http://www.w3.org/2001/XMLSchema">0</Value></Attribute></Attributes><ChildElements/><ElementName>inertia</ElementName><required>false</required><IxxAttribute z:Ref="i278"/><IxyAttribute z:Ref="i279"/><IxzAttribute z:Ref="i280"/><IyyAttribute z:Ref="i281"/><IyzAttribute z:Ref="i282"/><IzzAttribute z:Ref="i283"/></URDFElement></ChildElements><ElementName>inertial</ElementName><required>false</required><Inertia z:Ref="i277"/><Mass z:Ref="i275"/><Origin z:Ref="i272"/></URDFElement><URDFElement z:Id="i284" i:type="Visual"><Attributes/><ChildElements><URDFElement z:Id="i285" i:type="Origin"><Attributes><Attribute z:Id="i286"><AttributeType>xyz</AttributeType><IsRequired>true</IsRequired><Value i:type="a:ArrayOfdouble" xmlns:a="http://schemas.microsoft.com/2003/10/Serialization/Arrays"><a:double>0</a:double><a:double>0</a:double><a:double>0</a:double></Value></Attribute><Attribute z:Id="i287"><AttributeType>rpy</AttributeType><IsRequired>true</IsRequired><Value i:type="a:ArrayOfdouble" xmlns:a="http://schemas.microsoft.com/2003/10/Serialization/Arrays"><a:double>0</a:double><a:double>0</a:double><a:double>0</a:double></Value></Attribute></Attributes><ChildElements/><ElementName>origin</ElementName><required>false</required><RPYAttribute z:Ref="i287"/><XYZAttribute z:Ref="i286"/><isCustomized>false</isCustomized></URDFElement><URDFElement z:Id="i288" i:type="Geometry"><Attributes/><ChildElements><URDFElement z:Id="i289" i:type="Mesh"><Attributes><Attribute z:Id="i290"><AttributeType>filename</AttributeType><IsRequired>true</IsRequired><Value i:nil="true"/></Attribute></Attributes><ChildElements/><ElementName>mesh</ElementName><required>false</required><FilenameAttribute z:Ref="i290"/></URDFElement></ChildElements><ElementName>geometry</ElementName><required>true</required><Mesh z:Ref="i289"/></URDFElement><URDFElement z:Id="i291" i:type="Material"><Attributes><Attribute z:Id="i292"><AttributeType>name</AttributeType><IsRequired>true</IsRequired><Value i:type="a:string" xmlns:a="http://www.w3.org/2001/XMLSchema"/></Attribute></Attributes><ChildElements><URDFElement z:Id="i293" i:type="Color"><Attributes><Attribute z:Id="i294"><AttributeType>rgba</AttributeType><IsRequired>true</IsRequired><Value i:type="a:ArrayOfdouble" xmlns:a="http://schemas.microsoft.com/2003/10/Serialization/Arrays"><a:double>1</a:double><a:double>1</a:double><a:double>1</a:double><a:double>1</a:double></Value></Attribute></Attributes><ChildElements/><ElementName>color</ElementName><required>false</required><RGBAAttribute z:Ref="i294"/></URDFElement><URDFElement z:Id="i295" i:type="Texture"><Attributes><Attribute z:Id="i296"><AttributeType>filename</AttributeType><IsRequired>true</IsRequired><Value i:nil="true"/></Attribute></Attributes><ChildElements/><ElementName>texture</ElementName><required>false</required><FilenameAttribute z:Ref="i296"/><wFilename/></URDFElement></ChildElements><ElementName>material</ElementName><required>false</required><Color z:Ref="i293"/><NameAttribute z:Ref="i292"/><Texture z:Ref="i295"/></URDFElement></ChildElements><ElementName>visual</ElementName><required>false</required><Geometry z:Ref="i288"/><Material z:Ref="i291"/><Origin z:Ref="i285"/></URDFElement><URDFElement z:Id="i297" i:type="Collision"><Attributes/><ChildElements><URDFElement z:Id="i298" i:type="Origin"><Attributes><Attribute z:Id="i299"><AttributeType>xyz</AttributeType><IsRequired>true</IsRequired><Value i:type="a:ArrayOfdouble" xmlns:a="http://schemas.microsoft.com/2003/10/Serialization/Arrays"><a:double>0</a:double><a:double>0</a:double><a:double>0</a:double></Value></Attribute><Attribute z:Id="i300"><AttributeType>rpy</AttributeType><IsRequired>true</IsRequired><Value i:type="a:ArrayOfdouble" xmlns:a="http://schemas.microsoft.com/2003/10/Serialization/Arrays"><a:double>0</a:double><a:double>0</a:double><a:double>0</a:double></Value></Attribute></Attributes><ChildElements/><ElementName>origin</ElementName><required>false</required><RPYAttribute z:Ref="i300"/><XYZAttribute z:Ref="i299"/><isCustomized>false</isCustomized></URDFElement><URDFElement z:Id="i301" i:type="Geometry"><Attributes/><ChildElements><URDFElement z:Id="i302" i:type="Mesh"><Attributes><Attribute z:Id="i303"><AttributeType>filename</AttributeType><IsRequired>true</IsRequired><Value i:nil="true"/></Attribute></Attributes><ChildElements/><ElementName>mesh</ElementName><required>false</required><FilenameAttribute z:Ref="i303"/></URDFElement></ChildElements><ElementName>geometry</ElementName><required>true</required><Mesh z:Ref="i302"/></URDFElement></ChildElements><ElementName>collision</ElementName><required>false</required><Geometry z:Ref="i301"/><Origin z:Ref="i298"/></URDFElement><URDFElement z:Id="i304" i:type="Joint"><Attributes><Attribute z:Id="i305"><AttributeType>name</AttributeType><IsRequired>true</IsRequired><Value i:type="a:string" xmlns:a="http://www.w3.org/2001/XMLSchema">r_joint</Value></Attribute><Attribute z:Id="i306"><AttributeType>type</AttributeType><IsRequired>true</IsRequired><Value i:type="a:string" xmlns:a="http://www.w3.org/2001/XMLSchema">prismatic</Value></Attribute></Attributes><ChildElements><URDFElement z:Id="i307" i:type="Origin"><Attributes><Attribute z:Id="i308"><AttributeType>xyz</AttributeType><IsRequired>true</IsRequired><Value i:type="a:ArrayOfdouble" xmlns:a="http://schemas.microsoft.com/2003/10/Serialization/Arrays"><a:double>0</a:double><a:double>0</a:double><a:double>0</a:double></Value></Attribute><Attribute z:Id="i309"><AttributeType>rpy</AttributeType><IsRequired>true</IsRequired><Value i:type="a:ArrayOfdouble" xmlns:a="http://schemas.microsoft.com/2003/10/Serialization/Arrays"><a:double>0</a:double><a:double>0</a:double><a:double>0</a:double></Value></Attribute></Attributes><ChildElements/><ElementName>origin</ElementName><required>false</required><RPYAttribute z:Ref="i309"/><XYZAttribute z:Ref="i308"/><isCustomized>false</isCustomized></URDFElement><URDFElement z:Id="i310" i:type="ParentLink"><Attributes><Attribute z:Id="i311"><AttributeType>link</AttributeType><IsRequired>true</IsRequired><Value i:type="a:string" xmlns:a="http://www.w3.org/2001/XMLSchema"/></Attribute></Attributes><ChildElements/><ElementName>parent</ElementName><required>true</required><NameAttribute z:Ref="i311"/></URDFElement><URDFElement z:Id="i312" i:type="ChildLink"><Attributes><Attribute z:Id="i313"><AttributeType>link</AttributeType><IsRequired>true</IsRequired><Value i:type="a:string" xmlns:a="http://www.w3.org/2001/XMLSchema"/></Attribute></Attributes><ChildElements/><ElementName>child</ElementName><required>true</required><NameAttribute z:Ref="i313"/></URDFElement><URDFElement z:Id="i314" i:type="Axis"><Attributes><Attribute z:Id="i315"><AttributeType>xyz</AttributeType><IsRequired>true</IsRequired><Value i:type="a:ArrayOfdouble" xmlns:a="http://schemas.microsoft.com/2003/10/Serialization/Arrays"><a:double>0</a:double><a:double>0</a:double><a:double>0</a:double></Value></Attribute></Attributes><ChildElements/><ElementName>axis</ElementName><required>false</required><XYZAttribute z:Ref="i315"/></URDFElement><URDFElement z:Id="i316" i:type="Limit"><Attributes><Attribute z:Id="i317"><AttributeType>lower</AttributeType><IsRequired>false</IsRequired><Value i:nil="true"/></Attribute><Attribute z:Id="i318"><AttributeType>upper</AttributeType><IsRequired>false</IsRequired><Value i:nil="true"/></Attribute><Attribute z:Id="i319"><AttributeType>effort</AttributeType><IsRequired>true</IsRequired><Value i:nil="true"/></Attribute><Attribute z:Id="i320"><AttributeType>velocity</AttributeType><IsRequired>true</IsRequired><Value i:nil="true"/></Attribute></Attributes><ChildElements/><ElementName>limit</ElementName><required>false</required><EffortAttribute z:Ref="i319"/><LowerAttribute z:Ref="i317"/><UpperAttribute z:Ref="i318"/><VelocityAttribute z:Ref="i320"/></URDFElement><URDFElement z:Id="i321" i:type="Calibration"><Attributes><Attribute z:Id="i322"><AttributeType>rising</AttributeType><IsRequired>false</IsRequired><Value i:nil="true"/></Attribute><Attribute z:Id="i323"><AttributeType>falling</AttributeType><IsRequired>false</IsRequired><Value i:nil="true"/></Attribute></Attributes><ChildElements/><ElementName>calibration</ElementName><required>false</required><FallingAttribute z:Ref="i323"/><RisingAttribute z:Ref="i322"/></URDFElement><URDFElement z:Id="i324" i:type="Dynamics"><Attributes><Attribute z:Id="i325"><AttributeType>damping</AttributeType><IsRequired>false</IsRequired><Value i:nil="true"/></Attribute><Attribute z:Id="i326"><AttributeType>friction</AttributeType><IsRequired>false</IsRequired><Value i:nil="true"/></Attribute></Attributes><ChildElements/><ElementName>dynamics</ElementName><required>false</required><DampingAttribute z:Ref="i325"/><FrictionAttribute z:Ref="i326"/></URDFElement><URDFElement z:Id="i327" i:type="SafetyController"><Attributes><Attribute z:Id="i328"><AttributeType>soft_upper_limit</AttributeType><IsRequired>false</IsRequired><Value i:nil="true"/></Attribute><Attribute z:Id="i329"><AttributeType>soft_lower_limit</AttributeType><IsRequired>false</IsRequired><Value i:nil="true"/></Attribute><Attribute z:Id="i330"><AttributeType>k_position</AttributeType><IsRequired>false</IsRequired><Value i:nil="true"/></Attribute><Attribute z:Id="i331"><AttributeType>k_velocity</AttributeType><IsRequired>true</IsRequired><Value i:nil="true"/></Attribute></Attributes><ChildElements/><ElementName>safety_controller</ElementName><required>false</required><KPositionAttribute z:Ref="i330"/><KVelocityAttribute z:Ref="i331"/><SoftLowerAttribute z:Ref="i329"/><SoftUpperAttribute z:Ref="i328"/></URDFElement><URDFElement z:Id="i332" i:type="Mimic"><Attributes><Attribute z:Id="i333"><AttributeType>joint</AttributeType><IsRequired>true</IsRequired><Value i:nil="true"/></Attribute><Attribute z:Id="i334"><AttributeType>multiplier</AttributeType><IsRequired>false</IsRequired><Value i:nil="true"/></Attribute><Attribute z:Id="i335"><AttributeType>offset</AttributeType><IsRequired>false</IsRequired><Value i:nil="true"/></Attribute></Attributes><ChildElements/><ElementName>mimic</ElementName><required>false</required><JointNameAttribute z:Ref="i333"/><MultiplierAttribute z:Ref="i334"/><OffsetAttribute z:Ref="i335"/></URDFElement></ChildElements><ElementName>joint</ElementName><required>false</required><Axis z:Ref="i314"/><AxisName>_r</AxisName><Calibration z:Ref="i321"/><Child z:Ref="i312"/><CoordinateSystemName>r</CoordinateSystemName><Dynamics z:Ref="i324"/><Limit z:Ref="i316"/><Mimic z:Ref="i332"/><NameAttribute z:Ref="i305"/><Origin z:Ref="i307"/><Parent z:Ref="i310"/><Safety z:Ref="i327"/><TypeAttribute z:Ref="i306"/></URDFElement></ChildElements><ElementName>link</ElementName><required>true</required><Children><Link z:Id="i336"><Attributes><Attribute z:Id="i337"><AttributeType>name</AttributeType><IsRequired>true</IsRequired><Value i:type="a:string" xmlns:a="http://www.w3.org/2001/XMLSchema">r2_Link</Value></Attribute></Attributes><ChildElements><URDFElement z:Id="i338" i:type="Inertial"><Attributes/><ChildElements><URDFElement z:Id="i339" i:type="Origin"><Attributes><Attribute z:Id="i340"><AttributeType>xyz</AttributeType><IsRequired>true</IsRequired><Value i:type="a:ArrayOfdouble" xmlns:a="http://schemas.microsoft.com/2003/10/Serialization/Arrays"><a:double>0</a:double><a:double>0</a:double><a:double>0</a:double></Value></Attribute><Attribute z:Id="i341"><AttributeType>rpy</AttributeType><IsRequired>true</IsRequired><Value i:type="a:ArrayOfdouble" xmlns:a="http://schemas.microsoft.com/2003/10/Serialization/Arrays"><a:double>0</a:double><a:double>0</a:double><a:double>0</a:double></Value></Attribute></Attributes><ChildElements/><ElementName>origin</ElementName><required>false</required><RPYAttribute z:Ref="i341"/><XYZAttribute z:Ref="i340"/><isCustomized>false</isCustomized></URDFElement><URDFElement z:Id="i342" i:type="Mass"><Attributes><Attribute z:Id="i343"><AttributeType>value</AttributeType><IsRequired>true</IsRequired><Value i:type="a:double" xmlns:a="http://www.w3.org/2001/XMLSchema">0</Value></Attribute></Attributes><ChildElements/><ElementName>mass</ElementName><required>false</required><ValueAttribute z:Ref="i343"/></URDFElement><URDFElement z:Id="i344" i:type="Inertia"><Attributes><Attribute z:Id="i345"><AttributeType>ixx</AttributeType><IsRequired>true</IsRequired><Value i:type="a:double" xmlns:a="http://www.w3.org/2001/XMLSchema">0</Value></Attribute><Attribute z:Id="i346"><AttributeType>ixy</AttributeType><IsRequired>true</IsRequired><Value i:type="a:double" xmlns:a="http://www.w3.org/2001/XMLSchema">0</Value></Attribute><Attribute z:Id="i347"><AttributeType>ixz</AttributeType><IsRequired>true</IsRequired><Value i:type="a:double" xmlns:a="http://www.w3.org/2001/XMLSchema">0</Value></Attribute><Attribute z:Id="i348"><AttributeType>iyy</AttributeType><IsRequired>true</IsRequired><Value i:type="a:double" xmlns:a="http://www.w3.org/2001/XMLSchema">0</Value></Attribute><Attribute z:Id="i349"><AttributeType>iyz</AttributeType><IsRequired>true</IsRequired><Value i:type="a:double" xmlns:a="http://www.w3.org/2001/XMLSchema">0</Value></Attribute><Attribute z:Id="i350"><AttributeType>izz</AttributeType><IsRequired>true</IsRequired><Value i:type="a:double" xmlns:a="http://www.w3.org/2001/XMLSchema">0</Value></Attribute></Attributes><ChildElements/><ElementName>inertia</ElementName><required>false</required><IxxAttribute z:Ref="i345"/><IxyAttribute z:Ref="i346"/><IxzAttribute z:Ref="i347"/><IyyAttribute z:Ref="i348"/><IyzAttribute z:Ref="i349"/><IzzAttribute z:Ref="i350"/></URDFElement></ChildElements><ElementName>inertial</ElementName><required>false</required><Inertia z:Ref="i344"/><Mass z:Ref="i342"/><Origin z:Ref="i339"/></URDFElement><URDFElement z:Id="i351" i:type="Visual"><Attributes/><ChildElements><URDFElement z:Id="i352" i:type="Origin"><Attributes><Attribute z:Id="i353"><AttributeType>xyz</AttributeType><IsRequired>true</IsRequired><Value i:type="a:ArrayOfdouble" xmlns:a="http://schemas.microsoft.com/2003/10/Serialization/Arrays"><a:double>0</a:double><a:double>0</a:double><a:double>0</a:double></Value></Attribute><Attribute z:Id="i354"><AttributeType>rpy</AttributeType><IsRequired>true</IsRequired><Value i:type="a:ArrayOfdouble" xmlns:a="http://schemas.microsoft.com/2003/10/Serialization/Arrays"><a:double>0</a:double><a:double>0</a:double><a:double>0</a:double></Value></Attribute></Attributes><ChildElements/><ElementName>origin</ElementName><required>false</required><RPYAttribute z:Ref="i354"/><XYZAttribute z:Ref="i353"/><isCustomized>false</isCustomized></URDFElement><URDFElement z:Id="i355" i:type="Geometry"><Attributes/><ChildElements><URDFElement z:Id="i356" i:type="Mesh"><Attributes><Attribute z:Id="i357"><AttributeType>filename</AttributeType><IsRequired>true</IsRequired><Value i:nil="true"/></Attribute></Attributes><ChildElements/><ElementName>mesh</ElementName><required>false</required><FilenameAttribute z:Ref="i357"/></URDFElement></ChildElements><ElementName>geometry</ElementName><required>true</required><Mesh z:Ref="i356"/></URDFElement><URDFElement z:Id="i358" i:type="Material"><Attributes><Attribute z:Id="i359"><AttributeType>name</AttributeType><IsRequired>true</IsRequired><Value i:type="a:string" xmlns:a="http://www.w3.org/2001/XMLSchema"/></Attribute></Attributes><ChildElements><URDFElement z:Id="i360" i:type="Color"><Attributes><Attribute z:Id="i361"><AttributeType>rgba</AttributeType><IsRequired>true</IsRequired><Value i:type="a:ArrayOfdouble" xmlns:a="http://schemas.microsoft.com/2003/10/Serialization/Arrays"><a:double>1</a:double><a:double>1</a:double><a:double>1</a:double><a:double>1</a:double></Value></Attribute></Attributes><ChildElements/><ElementName>color</ElementName><required>false</required><RGBAAttribute z:Ref="i361"/></URDFElement><URDFElement z:Id="i362" i:type="Texture"><Attributes><Attribute z:Id="i363"><AttributeType>filename</AttributeType><IsRequired>true</IsRequired><Value i:nil="true"/></Attribute></Attributes><ChildElements/><ElementName>texture</ElementName><required>false</required><FilenameAttribute z:Ref="i363"/><wFilename/></URDFElement></ChildElements><ElementName>material</ElementName><required>false</required><Color z:Ref="i360"/><NameAttribute z:Ref="i359"/><Texture z:Ref="i362"/></URDFElement></ChildElements><ElementName>visual</ElementName><required>false</required><Geometry z:Ref="i355"/><Material z:Ref="i358"/><Origin z:Ref="i352"/></URDFElement><URDFElement z:Id="i364" i:type="Collision"><Attributes/><ChildElements><URDFElement z:Id="i365" i:type="Origin"><Attributes><Attribute z:Id="i366"><AttributeType>xyz</AttributeType><IsRequired>true</IsRequired><Value i:type="a:ArrayOfdouble" xmlns:a="http://schemas.microsoft.com/2003/10/Serialization/Arrays"><a:double>0</a:double><a:double>0</a:double><a:double>0</a:double></Value></Attribute><Attribute z:Id="i367"><AttributeType>rpy</AttributeType><IsRequired>true</IsRequired><Value i:type="a:ArrayOfdouble" xmlns:a="http://schemas.microsoft.com/2003/10/Serialization/Arrays"><a:double>0</a:double><a:double>0</a:double><a:double>0</a:double></Value></Attribute></Attributes><ChildElements/><ElementName>origin</ElementName><required>false</required><RPYAttribute z:Ref="i367"/><XYZAttribute z:Ref="i366"/><isCustomized>false</isCustomized></URDFElement><URDFElement z:Id="i368" i:type="Geometry"><Attributes/><ChildElements><URDFElement z:Id="i369" i:type="Mesh"><Attributes><Attribute z:Id="i370"><AttributeType>filename</AttributeType><IsRequired>true</IsRequired><Value i:nil="true"/></Attribute></Attributes><ChildElements/><ElementName>mesh</ElementName><required>false</required><FilenameAttribute z:Ref="i370"/></URDFElement></ChildElements><ElementName>geometry</ElementName><required>true</required><Mesh z:Ref="i369"/></URDFElement></ChildElements><ElementName>collision</ElementName><required>false</required><Geometry z:Ref="i368"/><Origin z:Ref="i365"/></URDFElement><URDFElement z:Id="i371" i:type="Joint"><Attributes><Attribute z:Id="i372"><AttributeType>name</AttributeType><IsRequired>true</IsRequired><Value i:type="a:string" xmlns:a="http://www.w3.org/2001/XMLSchema">r2_joint</Value></Attribute><Attribute z:Id="i373"><AttributeType>type</AttributeType><IsRequired>true</IsRequired><Value i:type="a:string" xmlns:a="http://www.w3.org/2001/XMLSchema">prismatic</Value></Attribute></Attributes><ChildElements><URDFElement z:Id="i374" i:type="Origin"><Attributes><Attribute z:Id="i375"><AttributeType>xyz</AttributeType><IsRequired>true</IsRequired><Value i:type="a:ArrayOfdouble" xmlns:a="http://schemas.microsoft.com/2003/10/Serialization/Arrays"><a:double>0</a:double><a:double>0</a:double><a:double>0</a:double></Value></Attribute><Attribute z:Id="i376"><AttributeType>rpy</AttributeType><IsRequired>true</IsRequired><Value i:type="a:ArrayOfdouble" xmlns:a="http://schemas.microsoft.com/2003/10/Serialization/Arrays"><a:double>0</a:double><a:double>0</a:double><a:double>0</a:double></Value></Attribute></Attributes><ChildElements/><ElementName>origin</ElementName><required>false</required><RPYAttribute z:Ref="i376"/><XYZAttribute z:Ref="i375"/><isCustomized>false</isCustomized></URDFElement><URDFElement z:Id="i377" i:type="ParentLink"><Attributes><Attribute z:Id="i378"><AttributeType>link</AttributeType><IsRequired>true</IsRequired><Value i:type="a:string" xmlns:a="http://www.w3.org/2001/XMLSchema"/></Attribute></Attributes><ChildElements/><ElementName>parent</ElementName><required>true</required><NameAttribute z:Ref="i378"/></URDFElement><URDFElement z:Id="i379" i:type="ChildLink"><Attributes><Attribute z:Id="i380"><AttributeType>link</AttributeType><IsRequired>true</IsRequired><Value i:type="a:string" xmlns:a="http://www.w3.org/2001/XMLSchema"/></Attribute></Attributes><ChildElements/><ElementName>child</ElementName><required>true</required><NameAttribute z:Ref="i380"/></URDFElement><URDFElement z:Id="i381" i:type="Axis"><Attributes><Attribute z:Id="i382"><AttributeType>xyz</AttributeType><IsRequired>true</IsRequired><Value i:type="a:ArrayOfdouble" xmlns:a="http://schemas.microsoft.com/2003/10/Serialization/Arrays"><a:double>0</a:double><a:double>0</a:double><a:double>0</a:double></Value></Attribute></Attributes><ChildElements/><ElementName>axis</ElementName><required>false</required><XYZAttribute z:Ref="i382"/></URDFElement><URDFElement z:Id="i383" i:type="Limit"><Attributes><Attribute z:Id="i384"><AttributeType>lower</AttributeType><IsRequired>false</IsRequired><Value i:nil="true"/></Attribute><Attribute z:Id="i385"><AttributeType>upper</AttributeType><IsRequired>false</IsRequired><Value i:nil="true"/></Attribute><Attribute z:Id="i386"><AttributeType>effort</AttributeType><IsRequired>true</IsRequired><Value i:nil="true"/></Attribute><Attribute z:Id="i387"><AttributeType>velocity</AttributeType><IsRequired>true</IsRequired><Value i:nil="true"/></Attribute></Attributes><ChildElements/><ElementName>limit</ElementName><required>false</required><EffortAttribute z:Ref="i386"/><LowerAttribute z:Ref="i384"/><UpperAttribute z:Ref="i385"/><VelocityAttribute z:Ref="i387"/></URDFElement><URDFElement z:Id="i388" i:type="Calibration"><Attributes><Attribute z:Id="i389"><AttributeType>rising</AttributeType><IsRequired>false</IsRequired><Value i:nil="true"/></Attribute><Attribute z:Id="i390"><AttributeType>falling</AttributeType><IsRequired>false</IsRequired><Value i:nil="true"/></Attribute></Attributes><ChildElements/><ElementName>calibration</ElementName><required>false</required><FallingAttribute z:Ref="i390"/><RisingAttribute z:Ref="i389"/></URDFElement><URDFElement z:Id="i391" i:type="Dynamics"><Attributes><Attribute z:Id="i392"><AttributeType>damping</AttributeType><IsRequired>false</IsRequired><Value i:nil="true"/></Attribute><Attribute z:Id="i393"><AttributeType>friction</AttributeType><IsRequired>false</IsRequired><Value i:nil="true"/></Attribute></Attributes><ChildElements/><ElementName>dynamics</ElementName><required>false</required><DampingAttribute z:Ref="i392"/><FrictionAttribute z:Ref="i393"/></URDFElement><URDFElement z:Id="i394" i:type="SafetyController"><Attributes><Attribute z:Id="i395"><AttributeType>soft_upper_limit</AttributeType><IsRequired>false</IsRequired><Value i:nil="true"/></Attribute><Attribute z:Id="i396"><AttributeType>soft_lower_limit</AttributeType><IsRequired>false</IsRequired><Value i:nil="true"/></Attribute><Attribute z:Id="i397"><AttributeType>k_position</AttributeType><IsRequired>false</IsRequired><Value i:nil="true"/></Attribute><Attribute z:Id="i398"><AttributeType>k_velocity</AttributeType><IsRequired>true</IsRequired><Value i:nil="true"/></Attribute></Attributes><ChildElements/><ElementName>safety_controller</ElementName><required>false</required><KPositionAttribute z:Ref="i397"/><KVelocityAttribute z:Ref="i398"/><SoftLowerAttribute z:Ref="i396"/><SoftUpperAttribute z:Ref="i395"/></URDFElement><URDFElement z:Id="i399" i:type="Mimic"><Attributes><Attribute z:Id="i400"><AttributeType>joint</AttributeType><IsRequired>true</IsRequired><Value i:nil="true"/></Attribute><Attribute z:Id="i401"><AttributeType>multiplier</AttributeType><IsRequired>false</IsRequired><Value i:nil="true"/></Attribute><Attribute z:Id="i402"><AttributeType>offset</AttributeType><IsRequired>false</IsRequired><Value i:nil="true"/></Attribute></Attributes><ChildElements/><ElementName>mimic</ElementName><required>false</required><JointNameAttribute z:Ref="i400"/><MultiplierAttribute z:Ref="i401"/><OffsetAttribute z:Ref="i402"/></URDFElement></ChildElements><ElementName>joint</ElementName><required>false</required><Axis z:Ref="i381"/><AxisName>_r2</AxisName><Calibration z:Ref="i388"/><Child z:Ref="i379"/><CoordinateSystemName>r2</CoordinateSystemName><Dynamics z:Ref="i391"/><Limit z:Ref="i383"/><Mimic z:Ref="i399"/><NameAttribute z:Ref="i372"/><Origin z:Ref="i374"/><Parent z:Ref="i377"/><Safety z:Ref="i394"/><TypeAttribute z:Ref="i373"/></URDFElement></ChildElements><ElementName>link</ElementName><required>true</required><Children/><Collision z:Ref="i364"/><Inertial z:Ref="i338"/><Joint z:Ref="i371"/><NameAttribute z:Ref="i337"/><Parent z:Ref="i269"/><STLQualityFine>false</STLQualityFine><SWComponentPIDs xmlns:a="http://schemas.microsoft.com/2003/10/Serialization/Arrays"><a:base64Binary>aEIAAAUAAAD//v9QUwAwADUAMAA2AC0AUwAyADIAMAAwADgAMQA3AC0ANgAwAC0AMAAxADAAMAAtAEEALQBYADEALQAxAC0AMQBAAMWITZFTTzgAXgDnYtZ2k2JLYi8AVQBZADYALQA0ADAALQAyAEAAUwAwADUAMAA2AC0AUwAyADIAMAAwADgAMQA3AC0ANgAwAC0AMAAxADAAMAAtAEEALQBYADEALQAxAAQAAAAQAAAAAQAAAAIAAAAdAAAAHgAAAA==</a:base64Binary><a:base64Binary>aEIAAAUAAAD//v9RUwAwADUAMAA2AC0AUwAyADIAMAAwADgAMQA3AC0ANgAwAC0AMAAxADAAMAAtAEEALQBYADEALQAxAC0AMQBAAMWITZFTTzgAXgDnYtZ2k2JLYi8ATQBTAEIANgAtADMANQAtADEAQABTADAANQAwADYALQBTADIAMgAwADAAOAAxADcALQA2ADAALQAwADEAMAAwAC0AQQAtAFgAMQAtADEABAAAABAAAAABAAAAAgAAAB0AAAAhAAAA</a:base64Binary><a:base64Binary>aEIAAAUAAAD//v9QUwAwADUAMAA2AC0AUwAyADIAMAAwADgAMQA3AC0ANgAwAC0AMAAxADAAMAAtAEEALQBYADEALQAxAC0AMQBAAMWITZFTTzgAXgDnYtZ2k2JLYi8AVQBZADYALQA0ADAALQAxAEAAUwAwADUAMAA2AC0AUwAyADIAMAAwADgAMQA3AC0ANgAwAC0AMAAxADAAMAAtAEEALQBYADEALQAxAAQAAAAQAAAAAQAAAAIAAAAdAAAAHQAAAA==</a:base64Binary><a:base64Binary>aEIAAAUAAAD//v9gUwAwADUAMAA2AC0AUwAyADIAMAAwADgAMQA3AC0ANgAwAC0AMAAxADAAMAAtAEEALQBYADEALQAxAC0AMQBAAMWITZFTTzgAXgDnYtZ2k2JLYi8AWABZADIANgAwADMAMAA0AC0AMgBBAC4AMAAyAC0AMAA0ACAAy2XWdjlZKnItADEAQABTADAANQAwADYALQBTADIAMgAwADAAOAAxADcALQA2ADAALQAwADEAMAAwAC0AQQAtAFgAMQAtADEABAAAABAAAAABAAAAAgAAAB0AAAAjAAAA</a:base64Binary><a:base64Binary>aEIAAAUAAAD//v+gUwAwADUAMAA2AC0AUwAyADIAMAAwADgAMQA3AC0ANgAwAC0AMAAxADAAMAAtAEEALQBYADEALQAxAC0AMQBAAMWITZFTTzgAXgDnYtZ2k2JLYi8ATQBHAE4AOQBDADEAUgA3ADAARQA1AFoAMABDACgA2J6kiy0AXwBmAGwAZQB4AGkAYgBsAGUAMQApAC0AMQAtADEAQABTADAANQAwADYALQBTADIAMgAwADAAOAAxADcALQA2ADAALQAwADEAMAAwAC0AQQAtAFgAMQAtADEALwBTADAANQAwADYALQBNAEcATgA5AEMALQDRbldXLQBTADAAOAAyADEALQAxAEAATQBHAE4AOQBDADEAUgA3ADAARQA1AFoAMABDACgA2J6kiy0AXwBmAGwAZQB4AGkAYgBsAGUAMQApAC0AMQAEAAAAEAAAAAEAAAADAAAAHQAAABwAAAAdAAAA</a:base64Binary></SWComponentPIDs><SWMainComponentPID i:nil="true"/><Visual z:Ref="i351"/><isFixedFrame>false</isFixedFrame><isIncomplete>false</isIncomplete></Link></Children><Collision z:Ref="i297"/><Inertial z:Ref="i271"/><Joint z:Ref="i304"/><NameAttribute z:Ref="i270"/><Parent z:Ref="i68"/><STLQualityFine>false</STLQualityFine><SWComponentPIDs xmlns:a="http://schemas.microsoft.com/2003/10/Serialization/Arrays"><a:base64Binary>aEIAAAUAAAD//v9jUwAwADUAMAA2AC0AUwAyADIAMAAwADgAMQA3AC0ANgAwAC0AMAAxADAAMAAtAEEALQBYADEALQAxAC0AMQBAAMWITZFTTzgAXgDnYtZ2k2JLYi8AWABZADIANgAwADMAMAA0AC0AMgBBAC4AMAAyAC0AMAAzACAAy2VsjzlZKnLej6Vj9k4tADEAQABTADAANQAwADYALQBTADIAMgAwADAAOAAxADcALQA2ADAALQAwADEAMAAwAC0AQQAtAFgAMQAtADEABAAAABAAAAABAAAAAgAAAB0AAAAiAAAA</a:base64Binary><a:base64Binary>aEIAAAUAAAD//v/IUgBHAEkAQwAtADEAMAAwAC0AMwA1AC0ATwAtAFMAXwCAexNmIWqLV18AMgAwADIANQAwADEAMAA4AC0AMQBAAMWITZFTTzgAXgDnYtZ2k2JLYi8AUgBHAEkAQwAtADEAMAAwAC0AMwA1AC0ATwAtAFMAXwCAexNmIWqLV18AMgAwADIANQAwADEAMAA4AC4AUwBUAEUAUAAtADEAQABSAEcASQBDAC0AMQAwADAALQAzADUALQBPAC0AUwBfAIB7E2YhaotXXwAyADAAMgA1ADAAMQAwADgALwBfAF8AXwBfACAAXwBfAF8AXwBfAF8AXwBfAF8AUgBHAEkAQwAtADEAMAAwAC0AMwA1AC0ATwAtAFMAXwBfAF8AXwBfAF8AXwBfAF8AXwAyADAAMgA1ADAAMQAwADgALQAwAC4AUwBUAEUAUAAtADEAQABSAEcASQBDAC0AMQAwADAALQAzADUALQBPAC0AUwBfAIB7E2YhaotXXwAyADAAMgA1ADAAMQAwADgALgBTAFQARQBQAAQAAAAQAAAAAQAAAAMAAAAgAAAAHAAAAB4AAAA=</a:base64Binary><a:base64Binary>aEIAAAUAAAD//v9iUwAwADUAMAA2AC0AUwAyADIAMAAwADgAMQA3AC0ANgAwAC0AMAAxADAAMAAtAEEALQBYADEALQAxAC0AMQBAAMWITZFTTzgAXgDnYtZ2k2JLYi8AWABZADIANgAwADMAMAA0AC0AMgBBAC4AMAAyAC0AMAA1ACAAIADRbmiPiVvFiH9nLQAxAEAAUwAwADUAMAA2AC0AUwAyADIAMAAwADgAMQA3AC0ANgAwAC0AMAAxADAAMAAtAEEALQBYADEALQAxAAQAAAAQAAAAAQAAAAIAAAAdAAAAJAAAAA==</a:base64Binary><a:base64Binary>aEIAAAUAAAD//v+dUwAwADUAMAA2AC0AUwAyADIAMAAwADgAMQA3AC0ANgAwAC0AMAAxADAAMAAtAEEALQBYADEALQAxAC0AMQBAAMWITZFTTzgAXgDnYtZ2k2JLYi8ATQBHAE4AOQBDADEAUgA3ADAARQA1AFoAMABDACgA2J6kiy0AXwBmAGwAZQB4AGkAYgBsAGUAMQApAC0AMQAtADEAQABTADAANQAwADYALQBTADIAMgAwADAAOAAxADcALQA2ADAALQAwADEAMAAwAC0AQQAtAFgAMQAtADEALwBTADAANQAwADYALQBNAEcATgA5AEMALQDRbmiPLQA1ADAALQAxAEAATQBHAE4AOQBDADEAUgA3ADAARQA1AFoAMABDACgA2J6kiy0AXwBmAGwAZQB4AGkAYgBsAGUAMQApAC0AMQAEAAAAEAAAAAEAAAADAAAAHQAAABwAAAAcAAAA</a:base64Binary><a:base64Binary>aEIAAAUAAAD//v9hUwAwADUAMAA2AC0AUwAyADIAMAAwADgAMQA3AC0ANgAwAC0AMAAxADAAMAAtAEEALQBYADEALQAxAC0AMQBAAMWITZFTTzgAXgDnYtZ2k2JLYi8AUwAwADUAMAA2AC0AxgMzACAAAJWJlCgAXwDGAzMALQAxADAAIAAgAACViZQpAC0AMgBAAFMAMAA1ADAANgAtAFMAMgAyADAAMAA4ADEANwAtADYAMAAtADAAMQAwADAALQBBAC0AWAAxAC0AMQAEAAAAEAAAAAEAAAACAAAAHQAAACAAAAA=</a:base64Binary><a:base64Binary>aEIAAAUAAAD//v9hUwAwADUAMAA2AC0AUwAyADIAMAAwADgAMQA3AC0ANgAwAC0AMAAxADAAMAAtAEEALQBYADEALQAxAC0AMQBAAMWITZFTTzgAXgDnYtZ2k2JLYi8AUwAwADUAMAA2AC0AxgMzACAAAJWJlCgAXwDGAzMALQAxADAAIAAgAACViZQpAC0AMQBAAFMAMAA1ADAANgAtAFMAMgAyADAAMAA4ADEANwAtADYAMAAtADAAMQAwADAALQBBAC0AWAAxAC0AMQAEAAAAEAAAAAEAAAACAAAAHQAAAB8AAAA=</a:base64Binary></SWComponentPIDs><SWMainComponentPID i:nil="true"/><Visual z:Ref="i284"/><isFixedFrame>false</isFixedFrame><isIncomplete>false</isIncomplete></Link></Children><Collision z:Ref="i96"/><Inertial z:Ref="i70"/><Joint z:Ref="i103"/><NameAttribute z:Ref="i69"/><Parent z:Ref="i1"/><STLQualityFine>false</STLQualityFine><SWComponentPIDs xmlns:a="http://schemas.microsoft.com/2003/10/Serialization/Arrays"><a:base64Binary>aEIAAAUAAAD//v/EUgBHAEkAQwAtADEAMAAwAC0AMwA1AC0ATwAtAFMAXwCAexNmIWqLV18AMgAwADIANQAwADEAMAA4AC0AMQBAAMWITZFTTzgAXgDnYtZ2k2JLYi8AUgBHAEkAQwAtADEAMAAwAC0AMwA1AC0ATwAtAFMAXwCAexNmIWqLV18AMgAwADIANQAwADEAMAA4AC4AUwBUAEUAUAAtADEAQABSAEcASQBDAC0AMQAwADAALQAzADUALQBPAC0AUwBfAIB7E2YhaotXXwAyADAAMgA1ADAAMQAwADgALwBfAF8AXwBfACAAXwBfAF8AXwBfAF8AXwBSAEcASQBDAC0AMQAwADAALQAzADUALQBPAC0AUwBfAF8AXwBfAF8AXwBfAF8AXwBfADIAMAAyADUAMAAxADAAOAAuAFMAVABFAFAALQAxAEAAUgBHAEkAQwAtADEAMAAwAC0AMwA1AC0ATwAtAFMAXwCAexNmIWqLV18AMgAwADIANQAwADEAMAA4AC4AUwBUAEUAUAAEAAAAEAAAAAEAAAADAAAAIAAAABwAAAAdAAAA</a:base64Binary></SWComponentPIDs><SWMainComponentPID i:nil="true"/><Visual z:Ref="i83"/><isFixedFrame>false</isFixedFrame><isIncomplete>false</isIncomplete></Link></Children><Collision z:Ref="i29"/><Inertial z:Ref="i3"/><Joint z:Ref="i36"/><NameAttribute z:Ref="i2"/><Parent i:nil="true"/><STLQualityFine>false</STLQualityFine><SWComponentPIDs xmlns:a="http://schemas.microsoft.com/2003/10/Serialization/Arrays"><a:base64Binary>aEIAAAUAAAD//v8fMQAyAGxRpGXlXXdR2HYgAOtfYmMoANiepItfAAljoFLlXV8AKQAtADEAQADFiE2RU084AF4A52LWdpNiS2IEAAAAEAAAAAEAAAABAAAAHgAAAA==</a:base64Binary><a:base64Binary>aEIAAAUAAAD//v8fy2VsjzV1OVmTYutfYmP6Vppbf2coANiepItfAAljoFLlXV8AKQAtADEAQADFiE2RU084AF4A52LWdpNiS2IEAAAAEAAAAAEAAAABAAAAHwAAAA==</a:base64Binary><a:base64Binary>aEIAAAUAAAD//v8ey2VsjzV1KnLrX2JjbI+lY39nKADYnqSLXwAJY6BS5V1fACkALQAxAEAAxYhNkVNPOABeAOdi1naTYktiBAAAABAAAAABAAAAAQAAACEAAAA=</a:base64Binary><a:base64Binary>aEIAAAUAAAD//v/GUgBHAEkAQwAtADEAMAAwAC0AMwA1AC0ATwAtAFMAXwCAexNmIWqLV18AMgAwADIANQAwADEAMAA4AC0AMQBAAMWITZFTTzgAXgDnYtZ2k2JLYi8AUgBHAEkAQwAtADEAMAAwAC0AMwA1AC0ATwAtAFMAXwCAexNmIWqLV18AMgAwADIANQAwADEAMAA4AC4AUwBUAEUAUAAtADEAQABSAEcASQBDAC0AMQAwADAALQAzADUALQBPAC0AUwBfAIB7E2YhaotXXwAyADAAMgA1ADAAMQAwADgALwBfAF8AXwBfACAAXwBfAF8AXwBfAF8AXwBfAF8AUgBHAEkAQwAtADEAMAAwAC0AMwA1AC0ATwAtAFMAXwBfAF8AXwBfAF8AXwBfAF8AXwAyADAAMgA1ADAAMQAwADgALgBTAFQARQBQAC0AMQBAAFIARwBJAEMALQAxADAAMAAtADMANQAtAE8ALQBTAF8AgHsTZiFqi1dfADIAMAAyADUAMAAxADAAOAAuAFMAVABFAFAABAAAABAAAAABAAAAAwAAACAAAAAcAAAAHAAAAA==</a:base64Binary></SWComponentPIDs><SWMainComponentPID i:nil="true"/><Visual z:Ref="i16"/><isFixedFrame>false</isFixedFrame><isIncomplete>false</isIncomplete></Link>
2026-06-17 12:37:22,768 INFO  LinkNode.cs: 35 - Building node base_link
2026-06-17 12:37:22,768 INFO  LinkNode.cs: 35 - Building node rotate_Link
2026-06-17 12:37:22,768 INFO  LinkNode.cs: 35 - Building node l_Link
2026-06-17 12:37:22,768 INFO  LinkNode.cs: 35 - Building node l2_Link
2026-06-17 12:37:22,769 INFO  LinkNode.cs: 35 - Building node r_Link
2026-06-17 12:37:22,769 INFO  LinkNode.cs: 35 - Building node r2_Link
2026-06-17 12:37:22,769 INFO  CommonSwOperations.cs: 221 - Loading SolidWorks components for base_link from C:\Users\DP\AppData\Local\Temp\swx18616\VC~~\拧盖抓手\装配体8^拧盖抓手.SLDASM
2026-06-17 12:37:22,769 INFO  CommonSwOperations.cs: 245 - Loading component with PID hB     ???1 2 lQ?e?]wQ?v  ?_bc( ????_ 	c?R?]_ ) - 1 @ ??M?SO8 ^ ?b?v?bKb               
2026-06-17 12:37:22,770 INFO  CommonSwOperations.cs: 254 - Successfully loaded component E:\仿真\合成-化学反应站\12公斤工具盘 快换(默认_按加工_).SLDPRT
2026-06-17 12:37:22,770 INFO  CommonSwOperations.cs: 245 - Loading component with PID hB     ????el?5u9Y?b?_bc?V?[g( ????_ 	c?R?]_ ) - 1 @ ??M?SO8 ^ ?b?v?bKb               
2026-06-17 12:37:22,770 INFO  CommonSwOperations.cs: 254 - Successfully loaded component E:\仿真\合成-化学反应站\旋转电夹抓快换固定板(默认_按加工_).SLDPRT
2026-06-17 12:37:22,770 INFO  CommonSwOperations.cs: 245 - Loading component with PID hB     ????el?5u*r?_bcl??cg( ????_ 	c?R?]_ ) - 1 @ ??M?SO8 ^ ?b?v?bKb            !   
2026-06-17 12:37:22,770 INFO  CommonSwOperations.cs: 254 - Successfully loaded component E:\仿真\合成-化学反应站\旋转电爪快换转接板(默认_按加工_).SLDPRT
2026-06-17 12:37:22,770 INFO  CommonSwOperations.cs: 245 - Loading component with PID hB     ????R G I C - 1 0 0 - 3 5 - O - S _ ?{f!j?W_ 2 0 2 5 0 1 0 8 - 1 @ ??M?SO8 ^ ?b?v?bKb/ R G I C - 1 0 0 - 3 5 - O - S _ ?{f!j?W_ 2 0 2 5 0 1 0 8 . S T E P - 1 @ R G I C - 1 0 0 - 3 5 - O - S _ ?{f!j?W_ 2 0 2 5 0 1 0 8 / _ _ _ _   _ _ _ _ _ _ _ _ _ R G I C - 1 0 0 - 3 5 - O - S _ _ _ _ _ _ _ _ _ _ 2 0 2 5 0 1 0 8 . S T E P - 1 @ R G I C - 1 0 0 - 3 5 - O - S _ ?{f!j?W_ 2 0 2 5 0 1 0 8 . S T E P                       
2026-06-17 12:37:22,772 INFO  CommonSwOperations.cs: 254 - Successfully loaded component C:\Users\DP\AppData\Local\Temp\swx18616\IC~~\____ _________RGIC-100-35-O-S__________20250108.STEP.SLDPRT
2026-06-17 12:37:22,772 INFO  CommonSwOperations.cs: 230 - Loaded 4 components for link base_link
2026-06-17 12:37:22,772 INFO  CommonSwOperations.cs: 221 - Loading SolidWorks components for rotate_Link from C:\Users\DP\AppData\Local\Temp\swx18616\VC~~\拧盖抓手\装配体8^拧盖抓手.SLDASM
2026-06-17 12:37:22,772 INFO  CommonSwOperations.cs: 245 - Loading component with PID hB     ????R G I C - 1 0 0 - 3 5 - O - S _ ?{f!j?W_ 2 0 2 5 0 1 0 8 - 1 @ ??M?SO8 ^ ?b?v?bKb/ R G I C - 1 0 0 - 3 5 - O - S _ ?{f!j?W_ 2 0 2 5 0 1 0 8 . S T E P - 1 @ R G I C - 1 0 0 - 3 5 - O - S _ ?{f!j?W_ 2 0 2 5 0 1 0 8 / _ _ _ _   _ _ _ _ _ _ _ R G I C - 1 0 0 - 3 5 - O - S _ _ _ _ _ _ _ _ _ _ 2 0 2 5 0 1 0 8 . S T E P - 1 @ R G I C - 1 0 0 - 3 5 - O - S _ ?{f!j?W_ 2 0 2 5 0 1 0 8 . S T E P                       
2026-06-17 12:37:22,772 INFO  CommonSwOperations.cs: 254 - Successfully loaded component C:\Users\DP\AppData\Local\Temp\swx18616\IC~~\____ _______RGIC-100-35-O-S__________20250108.STEP.SLDPRT
2026-06-17 12:37:22,773 INFO  CommonSwOperations.cs: 230 - Loaded 1 components for link rotate_Link
2026-06-17 12:37:22,773 INFO  CommonSwOperations.cs: 221 - Loading SolidWorks components for l_Link from C:\Users\DP\AppData\Local\Temp\swx18616\VC~~\拧盖抓手\装配体8^拧盖抓手.SLDASM
2026-06-17 12:37:22,773 INFO  CommonSwOperations.cs: 245 - Loading component with PID hB     ???_S 0 5 0 6 - S 2 2 0 0 8 1 7 - 6 0 - 0 1 0 0 - A - X 1 - 1 @ ??M?SO8 ^ ?b?v?bKb/ X Y 2 6 0 3 0 4 - 2 A . 0 2 - 0 3   ?el?9Y*r???c?N- 1 @ S 0 5 0 6 - S 2 2 0 0 8 1 7 - 6 0 - 0 1 0 0 - A - X 1                "   
2026-06-17 12:37:22,774 INFO  CommonSwOperations.cs: 254 - Successfully loaded component E:\仿真\合成-化学反应站\XY260304-2A.02-03 旋转夹爪连接件.SLDPRT
2026-06-17 12:37:22,774 INFO  CommonSwOperations.cs: 245 - Loading component with PID hB     ???^S 0 5 0 6 - S 2 2 0 0 8 1 7 - 6 0 - 0 1 0 0 - A - X 1 - 1 @ ??M?SO8 ^ ?b?v?bKb/ X Y 2 6 0 3 0 4 - 2 A . 0 2 - 0 5     ?nh??[??g- 1 @ S 0 5 0 6 - S 2 2 0 0 8 1 7 - 6 0 - 0 1 0 0 - A - X 1                $   
2026-06-17 12:37:22,774 INFO  CommonSwOperations.cs: 254 - Successfully loaded component E:\仿真\合成-化学反应站\XY260304-2A.02-05  滑轨安装板.SLDPRT
2026-06-17 12:37:22,774 INFO  CommonSwOperations.cs: 245 - Loading component with PID hB     ????S 0 5 0 6 - S 2 2 0 0 8 1 7 - 6 0 - 0 1 0 0 - A - X 1 - 1 @ ??M?SO8 ^ ?b?v?bKb/ M G N 9 C 1 R 7 0 E 5 Z 0 C ( ????- _ f l e x i b l e 1 ) - 1 @ S 0 5 0 6 - S 2 2 0 0 8 1 7 - 6 0 - 0 1 0 0 - A - X 1 / S 0 5 0 6 - M G N 9 C - ?nh?- 5 0 - 1 @ M G N 9 C 1 R 7 0 E 5 Z 0 C ( ????- _ f l e x i b l e 1 )                      
2026-06-17 12:37:22,774 INFO  CommonSwOperations.cs: 254 - Successfully loaded component E:\仿真\合成-化学反应站\S0506-MGN9C-滑轨-50.SLDPRT
2026-06-17 12:37:22,774 INFO  CommonSwOperations.cs: 245 - Loading component with PID hB     ????R G I C - 1 0 0 - 3 5 - O - S _ ?{f!j?W_ 2 0 2 5 0 1 0 8 - 1 @ ??M?SO8 ^ ?b?v?bKb/ R G I C - 1 0 0 - 3 5 - O - S _ ?{f!j?W_ 2 0 2 5 0 1 0 8 . S T E P - 1 @ R G I C - 1 0 0 - 3 5 - O - S _ ?{f!j?W_ 2 0 2 5 0 1 0 8 / _ _ _ _   _ _ _ _ _ _ _ _ _ R G I C - 1 0 0 - 3 5 - O - S _ _ _ _ _ _ _ _ _ _ 2 0 2 5 0 1 0 8 - 0 . S T E P - 2 @ R G I C - 1 0 0 - 3 5 - O - S _ ?{f!j?W_ 2 0 2 5 0 1 0 8 . S T E P                       
2026-06-17 12:37:22,774 INFO  CommonSwOperations.cs: 254 - Successfully loaded component C:\Users\DP\AppData\Local\Temp\swx18616\IC~~\____ _________RGIC-100-35-O-S__________20250108-0.STEP.SLDPRT
2026-06-17 12:37:22,774 INFO  CommonSwOperations.cs: 245 - Loading component with PID hB     ???]S 0 5 0 6 - S 2 2 0 0 8 1 7 - 6 0 - 0 1 0 0 - A - X 1 - 1 @ ??M?SO8 ^ ?b?v?bKb/ S 0 5 0 6 - ?3    ???( _ ?3 - 1 0      ???) - 2 @ S 0 5 0 6 - S 2 2 0 0 8 1 7 - 6 0 - 0 1 0 0 - A - X 1                    
2026-06-17 12:37:22,775 INFO  CommonSwOperations.cs: 254 - Successfully loaded component E:\仿真\合成-化学反应站\S0506-φ3 销钉(_φ3-10  销钉).SLDPRT
2026-06-17 12:37:22,775 INFO  CommonSwOperations.cs: 245 - Loading component with PID hB     ???]S 0 5 0 6 - S 2 2 0 0 8 1 7 - 6 0 - 0 1 0 0 - A - X 1 - 1 @ ??M?SO8 ^ ?b?v?bKb/ S 0 5 0 6 - ?3    ???( _ ?3 - 1 0      ???) - 1 @ S 0 5 0 6 - S 2 2 0 0 8 1 7 - 6 0 - 0 1 0 0 - A - X 1                   
2026-06-17 12:37:22,776 INFO  CommonSwOperations.cs: 254 - Successfully loaded component E:\仿真\合成-化学反应站\S0506-φ3 销钉(_φ3-10  销钉).SLDPRT
2026-06-17 12:37:22,776 INFO  CommonSwOperations.cs: 230 - Loaded 6 components for link l_Link
2026-06-17 12:37:22,776 INFO  CommonSwOperations.cs: 221 - Loading SolidWorks components for l2_Link from C:\Users\DP\AppData\Local\Temp\swx18616\VC~~\拧盖抓手\装配体8^拧盖抓手.SLDASM
2026-06-17 12:37:22,776 INFO  CommonSwOperations.cs: 245 - Loading component with PID hB     ???LS 0 5 0 6 - S 2 2 0 0 8 1 7 - 6 0 - 0 1 0 0 - A - X 1 - 1 @ ??M?SO8 ^ ?b?v?bKb/ U Y 6 - 4 0 - 1 @ S 0 5 0 6 - S 2 2 0 0 8 1 7 - 6 0 - 0 1 0 0 - A - X 1                   
2026-06-17 12:37:22,776 INFO  CommonSwOperations.cs: 254 - Successfully loaded component E:\仿真\合成-化学反应站\UY6-40.SLDPRT
2026-06-17 12:37:22,776 INFO  CommonSwOperations.cs: 245 - Loading component with PID hB     ???MS 0 5 0 6 - S 2 2 0 0 8 1 7 - 6 0 - 0 1 0 0 - A - X 1 - 1 @ ??M?SO8 ^ ?b?v?bKb/ M S B 6 - 3 5 - 1 @ S 0 5 0 6 - S 2 2 0 0 8 1 7 - 6 0 - 0 1 0 0 - A - X 1                !   
2026-06-17 12:37:22,776 INFO  CommonSwOperations.cs: 254 - Successfully loaded component E:\仿真\合成-化学反应站\MSB6-35.SLDPRT
2026-06-17 12:37:22,776 INFO  CommonSwOperations.cs: 245 - Loading component with PID hB     ???LS 0 5 0 6 - S 2 2 0 0 8 1 7 - 6 0 - 0 1 0 0 - A - X 1 - 1 @ ??M?SO8 ^ ?b?v?bKb/ U Y 6 - 4 0 - 2 @ S 0 5 0 6 - S 2 2 0 0 8 1 7 - 6 0 - 0 1 0 0 - A - X 1                   
2026-06-17 12:37:22,778 INFO  CommonSwOperations.cs: 254 - Successfully loaded component E:\仿真\合成-化学反应站\UY6-40.SLDPRT
2026-06-17 12:37:22,778 INFO  CommonSwOperations.cs: 245 - Loading component with PID hB     ???\S 0 5 0 6 - S 2 2 0 0 8 1 7 - 6 0 - 0 1 0 0 - A - X 1 - 1 @ ??M?SO8 ^ ?b?v?bKb/ X Y 2 6 0 3 0 4 - 2 A . 0 2 - 0 4   ?e?v9Y*r- 1 @ S 0 5 0 6 - S 2 2 0 0 8 1 7 - 6 0 - 0 1 0 0 - A - X 1                #   
2026-06-17 12:37:22,778 INFO  CommonSwOperations.cs: 254 - Successfully loaded component E:\仿真\合成-化学反应站\XY260304-2A.02-04 旋盖夹爪.SLDPRT
2026-06-17 12:37:22,778 INFO  CommonSwOperations.cs: 245 - Loading component with PID hB     ????S 0 5 0 6 - S 2 2 0 0 8 1 7 - 6 0 - 0 1 0 0 - A - X 1 - 1 @ ??M?SO8 ^ ?b?v?bKb/ M G N 9 C 1 R 7 0 E 5 Z 0 C ( ????- _ f l e x i b l e 1 ) - 1 @ S 0 5 0 6 - S 2 2 0 0 8 1 7 - 6 0 - 0 1 0 0 - A - X 1 / S 0 5 0 6 - M G N 9 C - ?nWW- S 0 8 2 1 - 1 @ M G N 9 C 1 R 7 0 E 5 Z 0 C ( ????- _ f l e x i b l e 1 )                      
2026-06-17 12:37:22,778 INFO  CommonSwOperations.cs: 254 - Successfully loaded component E:\仿真\合成-化学反应站\S0506-MGN9C-滑块-S0821.SLDPRT
2026-06-17 12:37:22,778 INFO  CommonSwOperations.cs: 230 - Loaded 5 components for link l2_Link
2026-06-17 12:37:22,778 INFO  CommonSwOperations.cs: 221 - Loading SolidWorks components for r_Link from C:\Users\DP\AppData\Local\Temp\swx18616\VC~~\拧盖抓手\装配体8^拧盖抓手.SLDASM
2026-06-17 12:37:22,778 INFO  CommonSwOperations.cs: 245 - Loading component with PID hB     ???cS 0 5 0 6 - S 2 2 0 0 8 1 7 - 6 0 - 0 1 0 0 - A - X 1 - 1 - 1 @ ??M?SO8 ^ ?b?v?bKb/ X Y 2 6 0 3 0 4 - 2 A . 0 2 - 0 3   ?el?9Y*r???c?N- 1 @ S 0 5 0 6 - S 2 2 0 0 8 1 7 - 6 0 - 0 1 0 0 - A - X 1 - 1                "   
2026-06-17 12:37:22,778 INFO  CommonSwOperations.cs: 254 - Successfully loaded component E:\仿真\合成-化学反应站\XY260304-2A.02-03 旋转夹爪连接件.SLDPRT
2026-06-17 12:37:22,779 INFO  CommonSwOperations.cs: 245 - Loading component with PID hB     ????R G I C - 1 0 0 - 3 5 - O - S _ ?{f!j?W_ 2 0 2 5 0 1 0 8 - 1 @ ??M?SO8 ^ ?b?v?bKb/ R G I C - 1 0 0 - 3 5 - O - S _ ?{f!j?W_ 2 0 2 5 0 1 0 8 . S T E P - 1 @ R G I C - 1 0 0 - 3 5 - O - S _ ?{f!j?W_ 2 0 2 5 0 1 0 8 / _ _ _ _   _ _ _ _ _ _ _ _ _ R G I C - 1 0 0 - 3 5 - O - S _ _ _ _ _ _ _ _ _ _ 2 0 2 5 0 1 0 8 - 0 . S T E P - 1 @ R G I C - 1 0 0 - 3 5 - O - S _ ?{f!j?W_ 2 0 2 5 0 1 0 8 . S T E P                       
2026-06-17 12:37:22,779 INFO  CommonSwOperations.cs: 254 - Successfully loaded component C:\Users\DP\AppData\Local\Temp\swx18616\IC~~\____ _________RGIC-100-35-O-S__________20250108-0.STEP.SLDPRT
2026-06-17 12:37:22,780 INFO  CommonSwOperations.cs: 245 - Loading component with PID hB     ???bS 0 5 0 6 - S 2 2 0 0 8 1 7 - 6 0 - 0 1 0 0 - A - X 1 - 1 - 1 @ ??M?SO8 ^ ?b?v?bKb/ X Y 2 6 0 3 0 4 - 2 A . 0 2 - 0 5     ?nh??[??g- 1 @ S 0 5 0 6 - S 2 2 0 0 8 1 7 - 6 0 - 0 1 0 0 - A - X 1 - 1                $   
2026-06-17 12:37:22,780 INFO  CommonSwOperations.cs: 254 - Successfully loaded component E:\仿真\合成-化学反应站\XY260304-2A.02-05  滑轨安装板.SLDPRT
2026-06-17 12:37:22,780 INFO  CommonSwOperations.cs: 245 - Loading component with PID hB     ????S 0 5 0 6 - S 2 2 0 0 8 1 7 - 6 0 - 0 1 0 0 - A - X 1 - 1 - 1 @ ??M?SO8 ^ ?b?v?bKb/ M G N 9 C 1 R 7 0 E 5 Z 0 C ( ????- _ f l e x i b l e 1 ) - 1 - 1 @ S 0 5 0 6 - S 2 2 0 0 8 1 7 - 6 0 - 0 1 0 0 - A - X 1 - 1 / S 0 5 0 6 - M G N 9 C - ?nh?- 5 0 - 1 @ M G N 9 C 1 R 7 0 E 5 Z 0 C ( ????- _ f l e x i b l e 1 ) - 1                      
2026-06-17 12:37:22,780 INFO  CommonSwOperations.cs: 254 - Successfully loaded component E:\仿真\合成-化学反应站\S0506-MGN9C-滑轨-50.SLDPRT
2026-06-17 12:37:22,780 INFO  CommonSwOperations.cs: 245 - Loading component with PID hB     ???aS 0 5 0 6 - S 2 2 0 0 8 1 7 - 6 0 - 0 1 0 0 - A - X 1 - 1 - 1 @ ??M?SO8 ^ ?b?v?bKb/ S 0 5 0 6 - ?3    ???( _ ?3 - 1 0      ???) - 2 @ S 0 5 0 6 - S 2 2 0 0 8 1 7 - 6 0 - 0 1 0 0 - A - X 1 - 1                    
2026-06-17 12:37:22,781 INFO  CommonSwOperations.cs: 254 - Successfully loaded component E:\仿真\合成-化学反应站\S0506-φ3 销钉(_φ3-10  销钉).SLDPRT
2026-06-17 12:37:22,781 INFO  CommonSwOperations.cs: 245 - Loading component with PID hB     ???aS 0 5 0 6 - S 2 2 0 0 8 1 7 - 6 0 - 0 1 0 0 - A - X 1 - 1 - 1 @ ??M?SO8 ^ ?b?v?bKb/ S 0 5 0 6 - ?3    ???( _ ?3 - 1 0      ???) - 1 @ S 0 5 0 6 - S 2 2 0 0 8 1 7 - 6 0 - 0 1 0 0 - A - X 1 - 1                   
2026-06-17 12:37:22,782 INFO  CommonSwOperations.cs: 254 - Successfully loaded component E:\仿真\合成-化学反应站\S0506-φ3 销钉(_φ3-10  销钉).SLDPRT
2026-06-17 12:37:22,782 INFO  CommonSwOperations.cs: 230 - Loaded 6 components for link r_Link
2026-06-17 12:37:22,782 INFO  CommonSwOperations.cs: 221 - Loading SolidWorks components for r2_Link from C:\Users\DP\AppData\Local\Temp\swx18616\VC~~\拧盖抓手\装配体8^拧盖抓手.SLDASM
2026-06-17 12:37:22,782 INFO  CommonSwOperations.cs: 245 - Loading component with PID hB     ???PS 0 5 0 6 - S 2 2 0 0 8 1 7 - 6 0 - 0 1 0 0 - A - X 1 - 1 - 1 @ ??M?SO8 ^ ?b?v?bKb/ U Y 6 - 4 0 - 2 @ S 0 5 0 6 - S 2 2 0 0 8 1 7 - 6 0 - 0 1 0 0 - A - X 1 - 1                   
2026-06-17 12:37:22,782 INFO  CommonSwOperations.cs: 254 - Successfully loaded component E:\仿真\合成-化学反应站\UY6-40.SLDPRT
2026-06-17 12:37:22,782 INFO  CommonSwOperations.cs: 245 - Loading component with PID hB     ???QS 0 5 0 6 - S 2 2 0 0 8 1 7 - 6 0 - 0 1 0 0 - A - X 1 - 1 - 1 @ ??M?SO8 ^ ?b?v?bKb/ M S B 6 - 3 5 - 1 @ S 0 5 0 6 - S 2 2 0 0 8 1 7 - 6 0 - 0 1 0 0 - A - X 1 - 1                !   
2026-06-17 12:37:22,783 INFO  CommonSwOperations.cs: 254 - Successfully loaded component E:\仿真\合成-化学反应站\MSB6-35.SLDPRT
2026-06-17 12:37:22,783 INFO  CommonSwOperations.cs: 245 - Loading component with PID hB     ???PS 0 5 0 6 - S 2 2 0 0 8 1 7 - 6 0 - 0 1 0 0 - A - X 1 - 1 - 1 @ ??M?SO8 ^ ?b?v?bKb/ U Y 6 - 4 0 - 1 @ S 0 5 0 6 - S 2 2 0 0 8 1 7 - 6 0 - 0 1 0 0 - A - X 1 - 1                   
2026-06-17 12:37:22,783 INFO  CommonSwOperations.cs: 254 - Successfully loaded component E:\仿真\合成-化学反应站\UY6-40.SLDPRT
2026-06-17 12:37:22,783 INFO  CommonSwOperations.cs: 245 - Loading component with PID hB     ???`S 0 5 0 6 - S 2 2 0 0 8 1 7 - 6 0 - 0 1 0 0 - A - X 1 - 1 - 1 @ ??M?SO8 ^ ?b?v?bKb/ X Y 2 6 0 3 0 4 - 2 A . 0 2 - 0 4   ?e?v9Y*r- 1 @ S 0 5 0 6 - S 2 2 0 0 8 1 7 - 6 0 - 0 1 0 0 - A - X 1 - 1                #   
2026-06-17 12:37:22,783 INFO  CommonSwOperations.cs: 254 - Successfully loaded component E:\仿真\合成-化学反应站\XY260304-2A.02-04 旋盖夹爪.SLDPRT
2026-06-17 12:37:22,783 INFO  CommonSwOperations.cs: 245 - Loading component with PID hB     ????S 0 5 0 6 - S 2 2 0 0 8 1 7 - 6 0 - 0 1 0 0 - A - X 1 - 1 - 1 @ ??M?SO8 ^ ?b?v?bKb/ M G N 9 C 1 R 7 0 E 5 Z 0 C ( ????- _ f l e x i b l e 1 ) - 1 - 1 @ S 0 5 0 6 - S 2 2 0 0 8 1 7 - 6 0 - 0 1 0 0 - A - X 1 - 1 / S 0 5 0 6 - M G N 9 C - ?nWW- S 0 8 2 1 - 1 @ M G N 9 C 1 R 7 0 E 5 Z 0 C ( ????- _ f l e x i b l e 1 ) - 1                      
2026-06-17 12:37:22,784 INFO  CommonSwOperations.cs: 254 - Successfully loaded component E:\仿真\合成-化学反应站\S0506-MGN9C-滑块-S0821.SLDPRT
2026-06-17 12:37:22,784 INFO  CommonSwOperations.cs: 230 - Loaded 5 components for link r2_Link
2026-06-17 12:37:22,814 INFO  SwAddin.cs: 344 - Showing property manager
2026-06-17 12:37:24,615 INFO  ExportPropertyManager.cs: 422 - Configuration saved
2026-06-17 12:37:24,617 INFO  ConfigurationSerialization.cs: 276 - URDF Configuration found
<Link z:Id="i1" xmlns="http://schemas.datacontract.org/2004/07/SW2URDF" xmlns:i="http://www.w3.org/2001/XMLSchema-instance" xmlns:z="http://schemas.microsoft.com/2003/10/Serialization/"><Attributes><Attribute z:Id="i2"><AttributeType>name</AttributeType><IsRequired>true</IsRequired><Value i:type="a:string" xmlns:a="http://www.w3.org/2001/XMLSchema">base_link</Value></Attribute></Attributes><ChildElements><URDFElement z:Id="i3" i:type="Inertial"><Attributes/><ChildElements><URDFElement z:Id="i4" i:type="Origin"><Attributes><Attribute z:Id="i5"><AttributeType>xyz</AttributeType><IsRequired>true</IsRequired><Value i:type="a:ArrayOfdouble" xmlns:a="http://schemas.microsoft.com/2003/10/Serialization/Arrays"><a:double>0</a:double><a:double>0</a:double><a:double>0</a:double></Value></Attribute><Attribute z:Id="i6"><AttributeType>rpy</AttributeType><IsRequired>true</IsRequired><Value i:type="a:ArrayOfdouble" xmlns:a="http://schemas.microsoft.com/2003/10/Serialization/Arrays"><a:double>0</a:double><a:double>0</a:double><a:double>0</a:double></Value></Attribute></Attributes><ChildElements/><ElementName>origin</ElementName><required>false</required><RPYAttribute z:Ref="i6"/><XYZAttribute z:Ref="i5"/><isCustomized>false</isCustomized></URDFElement><URDFElement z:Id="i7" i:type="Mass"><Attributes><Attribute z:Id="i8"><AttributeType>value</AttributeType><IsRequired>true</IsRequired><Value i:type="a:double" xmlns:a="http://www.w3.org/2001/XMLSchema">0</Value></Attribute></Attributes><ChildElements/><ElementName>mass</ElementName><required>false</required><ValueAttribute z:Ref="i8"/></URDFElement><URDFElement z:Id="i9" i:type="Inertia"><Attributes><Attribute z:Id="i10"><AttributeType>ixx</AttributeType><IsRequired>true</IsRequired><Value i:type="a:double" xmlns:a="http://www.w3.org/2001/XMLSchema">0</Value></Attribute><Attribute z:Id="i11"><AttributeType>ixy</AttributeType><IsRequired>true</IsRequired><Value i:type="a:double" xmlns:a="http://www.w3.org/2001/XMLSchema">0</Value></Attribute><Attribute z:Id="i12"><AttributeType>ixz</AttributeType><IsRequired>true</IsRequired><Value i:type="a:double" xmlns:a="http://www.w3.org/2001/XMLSchema">0</Value></Attribute><Attribute z:Id="i13"><AttributeType>iyy</AttributeType><IsRequired>true</IsRequired><Value i:type="a:double" xmlns:a="http://www.w3.org/2001/XMLSchema">0</Value></Attribute><Attribute z:Id="i14"><AttributeType>iyz</AttributeType><IsRequired>true</IsRequired><Value i:type="a:double" xmlns:a="http://www.w3.org/2001/XMLSchema">0</Value></Attribute><Attribute z:Id="i15"><AttributeType>izz</AttributeType><IsRequired>true</IsRequired><Value i:type="a:double" xmlns:a="http://www.w3.org/2001/XMLSchema">0</Value></Attribute></Attributes><ChildElements/><ElementName>inertia</ElementName><required>false</required><IxxAttribute z:Ref="i10"/><IxyAttribute z:Ref="i11"/><IxzAttribute z:Ref="i12"/><IyyAttribute z:Ref="i13"/><IyzAttribute z:Ref="i14"/><IzzAttribute z:Ref="i15"/></URDFElement></ChildElements><ElementName>inertial</ElementName><required>false</required><Inertia z:Ref="i9"/><Mass z:Ref="i7"/><Origin z:Ref="i4"/></URDFElement><URDFElement z:Id="i16" i:type="Visual"><Attributes/><ChildElements><URDFElement z:Id="i17" i:type="Origin"><Attributes><Attribute z:Id="i18"><AttributeType>xyz</AttributeType><IsRequired>true</IsRequired><Value i:type="a:ArrayOfdouble" xmlns:a="http://schemas.microsoft.com/2003/10/Serialization/Arrays"><a:double>0</a:double><a:double>0</a:double><a:double>0</a:double></Value></Attribute><Attribute z:Id="i19"><AttributeType>rpy</AttributeType><IsRequired>true</IsRequired><Value i:type="a:ArrayOfdouble" xmlns:a="http://schemas.microsoft.com/2003/10/Serialization/Arrays"><a:double>0</a:double><a:double>0</a:double><a:double>0</a:double></Value></Attribute></Attributes><ChildElements/><ElementName>origin</ElementName><required>false</required><RPYAttribute z:Ref="i19"/><XYZAttribute z:Ref="i18"/><isCustomized>false</isCustomized></URDFElement><URDFElement z:Id="i20" i:type="Geometry"><Attributes/><ChildElements><URDFElement z:Id="i21" i:type="Mesh"><Attributes><Attribute z:Id="i22"><AttributeType>filename</AttributeType><IsRequired>true</IsRequired><Value i:nil="true"/></Attribute></Attributes><ChildElements/><ElementName>mesh</ElementName><required>false</required><FilenameAttribute z:Ref="i22"/></URDFElement></ChildElements><ElementName>geometry</ElementName><required>true</required><Mesh z:Ref="i21"/></URDFElement><URDFElement z:Id="i23" i:type="Material"><Attributes><Attribute z:Id="i24"><AttributeType>name</AttributeType><IsRequired>true</IsRequired><Value i:type="a:string" xmlns:a="http://www.w3.org/2001/XMLSchema"/></Attribute></Attributes><ChildElements><URDFElement z:Id="i25" i:type="Color"><Attributes><Attribute z:Id="i26"><AttributeType>rgba</AttributeType><IsRequired>true</IsRequired><Value i:type="a:ArrayOfdouble" xmlns:a="http://schemas.microsoft.com/2003/10/Serialization/Arrays"><a:double>1</a:double><a:double>1</a:double><a:double>1</a:double><a:double>1</a:double></Value></Attribute></Attributes><ChildElements/><ElementName>color</ElementName><required>false</required><RGBAAttribute z:Ref="i26"/></URDFElement><URDFElement z:Id="i27" i:type="Texture"><Attributes><Attribute z:Id="i28"><AttributeType>filename</AttributeType><IsRequired>true</IsRequired><Value i:nil="true"/></Attribute></Attributes><ChildElements/><ElementName>texture</ElementName><required>false</required><FilenameAttribute z:Ref="i28"/><wFilename/></URDFElement></ChildElements><ElementName>material</ElementName><required>false</required><Color z:Ref="i25"/><NameAttribute z:Ref="i24"/><Texture z:Ref="i27"/></URDFElement></ChildElements><ElementName>visual</ElementName><required>false</required><Geometry z:Ref="i20"/><Material z:Ref="i23"/><Origin z:Ref="i17"/></URDFElement><URDFElement z:Id="i29" i:type="Collision"><Attributes/><ChildElements><URDFElement z:Id="i30" i:type="Origin"><Attributes><Attribute z:Id="i31"><AttributeType>xyz</AttributeType><IsRequired>true</IsRequired><Value i:type="a:ArrayOfdouble" xmlns:a="http://schemas.microsoft.com/2003/10/Serialization/Arrays"><a:double>0</a:double><a:double>0</a:double><a:double>0</a:double></Value></Attribute><Attribute z:Id="i32"><AttributeType>rpy</AttributeType><IsRequired>true</IsRequired><Value i:type="a:ArrayOfdouble" xmlns:a="http://schemas.microsoft.com/2003/10/Serialization/Arrays"><a:double>0</a:double><a:double>0</a:double><a:double>0</a:double></Value></Attribute></Attributes><ChildElements/><ElementName>origin</ElementName><required>false</required><RPYAttribute z:Ref="i32"/><XYZAttribute z:Ref="i31"/><isCustomized>false</isCustomized></URDFElement><URDFElement z:Id="i33" i:type="Geometry"><Attributes/><ChildElements><URDFElement z:Id="i34" i:type="Mesh"><Attributes><Attribute z:Id="i35"><AttributeType>filename</AttributeType><IsRequired>true</IsRequired><Value i:nil="true"/></Attribute></Attributes><ChildElements/><ElementName>mesh</ElementName><required>false</required><FilenameAttribute z:Ref="i35"/></URDFElement></ChildElements><ElementName>geometry</ElementName><required>true</required><Mesh z:Ref="i34"/></URDFElement></ChildElements><ElementName>collision</ElementName><required>false</required><Geometry z:Ref="i33"/><Origin z:Ref="i30"/></URDFElement><URDFElement z:Id="i36" i:type="Joint"><Attributes><Attribute z:Id="i37"><AttributeType>name</AttributeType><IsRequired>true</IsRequired><Value i:type="a:string" xmlns:a="http://www.w3.org/2001/XMLSchema"/></Attribute><Attribute z:Id="i38"><AttributeType>type</AttributeType><IsRequired>true</IsRequired><Value i:type="a:string" xmlns:a="http://www.w3.org/2001/XMLSchema"/></Attribute></Attributes><ChildElements><URDFElement z:Id="i39" i:type="Origin"><Attributes><Attribute z:Id="i40"><AttributeType>xyz</AttributeType><IsRequired>true</IsRequired><Value i:type="a:ArrayOfdouble" xmlns:a="http://schemas.microsoft.com/2003/10/Serialization/Arrays"><a:double>0</a:double><a:double>0</a:double><a:double>0</a:double></Value></Attribute><Attribute z:Id="i41"><AttributeType>rpy</AttributeType><IsRequired>true</IsRequired><Value i:type="a:ArrayOfdouble" xmlns:a="http://schemas.microsoft.com/2003/10/Serialization/Arrays"><a:double>0</a:double><a:double>0</a:double><a:double>0</a:double></Value></Attribute></Attributes><ChildElements/><ElementName>origin</ElementName><required>false</required><RPYAttribute z:Ref="i41"/><XYZAttribute z:Ref="i40"/><isCustomized>false</isCustomized></URDFElement><URDFElement z:Id="i42" i:type="ParentLink"><Attributes><Attribute z:Id="i43"><AttributeType>link</AttributeType><IsRequired>true</IsRequired><Value i:type="a:string" xmlns:a="http://www.w3.org/2001/XMLSchema"/></Attribute></Attributes><ChildElements/><ElementName>parent</ElementName><required>true</required><NameAttribute z:Ref="i43"/></URDFElement><URDFElement z:Id="i44" i:type="ChildLink"><Attributes><Attribute z:Id="i45"><AttributeType>link</AttributeType><IsRequired>true</IsRequired><Value i:type="a:string" xmlns:a="http://www.w3.org/2001/XMLSchema"/></Attribute></Attributes><ChildElements/><ElementName>child</ElementName><required>true</required><NameAttribute z:Ref="i45"/></URDFElement><URDFElement z:Id="i46" i:type="Axis"><Attributes><Attribute z:Id="i47"><AttributeType>xyz</AttributeType><IsRequired>true</IsRequired><Value i:type="a:ArrayOfdouble" xmlns:a="http://schemas.microsoft.com/2003/10/Serialization/Arrays"><a:double>0</a:double><a:double>0</a:double><a:double>0</a:double></Value></Attribute></Attributes><ChildElements/><ElementName>axis</ElementName><required>false</required><XYZAttribute z:Ref="i47"/></URDFElement><URDFElement z:Id="i48" i:type="Limit"><Attributes><Attribute z:Id="i49"><AttributeType>lower</AttributeType><IsRequired>false</IsRequired><Value i:nil="true"/></Attribute><Attribute z:Id="i50"><AttributeType>upper</AttributeType><IsRequired>false</IsRequired><Value i:nil="true"/></Attribute><Attribute z:Id="i51"><AttributeType>effort</AttributeType><IsRequired>true</IsRequired><Value i:nil="true"/></Attribute><Attribute z:Id="i52"><AttributeType>velocity</AttributeType><IsRequired>true</IsRequired><Value i:nil="true"/></Attribute></Attributes><ChildElements/><ElementName>limit</ElementName><required>false</required><EffortAttribute z:Ref="i51"/><LowerAttribute z:Ref="i49"/><UpperAttribute z:Ref="i50"/><VelocityAttribute z:Ref="i52"/></URDFElement><URDFElement z:Id="i53" i:type="Calibration"><Attributes><Attribute z:Id="i54"><AttributeType>rising</AttributeType><IsRequired>false</IsRequired><Value i:nil="true"/></Attribute><Attribute z:Id="i55"><AttributeType>falling</AttributeType><IsRequired>false</IsRequired><Value i:nil="true"/></Attribute></Attributes><ChildElements/><ElementName>calibration</ElementName><required>false</required><FallingAttribute z:Ref="i55"/><RisingAttribute z:Ref="i54"/></URDFElement><URDFElement z:Id="i56" i:type="Dynamics"><Attributes><Attribute z:Id="i57"><AttributeType>damping</AttributeType><IsRequired>false</IsRequired><Value i:nil="true"/></Attribute><Attribute z:Id="i58"><AttributeType>friction</AttributeType><IsRequired>false</IsRequired><Value i:nil="true"/></Attribute></Attributes><ChildElements/><ElementName>dynamics</ElementName><required>false</required><DampingAttribute z:Ref="i57"/><FrictionAttribute z:Ref="i58"/></URDFElement><URDFElement z:Id="i59" i:type="SafetyController"><Attributes><Attribute z:Id="i60"><AttributeType>soft_upper_limit</AttributeType><IsRequired>false</IsRequired><Value i:nil="true"/></Attribute><Attribute z:Id="i61"><AttributeType>soft_lower_limit</AttributeType><IsRequired>false</IsRequired><Value i:nil="true"/></Attribute><Attribute z:Id="i62"><AttributeType>k_position</AttributeType><IsRequired>false</IsRequired><Value i:nil="true"/></Attribute><Attribute z:Id="i63"><AttributeType>k_velocity</AttributeType><IsRequired>true</IsRequired><Value i:nil="true"/></Attribute></Attributes><ChildElements/><ElementName>safety_controller</ElementName><required>false</required><KPositionAttribute z:Ref="i62"/><KVelocityAttribute z:Ref="i63"/><SoftLowerAttribute z:Ref="i61"/><SoftUpperAttribute z:Ref="i60"/></URDFElement><URDFElement z:Id="i64" i:type="Mimic"><Attributes><Attribute z:Id="i65"><AttributeType>joint</AttributeType><IsRequired>true</IsRequired><Value i:nil="true"/></Attribute><Attribute z:Id="i66"><AttributeType>multiplier</AttributeType><IsRequired>false</IsRequired><Value i:nil="true"/></Attribute><Attribute z:Id="i67"><AttributeType>offset</AttributeType><IsRequired>false</IsRequired><Value i:nil="true"/></Attribute></Attributes><ChildElements/><ElementName>mimic</ElementName><required>false</required><JointNameAttribute z:Ref="i65"/><MultiplierAttribute z:Ref="i66"/><OffsetAttribute z:Ref="i67"/></URDFElement></ChildElements><ElementName>joint</ElementName><required>false</required><Axis z:Ref="i46"/><AxisName/><Calibration z:Ref="i53"/><Child z:Ref="i44"/><CoordinateSystemName>base</CoordinateSystemName><Dynamics z:Ref="i56"/><Limit z:Ref="i48"/><Mimic z:Ref="i64"/><NameAttribute z:Ref="i37"/><Origin z:Ref="i39"/><Parent z:Ref="i42"/><Safety z:Ref="i59"/><TypeAttribute z:Ref="i38"/></URDFElement></ChildElements><ElementName>link</ElementName><required>true</required><Children><Link z:Id="i68"><Attributes><Attribute z:Id="i69"><AttributeType>name</AttributeType><IsRequired>true</IsRequired><Value i:type="a:string" xmlns:a="http://www.w3.org/2001/XMLSchema">rotate_Link</Value></Attribute></Attributes><ChildElements><URDFElement z:Id="i70" i:type="Inertial"><Attributes/><ChildElements><URDFElement z:Id="i71" i:type="Origin"><Attributes><Attribute z:Id="i72"><AttributeType>xyz</AttributeType><IsRequired>true</IsRequired><Value i:type="a:ArrayOfdouble" xmlns:a="http://schemas.microsoft.com/2003/10/Serialization/Arrays"><a:double>0</a:double><a:double>0</a:double><a:double>0</a:double></Value></Attribute><Attribute z:Id="i73"><AttributeType>rpy</AttributeType><IsRequired>true</IsRequired><Value i:type="a:ArrayOfdouble" xmlns:a="http://schemas.microsoft.com/2003/10/Serialization/Arrays"><a:double>0</a:double><a:double>0</a:double><a:double>0</a:double></Value></Attribute></Attributes><ChildElements/><ElementName>origin</ElementName><required>false</required><RPYAttribute z:Ref="i73"/><XYZAttribute z:Ref="i72"/><isCustomized>false</isCustomized></URDFElement><URDFElement z:Id="i74" i:type="Mass"><Attributes><Attribute z:Id="i75"><AttributeType>value</AttributeType><IsRequired>true</IsRequired><Value i:type="a:double" xmlns:a="http://www.w3.org/2001/XMLSchema">0</Value></Attribute></Attributes><ChildElements/><ElementName>mass</ElementName><required>false</required><ValueAttribute z:Ref="i75"/></URDFElement><URDFElement z:Id="i76" i:type="Inertia"><Attributes><Attribute z:Id="i77"><AttributeType>ixx</AttributeType><IsRequired>true</IsRequired><Value i:type="a:double" xmlns:a="http://www.w3.org/2001/XMLSchema">0</Value></Attribute><Attribute z:Id="i78"><AttributeType>ixy</AttributeType><IsRequired>true</IsRequired><Value i:type="a:double" xmlns:a="http://www.w3.org/2001/XMLSchema">0</Value></Attribute><Attribute z:Id="i79"><AttributeType>ixz</AttributeType><IsRequired>true</IsRequired><Value i:type="a:double" xmlns:a="http://www.w3.org/2001/XMLSchema">0</Value></Attribute><Attribute z:Id="i80"><AttributeType>iyy</AttributeType><IsRequired>true</IsRequired><Value i:type="a:double" xmlns:a="http://www.w3.org/2001/XMLSchema">0</Value></Attribute><Attribute z:Id="i81"><AttributeType>iyz</AttributeType><IsRequired>true</IsRequired><Value i:type="a:double" xmlns:a="http://www.w3.org/2001/XMLSchema">0</Value></Attribute><Attribute z:Id="i82"><AttributeType>izz</AttributeType><IsRequired>true</IsRequired><Value i:type="a:double" xmlns:a="http://www.w3.org/2001/XMLSchema">0</Value></Attribute></Attributes><ChildElements/><ElementName>inertia</ElementName><required>false</required><IxxAttribute z:Ref="i77"/><IxyAttribute z:Ref="i78"/><IxzAttribute z:Ref="i79"/><IyyAttribute z:Ref="i80"/><IyzAttribute z:Ref="i81"/><IzzAttribute z:Ref="i82"/></URDFElement></ChildElements><ElementName>inertial</ElementName><required>false</required><Inertia z:Ref="i76"/><Mass z:Ref="i74"/><Origin z:Ref="i71"/></URDFElement><URDFElement z:Id="i83" i:type="Visual"><Attributes/><ChildElements><URDFElement z:Id="i84" i:type="Origin"><Attributes><Attribute z:Id="i85"><AttributeType>xyz</AttributeType><IsRequired>true</IsRequired><Value i:type="a:ArrayOfdouble" xmlns:a="http://schemas.microsoft.com/2003/10/Serialization/Arrays"><a:double>0</a:double><a:double>0</a:double><a:double>0</a:double></Value></Attribute><Attribute z:Id="i86"><AttributeType>rpy</AttributeType><IsRequired>true</IsRequired><Value i:type="a:ArrayOfdouble" xmlns:a="http://schemas.microsoft.com/2003/10/Serialization/Arrays"><a:double>0</a:double><a:double>0</a:double><a:double>0</a:double></Value></Attribute></Attributes><ChildElements/><ElementName>origin</ElementName><required>false</required><RPYAttribute z:Ref="i86"/><XYZAttribute z:Ref="i85"/><isCustomized>false</isCustomized></URDFElement><URDFElement z:Id="i87" i:type="Geometry"><Attributes/><ChildElements><URDFElement z:Id="i88" i:type="Mesh"><Attributes><Attribute z:Id="i89"><AttributeType>filename</AttributeType><IsRequired>true</IsRequired><Value i:nil="true"/></Attribute></Attributes><ChildElements/><ElementName>mesh</ElementName><required>false</required><FilenameAttribute z:Ref="i89"/></URDFElement></ChildElements><ElementName>geometry</ElementName><required>true</required><Mesh z:Ref="i88"/></URDFElement><URDFElement z:Id="i90" i:type="Material"><Attributes><Attribute z:Id="i91"><AttributeType>name</AttributeType><IsRequired>true</IsRequired><Value i:type="a:string" xmlns:a="http://www.w3.org/2001/XMLSchema"/></Attribute></Attributes><ChildElements><URDFElement z:Id="i92" i:type="Color"><Attributes><Attribute z:Id="i93"><AttributeType>rgba</AttributeType><IsRequired>true</IsRequired><Value i:type="a:ArrayOfdouble" xmlns:a="http://schemas.microsoft.com/2003/10/Serialization/Arrays"><a:double>1</a:double><a:double>1</a:double><a:double>1</a:double><a:double>1</a:double></Value></Attribute></Attributes><ChildElements/><ElementName>color</ElementName><required>false</required><RGBAAttribute z:Ref="i93"/></URDFElement><URDFElement z:Id="i94" i:type="Texture"><Attributes><Attribute z:Id="i95"><AttributeType>filename</AttributeType><IsRequired>true</IsRequired><Value i:nil="true"/></Attribute></Attributes><ChildElements/><ElementName>texture</ElementName><required>false</required><FilenameAttribute z:Ref="i95"/><wFilename/></URDFElement></ChildElements><ElementName>material</ElementName><required>false</required><Color z:Ref="i92"/><NameAttribute z:Ref="i91"/><Texture z:Ref="i94"/></URDFElement></ChildElements><ElementName>visual</ElementName><required>false</required><Geometry z:Ref="i87"/><Material z:Ref="i90"/><Origin z:Ref="i84"/></URDFElement><URDFElement z:Id="i96" i:type="Collision"><Attributes/><ChildElements><URDFElement z:Id="i97" i:type="Origin"><Attributes><Attribute z:Id="i98"><AttributeType>xyz</AttributeType><IsRequired>true</IsRequired><Value i:type="a:ArrayOfdouble" xmlns:a="http://schemas.microsoft.com/2003/10/Serialization/Arrays"><a:double>0</a:double><a:double>0</a:double><a:double>0</a:double></Value></Attribute><Attribute z:Id="i99"><AttributeType>rpy</AttributeType><IsRequired>true</IsRequired><Value i:type="a:ArrayOfdouble" xmlns:a="http://schemas.microsoft.com/2003/10/Serialization/Arrays"><a:double>0</a:double><a:double>0</a:double><a:double>0</a:double></Value></Attribute></Attributes><ChildElements/><ElementName>origin</ElementName><required>false</required><RPYAttribute z:Ref="i99"/><XYZAttribute z:Ref="i98"/><isCustomized>false</isCustomized></URDFElement><URDFElement z:Id="i100" i:type="Geometry"><Attributes/><ChildElements><URDFElement z:Id="i101" i:type="Mesh"><Attributes><Attribute z:Id="i102"><AttributeType>filename</AttributeType><IsRequired>true</IsRequired><Value i:nil="true"/></Attribute></Attributes><ChildElements/><ElementName>mesh</ElementName><required>false</required><FilenameAttribute z:Ref="i102"/></URDFElement></ChildElements><ElementName>geometry</ElementName><required>true</required><Mesh z:Ref="i101"/></URDFElement></ChildElements><ElementName>collision</ElementName><required>false</required><Geometry z:Ref="i100"/><Origin z:Ref="i97"/></URDFElement><URDFElement z:Id="i103" i:type="Joint"><Attributes><Attribute z:Id="i104"><AttributeType>name</AttributeType><IsRequired>true</IsRequired><Value i:type="a:string" xmlns:a="http://www.w3.org/2001/XMLSchema">rotate_joint</Value></Attribute><Attribute z:Id="i105"><AttributeType>type</AttributeType><IsRequired>true</IsRequired><Value i:type="a:string" xmlns:a="http://www.w3.org/2001/XMLSchema">continuous</Value></Attribute></Attributes><ChildElements><URDFElement z:Id="i106" i:type="Origin"><Attributes><Attribute z:Id="i107"><AttributeType>xyz</AttributeType><IsRequired>true</IsRequired><Value i:type="a:ArrayOfdouble" xmlns:a="http://schemas.microsoft.com/2003/10/Serialization/Arrays"><a:double>0</a:double><a:double>0</a:double><a:double>0</a:double></Value></Attribute><Attribute z:Id="i108"><AttributeType>rpy</AttributeType><IsRequired>true</IsRequired><Value i:type="a:ArrayOfdouble" xmlns:a="http://schemas.microsoft.com/2003/10/Serialization/Arrays"><a:double>0</a:double><a:double>0</a:double><a:double>0</a:double></Value></Attribute></Attributes><ChildElements/><ElementName>origin</ElementName><required>false</required><RPYAttribute z:Ref="i108"/><XYZAttribute z:Ref="i107"/><isCustomized>false</isCustomized></URDFElement><URDFElement z:Id="i109" i:type="ParentLink"><Attributes><Attribute z:Id="i110"><AttributeType>link</AttributeType><IsRequired>true</IsRequired><Value i:type="a:string" xmlns:a="http://www.w3.org/2001/XMLSchema"/></Attribute></Attributes><ChildElements/><ElementName>parent</ElementName><required>true</required><NameAttribute z:Ref="i110"/></URDFElement><URDFElement z:Id="i111" i:type="ChildLink"><Attributes><Attribute z:Id="i112"><AttributeType>link</AttributeType><IsRequired>true</IsRequired><Value i:type="a:string" xmlns:a="http://www.w3.org/2001/XMLSchema"/></Attribute></Attributes><ChildElements/><ElementName>child</ElementName><required>true</required><NameAttribute z:Ref="i112"/></URDFElement><URDFElement z:Id="i113" i:type="Axis"><Attributes><Attribute z:Id="i114"><AttributeType>xyz</AttributeType><IsRequired>true</IsRequired><Value i:type="a:ArrayOfdouble" xmlns:a="http://schemas.microsoft.com/2003/10/Serialization/Arrays"><a:double>0</a:double><a:double>0</a:double><a:double>0</a:double></Value></Attribute></Attributes><ChildElements/><ElementName>axis</ElementName><required>false</required><XYZAttribute z:Ref="i114"/></URDFElement><URDFElement z:Id="i115" i:type="Limit"><Attributes><Attribute z:Id="i116"><AttributeType>lower</AttributeType><IsRequired>false</IsRequired><Value i:nil="true"/></Attribute><Attribute z:Id="i117"><AttributeType>upper</AttributeType><IsRequired>false</IsRequired><Value i:nil="true"/></Attribute><Attribute z:Id="i118"><AttributeType>effort</AttributeType><IsRequired>true</IsRequired><Value i:nil="true"/></Attribute><Attribute z:Id="i119"><AttributeType>velocity</AttributeType><IsRequired>true</IsRequired><Value i:nil="true"/></Attribute></Attributes><ChildElements/><ElementName>limit</ElementName><required>false</required><EffortAttribute z:Ref="i118"/><LowerAttribute z:Ref="i116"/><UpperAttribute z:Ref="i117"/><VelocityAttribute z:Ref="i119"/></URDFElement><URDFElement z:Id="i120" i:type="Calibration"><Attributes><Attribute z:Id="i121"><AttributeType>rising</AttributeType><IsRequired>false</IsRequired><Value i:nil="true"/></Attribute><Attribute z:Id="i122"><AttributeType>falling</AttributeType><IsRequired>false</IsRequired><Value i:nil="true"/></Attribute></Attributes><ChildElements/><ElementName>calibration</ElementName><required>false</required><FallingAttribute z:Ref="i122"/><RisingAttribute z:Ref="i121"/></URDFElement><URDFElement z:Id="i123" i:type="Dynamics"><Attributes><Attribute z:Id="i124"><AttributeType>damping</AttributeType><IsRequired>false</IsRequired><Value i:nil="true"/></Attribute><Attribute z:Id="i125"><AttributeType>friction</AttributeType><IsRequired>false</IsRequired><Value i:nil="true"/></Attribute></Attributes><ChildElements/><ElementName>dynamics</ElementName><required>false</required><DampingAttribute z:Ref="i124"/><FrictionAttribute z:Ref="i125"/></URDFElement><URDFElement z:Id="i126" i:type="SafetyController"><Attributes><Attribute z:Id="i127"><AttributeType>soft_upper_limit</AttributeType><IsRequired>false</IsRequired><Value i:nil="true"/></Attribute><Attribute z:Id="i128"><AttributeType>soft_lower_limit</AttributeType><IsRequired>false</IsRequired><Value i:nil="true"/></Attribute><Attribute z:Id="i129"><AttributeType>k_position</AttributeType><IsRequired>false</IsRequired><Value i:nil="true"/></Attribute><Attribute z:Id="i130"><AttributeType>k_velocity</AttributeType><IsRequired>true</IsRequired><Value i:nil="true"/></Attribute></Attributes><ChildElements/><ElementName>safety_controller</ElementName><required>false</required><KPositionAttribute z:Ref="i129"/><KVelocityAttribute z:Ref="i130"/><SoftLowerAttribute z:Ref="i128"/><SoftUpperAttribute z:Ref="i127"/></URDFElement><URDFElement z:Id="i131" i:type="Mimic"><Attributes><Attribute z:Id="i132"><AttributeType>joint</AttributeType><IsRequired>true</IsRequired><Value i:nil="true"/></Attribute><Attribute z:Id="i133"><AttributeType>multiplier</AttributeType><IsRequired>false</IsRequired><Value i:nil="true"/></Attribute><Attribute z:Id="i134"><AttributeType>offset</AttributeType><IsRequired>false</IsRequired><Value i:nil="true"/></Attribute></Attributes><ChildElements/><ElementName>mimic</ElementName><required>false</required><JointNameAttribute z:Ref="i132"/><MultiplierAttribute z:Ref="i133"/><OffsetAttribute z:Ref="i134"/></URDFElement></ChildElements><ElementName>joint</ElementName><required>false</required><Axis z:Ref="i113"/><AxisName>_rot</AxisName><Calibration z:Ref="i120"/><Child z:Ref="i111"/><CoordinateSystemName>rot</CoordinateSystemName><Dynamics z:Ref="i123"/><Limit z:Ref="i115"/><Mimic z:Ref="i131"/><NameAttribute z:Ref="i104"/><Origin z:Ref="i106"/><Parent z:Ref="i109"/><Safety z:Ref="i126"/><TypeAttribute z:Ref="i105"/></URDFElement></ChildElements><ElementName>link</ElementName><required>true</required><Children><Link z:Id="i135"><Attributes><Attribute z:Id="i136"><AttributeType>name</AttributeType><IsRequired>true</IsRequired><Value i:type="a:string" xmlns:a="http://www.w3.org/2001/XMLSchema">l_Link</Value></Attribute></Attributes><ChildElements><URDFElement z:Id="i137" i:type="Inertial"><Attributes/><ChildElements><URDFElement z:Id="i138" i:type="Origin"><Attributes><Attribute z:Id="i139"><AttributeType>xyz</AttributeType><IsRequired>true</IsRequired><Value i:type="a:ArrayOfdouble" xmlns:a="http://schemas.microsoft.com/2003/10/Serialization/Arrays"><a:double>0</a:double><a:double>0</a:double><a:double>0</a:double></Value></Attribute><Attribute z:Id="i140"><AttributeType>rpy</AttributeType><IsRequired>true</IsRequired><Value i:type="a:ArrayOfdouble" xmlns:a="http://schemas.microsoft.com/2003/10/Serialization/Arrays"><a:double>0</a:double><a:double>0</a:double><a:double>0</a:double></Value></Attribute></Attributes><ChildElements/><ElementName>origin</ElementName><required>false</required><RPYAttribute z:Ref="i140"/><XYZAttribute z:Ref="i139"/><isCustomized>false</isCustomized></URDFElement><URDFElement z:Id="i141" i:type="Mass"><Attributes><Attribute z:Id="i142"><AttributeType>value</AttributeType><IsRequired>true</IsRequired><Value i:type="a:double" xmlns:a="http://www.w3.org/2001/XMLSchema">0</Value></Attribute></Attributes><ChildElements/><ElementName>mass</ElementName><required>false</required><ValueAttribute z:Ref="i142"/></URDFElement><URDFElement z:Id="i143" i:type="Inertia"><Attributes><Attribute z:Id="i144"><AttributeType>ixx</AttributeType><IsRequired>true</IsRequired><Value i:type="a:double" xmlns:a="http://www.w3.org/2001/XMLSchema">0</Value></Attribute><Attribute z:Id="i145"><AttributeType>ixy</AttributeType><IsRequired>true</IsRequired><Value i:type="a:double" xmlns:a="http://www.w3.org/2001/XMLSchema">0</Value></Attribute><Attribute z:Id="i146"><AttributeType>ixz</AttributeType><IsRequired>true</IsRequired><Value i:type="a:double" xmlns:a="http://www.w3.org/2001/XMLSchema">0</Value></Attribute><Attribute z:Id="i147"><AttributeType>iyy</AttributeType><IsRequired>true</IsRequired><Value i:type="a:double" xmlns:a="http://www.w3.org/2001/XMLSchema">0</Value></Attribute><Attribute z:Id="i148"><AttributeType>iyz</AttributeType><IsRequired>true</IsRequired><Value i:type="a:double" xmlns:a="http://www.w3.org/2001/XMLSchema">0</Value></Attribute><Attribute z:Id="i149"><AttributeType>izz</AttributeType><IsRequired>true</IsRequired><Value i:type="a:double" xmlns:a="http://www.w3.org/2001/XMLSchema">0</Value></Attribute></Attributes><ChildElements/><ElementName>inertia</ElementName><required>false</required><IxxAttribute z:Ref="i144"/><IxyAttribute z:Ref="i145"/><IxzAttribute z:Ref="i146"/><IyyAttribute z:Ref="i147"/><IyzAttribute z:Ref="i148"/><IzzAttribute z:Ref="i149"/></URDFElement></ChildElements><ElementName>inertial</ElementName><required>false</required><Inertia z:Ref="i143"/><Mass z:Ref="i141"/><Origin z:Ref="i138"/></URDFElement><URDFElement z:Id="i150" i:type="Visual"><Attributes/><ChildElements><URDFElement z:Id="i151" i:type="Origin"><Attributes><Attribute z:Id="i152"><AttributeType>xyz</AttributeType><IsRequired>true</IsRequired><Value i:type="a:ArrayOfdouble" xmlns:a="http://schemas.microsoft.com/2003/10/Serialization/Arrays"><a:double>0</a:double><a:double>0</a:double><a:double>0</a:double></Value></Attribute><Attribute z:Id="i153"><AttributeType>rpy</AttributeType><IsRequired>true</IsRequired><Value i:type="a:ArrayOfdouble" xmlns:a="http://schemas.microsoft.com/2003/10/Serialization/Arrays"><a:double>0</a:double><a:double>0</a:double><a:double>0</a:double></Value></Attribute></Attributes><ChildElements/><ElementName>origin</ElementName><required>false</required><RPYAttribute z:Ref="i153"/><XYZAttribute z:Ref="i152"/><isCustomized>false</isCustomized></URDFElement><URDFElement z:Id="i154" i:type="Geometry"><Attributes/><ChildElements><URDFElement z:Id="i155" i:type="Mesh"><Attributes><Attribute z:Id="i156"><AttributeType>filename</AttributeType><IsRequired>true</IsRequired><Value i:nil="true"/></Attribute></Attributes><ChildElements/><ElementName>mesh</ElementName><required>false</required><FilenameAttribute z:Ref="i156"/></URDFElement></ChildElements><ElementName>geometry</ElementName><required>true</required><Mesh z:Ref="i155"/></URDFElement><URDFElement z:Id="i157" i:type="Material"><Attributes><Attribute z:Id="i158"><AttributeType>name</AttributeType><IsRequired>true</IsRequired><Value i:type="a:string" xmlns:a="http://www.w3.org/2001/XMLSchema"/></Attribute></Attributes><ChildElements><URDFElement z:Id="i159" i:type="Color"><Attributes><Attribute z:Id="i160"><AttributeType>rgba</AttributeType><IsRequired>true</IsRequired><Value i:type="a:ArrayOfdouble" xmlns:a="http://schemas.microsoft.com/2003/10/Serialization/Arrays"><a:double>1</a:double><a:double>1</a:double><a:double>1</a:double><a:double>1</a:double></Value></Attribute></Attributes><ChildElements/><ElementName>color</ElementName><required>false</required><RGBAAttribute z:Ref="i160"/></URDFElement><URDFElement z:Id="i161" i:type="Texture"><Attributes><Attribute z:Id="i162"><AttributeType>filename</AttributeType><IsRequired>true</IsRequired><Value i:nil="true"/></Attribute></Attributes><ChildElements/><ElementName>texture</ElementName><required>false</required><FilenameAttribute z:Ref="i162"/><wFilename/></URDFElement></ChildElements><ElementName>material</ElementName><required>false</required><Color z:Ref="i159"/><NameAttribute z:Ref="i158"/><Texture z:Ref="i161"/></URDFElement></ChildElements><ElementName>visual</ElementName><required>false</required><Geometry z:Ref="i154"/><Material z:Ref="i157"/><Origin z:Ref="i151"/></URDFElement><URDFElement z:Id="i163" i:type="Collision"><Attributes/><ChildElements><URDFElement z:Id="i164" i:type="Origin"><Attributes><Attribute z:Id="i165"><AttributeType>xyz</AttributeType><IsRequired>true</IsRequired><Value i:type="a:ArrayOfdouble" xmlns:a="http://schemas.microsoft.com/2003/10/Serialization/Arrays"><a:double>0</a:double><a:double>0</a:double><a:double>0</a:double></Value></Attribute><Attribute z:Id="i166"><AttributeType>rpy</AttributeType><IsRequired>true</IsRequired><Value i:type="a:ArrayOfdouble" xmlns:a="http://schemas.microsoft.com/2003/10/Serialization/Arrays"><a:double>0</a:double><a:double>0</a:double><a:double>0</a:double></Value></Attribute></Attributes><ChildElements/><ElementName>origin</ElementName><required>false</required><RPYAttribute z:Ref="i166"/><XYZAttribute z:Ref="i165"/><isCustomized>false</isCustomized></URDFElement><URDFElement z:Id="i167" i:type="Geometry"><Attributes/><ChildElements><URDFElement z:Id="i168" i:type="Mesh"><Attributes><Attribute z:Id="i169"><AttributeType>filename</AttributeType><IsRequired>true</IsRequired><Value i:nil="true"/></Attribute></Attributes><ChildElements/><ElementName>mesh</ElementName><required>false</required><FilenameAttribute z:Ref="i169"/></URDFElement></ChildElements><ElementName>geometry</ElementName><required>true</required><Mesh z:Ref="i168"/></URDFElement></ChildElements><ElementName>collision</ElementName><required>false</required><Geometry z:Ref="i167"/><Origin z:Ref="i164"/></URDFElement><URDFElement z:Id="i170" i:type="Joint"><Attributes><Attribute z:Id="i171"><AttributeType>name</AttributeType><IsRequired>true</IsRequired><Value i:type="a:string" xmlns:a="http://www.w3.org/2001/XMLSchema">l_joint</Value></Attribute><Attribute z:Id="i172"><AttributeType>type</AttributeType><IsRequired>true</IsRequired><Value i:type="a:string" xmlns:a="http://www.w3.org/2001/XMLSchema">prismatic</Value></Attribute></Attributes><ChildElements><URDFElement z:Id="i173" i:type="Origin"><Attributes><Attribute z:Id="i174"><AttributeType>xyz</AttributeType><IsRequired>true</IsRequired><Value i:type="a:ArrayOfdouble" xmlns:a="http://schemas.microsoft.com/2003/10/Serialization/Arrays"><a:double>0</a:double><a:double>0</a:double><a:double>0</a:double></Value></Attribute><Attribute z:Id="i175"><AttributeType>rpy</AttributeType><IsRequired>true</IsRequired><Value i:type="a:ArrayOfdouble" xmlns:a="http://schemas.microsoft.com/2003/10/Serialization/Arrays"><a:double>0</a:double><a:double>0</a:double><a:double>0</a:double></Value></Attribute></Attributes><ChildElements/><ElementName>origin</ElementName><required>false</required><RPYAttribute z:Ref="i175"/><XYZAttribute z:Ref="i174"/><isCustomized>false</isCustomized></URDFElement><URDFElement z:Id="i176" i:type="ParentLink"><Attributes><Attribute z:Id="i177"><AttributeType>link</AttributeType><IsRequired>true</IsRequired><Value i:type="a:string" xmlns:a="http://www.w3.org/2001/XMLSchema"/></Attribute></Attributes><ChildElements/><ElementName>parent</ElementName><required>true</required><NameAttribute z:Ref="i177"/></URDFElement><URDFElement z:Id="i178" i:type="ChildLink"><Attributes><Attribute z:Id="i179"><AttributeType>link</AttributeType><IsRequired>true</IsRequired><Value i:type="a:string" xmlns:a="http://www.w3.org/2001/XMLSchema"/></Attribute></Attributes><ChildElements/><ElementName>child</ElementName><required>true</required><NameAttribute z:Ref="i179"/></URDFElement><URDFElement z:Id="i180" i:type="Axis"><Attributes><Attribute z:Id="i181"><AttributeType>xyz</AttributeType><IsRequired>true</IsRequired><Value i:type="a:ArrayOfdouble" xmlns:a="http://schemas.microsoft.com/2003/10/Serialization/Arrays"><a:double>0</a:double><a:double>0</a:double><a:double>0</a:double></Value></Attribute></Attributes><ChildElements/><ElementName>axis</ElementName><required>false</required><XYZAttribute z:Ref="i181"/></URDFElement><URDFElement z:Id="i182" i:type="Limit"><Attributes><Attribute z:Id="i183"><AttributeType>lower</AttributeType><IsRequired>true</IsRequired><Value i:nil="true"/></Attribute><Attribute z:Id="i184"><AttributeType>upper</AttributeType><IsRequired>true</IsRequired><Value i:nil="true"/></Attribute><Attribute z:Id="i185"><AttributeType>effort</AttributeType><IsRequired>true</IsRequired><Value i:nil="true"/></Attribute><Attribute z:Id="i186"><AttributeType>velocity</AttributeType><IsRequired>true</IsRequired><Value i:nil="true"/></Attribute></Attributes><ChildElements/><ElementName>limit</ElementName><required>true</required><EffortAttribute z:Ref="i185"/><LowerAttribute z:Ref="i183"/><UpperAttribute z:Ref="i184"/><VelocityAttribute z:Ref="i186"/></URDFElement><URDFElement z:Id="i187" i:type="Calibration"><Attributes><Attribute z:Id="i188"><AttributeType>rising</AttributeType><IsRequired>false</IsRequired><Value i:nil="true"/></Attribute><Attribute z:Id="i189"><AttributeType>falling</AttributeType><IsRequired>false</IsRequired><Value i:nil="true"/></Attribute></Attributes><ChildElements/><ElementName>calibration</ElementName><required>false</required><FallingAttribute z:Ref="i189"/><RisingAttribute z:Ref="i188"/></URDFElement><URDFElement z:Id="i190" i:type="Dynamics"><Attributes><Attribute z:Id="i191"><AttributeType>damping</AttributeType><IsRequired>false</IsRequired><Value i:nil="true"/></Attribute><Attribute z:Id="i192"><AttributeType>friction</AttributeType><IsRequired>false</IsRequired><Value i:nil="true"/></Attribute></Attributes><ChildElements/><ElementName>dynamics</ElementName><required>false</required><DampingAttribute z:Ref="i191"/><FrictionAttribute z:Ref="i192"/></URDFElement><URDFElement z:Id="i193" i:type="SafetyController"><Attributes><Attribute z:Id="i194"><AttributeType>soft_upper_limit</AttributeType><IsRequired>false</IsRequired><Value i:nil="true"/></Attribute><Attribute z:Id="i195"><AttributeType>soft_lower_limit</AttributeType><IsRequired>false</IsRequired><Value i:nil="true"/></Attribute><Attribute z:Id="i196"><AttributeType>k_position</AttributeType><IsRequired>false</IsRequired><Value i:nil="true"/></Attribute><Attribute z:Id="i197"><AttributeType>k_velocity</AttributeType><IsRequired>true</IsRequired><Value i:nil="true"/></Attribute></Attributes><ChildElements/><ElementName>safety_controller</ElementName><required>false</required><KPositionAttribute z:Ref="i196"/><KVelocityAttribute z:Ref="i197"/><SoftLowerAttribute z:Ref="i195"/><SoftUpperAttribute z:Ref="i194"/></URDFElement><URDFElement z:Id="i198" i:type="Mimic"><Attributes><Attribute z:Id="i199"><AttributeType>joint</AttributeType><IsRequired>true</IsRequired><Value i:nil="true"/></Attribute><Attribute z:Id="i200"><AttributeType>multiplier</AttributeType><IsRequired>false</IsRequired><Value i:nil="true"/></Attribute><Attribute z:Id="i201"><AttributeType>offset</AttributeType><IsRequired>false</IsRequired><Value i:nil="true"/></Attribute></Attributes><ChildElements/><ElementName>mimic</ElementName><required>false</required><JointNameAttribute z:Ref="i199"/><MultiplierAttribute z:Ref="i200"/><OffsetAttribute z:Ref="i201"/></URDFElement></ChildElements><ElementName>joint</ElementName><required>false</required><Axis z:Ref="i180"/><AxisName>_l</AxisName><Calibration z:Ref="i187"/><Child z:Ref="i178"/><CoordinateSystemName>l</CoordinateSystemName><Dynamics z:Ref="i190"/><Limit z:Ref="i182"/><Mimic z:Ref="i198"/><NameAttribute z:Ref="i171"/><Origin z:Ref="i173"/><Parent z:Ref="i176"/><Safety z:Ref="i193"/><TypeAttribute z:Ref="i172"/></URDFElement></ChildElements><ElementName>link</ElementName><required>true</required><Children><Link z:Id="i202"><Attributes><Attribute z:Id="i203"><AttributeType>name</AttributeType><IsRequired>true</IsRequired><Value i:type="a:string" xmlns:a="http://www.w3.org/2001/XMLSchema">l2_Link</Value></Attribute></Attributes><ChildElements><URDFElement z:Id="i204" i:type="Inertial"><Attributes/><ChildElements><URDFElement z:Id="i205" i:type="Origin"><Attributes><Attribute z:Id="i206"><AttributeType>xyz</AttributeType><IsRequired>true</IsRequired><Value i:type="a:ArrayOfdouble" xmlns:a="http://schemas.microsoft.com/2003/10/Serialization/Arrays"><a:double>0</a:double><a:double>0</a:double><a:double>0</a:double></Value></Attribute><Attribute z:Id="i207"><AttributeType>rpy</AttributeType><IsRequired>true</IsRequired><Value i:type="a:ArrayOfdouble" xmlns:a="http://schemas.microsoft.com/2003/10/Serialization/Arrays"><a:double>0</a:double><a:double>0</a:double><a:double>0</a:double></Value></Attribute></Attributes><ChildElements/><ElementName>origin</ElementName><required>false</required><RPYAttribute z:Ref="i207"/><XYZAttribute z:Ref="i206"/><isCustomized>false</isCustomized></URDFElement><URDFElement z:Id="i208" i:type="Mass"><Attributes><Attribute z:Id="i209"><AttributeType>value</AttributeType><IsRequired>true</IsRequired><Value i:type="a:double" xmlns:a="http://www.w3.org/2001/XMLSchema">0</Value></Attribute></Attributes><ChildElements/><ElementName>mass</ElementName><required>false</required><ValueAttribute z:Ref="i209"/></URDFElement><URDFElement z:Id="i210" i:type="Inertia"><Attributes><Attribute z:Id="i211"><AttributeType>ixx</AttributeType><IsRequired>true</IsRequired><Value i:type="a:double" xmlns:a="http://www.w3.org/2001/XMLSchema">0</Value></Attribute><Attribute z:Id="i212"><AttributeType>ixy</AttributeType><IsRequired>true</IsRequired><Value i:type="a:double" xmlns:a="http://www.w3.org/2001/XMLSchema">0</Value></Attribute><Attribute z:Id="i213"><AttributeType>ixz</AttributeType><IsRequired>true</IsRequired><Value i:type="a:double" xmlns:a="http://www.w3.org/2001/XMLSchema">0</Value></Attribute><Attribute z:Id="i214"><AttributeType>iyy</AttributeType><IsRequired>true</IsRequired><Value i:type="a:double" xmlns:a="http://www.w3.org/2001/XMLSchema">0</Value></Attribute><Attribute z:Id="i215"><AttributeType>iyz</AttributeType><IsRequired>true</IsRequired><Value i:type="a:double" xmlns:a="http://www.w3.org/2001/XMLSchema">0</Value></Attribute><Attribute z:Id="i216"><AttributeType>izz</AttributeType><IsRequired>true</IsRequired><Value i:type="a:double" xmlns:a="http://www.w3.org/2001/XMLSchema">0</Value></Attribute></Attributes><ChildElements/><ElementName>inertia</ElementName><required>false</required><IxxAttribute z:Ref="i211"/><IxyAttribute z:Ref="i212"/><IxzAttribute z:Ref="i213"/><IyyAttribute z:Ref="i214"/><IyzAttribute z:Ref="i215"/><IzzAttribute z:Ref="i216"/></URDFElement></ChildElements><ElementName>inertial</ElementName><required>false</required><Inertia z:Ref="i210"/><Mass z:Ref="i208"/><Origin z:Ref="i205"/></URDFElement><URDFElement z:Id="i217" i:type="Visual"><Attributes/><ChildElements><URDFElement z:Id="i218" i:type="Origin"><Attributes><Attribute z:Id="i219"><AttributeType>xyz</AttributeType><IsRequired>true</IsRequired><Value i:type="a:ArrayOfdouble" xmlns:a="http://schemas.microsoft.com/2003/10/Serialization/Arrays"><a:double>0</a:double><a:double>0</a:double><a:double>0</a:double></Value></Attribute><Attribute z:Id="i220"><AttributeType>rpy</AttributeType><IsRequired>true</IsRequired><Value i:type="a:ArrayOfdouble" xmlns:a="http://schemas.microsoft.com/2003/10/Serialization/Arrays"><a:double>0</a:double><a:double>0</a:double><a:double>0</a:double></Value></Attribute></Attributes><ChildElements/><ElementName>origin</ElementName><required>false</required><RPYAttribute z:Ref="i220"/><XYZAttribute z:Ref="i219"/><isCustomized>false</isCustomized></URDFElement><URDFElement z:Id="i221" i:type="Geometry"><Attributes/><ChildElements><URDFElement z:Id="i222" i:type="Mesh"><Attributes><Attribute z:Id="i223"><AttributeType>filename</AttributeType><IsRequired>true</IsRequired><Value i:nil="true"/></Attribute></Attributes><ChildElements/><ElementName>mesh</ElementName><required>false</required><FilenameAttribute z:Ref="i223"/></URDFElement></ChildElements><ElementName>geometry</ElementName><required>true</required><Mesh z:Ref="i222"/></URDFElement><URDFElement z:Id="i224" i:type="Material"><Attributes><Attribute z:Id="i225"><AttributeType>name</AttributeType><IsRequired>true</IsRequired><Value i:type="a:string" xmlns:a="http://www.w3.org/2001/XMLSchema"/></Attribute></Attributes><ChildElements><URDFElement z:Id="i226" i:type="Color"><Attributes><Attribute z:Id="i227"><AttributeType>rgba</AttributeType><IsRequired>true</IsRequired><Value i:type="a:ArrayOfdouble" xmlns:a="http://schemas.microsoft.com/2003/10/Serialization/Arrays"><a:double>1</a:double><a:double>1</a:double><a:double>1</a:double><a:double>1</a:double></Value></Attribute></Attributes><ChildElements/><ElementName>color</ElementName><required>false</required><RGBAAttribute z:Ref="i227"/></URDFElement><URDFElement z:Id="i228" i:type="Texture"><Attributes><Attribute z:Id="i229"><AttributeType>filename</AttributeType><IsRequired>true</IsRequired><Value i:nil="true"/></Attribute></Attributes><ChildElements/><ElementName>texture</ElementName><required>false</required><FilenameAttribute z:Ref="i229"/><wFilename/></URDFElement></ChildElements><ElementName>material</ElementName><required>false</required><Color z:Ref="i226"/><NameAttribute z:Ref="i225"/><Texture z:Ref="i228"/></URDFElement></ChildElements><ElementName>visual</ElementName><required>false</required><Geometry z:Ref="i221"/><Material z:Ref="i224"/><Origin z:Ref="i218"/></URDFElement><URDFElement z:Id="i230" i:type="Collision"><Attributes/><ChildElements><URDFElement z:Id="i231" i:type="Origin"><Attributes><Attribute z:Id="i232"><AttributeType>xyz</AttributeType><IsRequired>true</IsRequired><Value i:type="a:ArrayOfdouble" xmlns:a="http://schemas.microsoft.com/2003/10/Serialization/Arrays"><a:double>0</a:double><a:double>0</a:double><a:double>0</a:double></Value></Attribute><Attribute z:Id="i233"><AttributeType>rpy</AttributeType><IsRequired>true</IsRequired><Value i:type="a:ArrayOfdouble" xmlns:a="http://schemas.microsoft.com/2003/10/Serialization/Arrays"><a:double>0</a:double><a:double>0</a:double><a:double>0</a:double></Value></Attribute></Attributes><ChildElements/><ElementName>origin</ElementName><required>false</required><RPYAttribute z:Ref="i233"/><XYZAttribute z:Ref="i232"/><isCustomized>false</isCustomized></URDFElement><URDFElement z:Id="i234" i:type="Geometry"><Attributes/><ChildElements><URDFElement z:Id="i235" i:type="Mesh"><Attributes><Attribute z:Id="i236"><AttributeType>filename</AttributeType><IsRequired>true</IsRequired><Value i:nil="true"/></Attribute></Attributes><ChildElements/><ElementName>mesh</ElementName><required>false</required><FilenameAttribute z:Ref="i236"/></URDFElement></ChildElements><ElementName>geometry</ElementName><required>true</required><Mesh z:Ref="i235"/></URDFElement></ChildElements><ElementName>collision</ElementName><required>false</required><Geometry z:Ref="i234"/><Origin z:Ref="i231"/></URDFElement><URDFElement z:Id="i237" i:type="Joint"><Attributes><Attribute z:Id="i238"><AttributeType>name</AttributeType><IsRequired>true</IsRequired><Value i:type="a:string" xmlns:a="http://www.w3.org/2001/XMLSchema">l2_joint</Value></Attribute><Attribute z:Id="i239"><AttributeType>type</AttributeType><IsRequired>true</IsRequired><Value i:type="a:string" xmlns:a="http://www.w3.org/2001/XMLSchema">prismatic</Value></Attribute></Attributes><ChildElements><URDFElement z:Id="i240" i:type="Origin"><Attributes><Attribute z:Id="i241"><AttributeType>xyz</AttributeType><IsRequired>true</IsRequired><Value i:type="a:ArrayOfdouble" xmlns:a="http://schemas.microsoft.com/2003/10/Serialization/Arrays"><a:double>0</a:double><a:double>0</a:double><a:double>0</a:double></Value></Attribute><Attribute z:Id="i242"><AttributeType>rpy</AttributeType><IsRequired>true</IsRequired><Value i:type="a:ArrayOfdouble" xmlns:a="http://schemas.microsoft.com/2003/10/Serialization/Arrays"><a:double>0</a:double><a:double>0</a:double><a:double>0</a:double></Value></Attribute></Attributes><ChildElements/><ElementName>origin</ElementName><required>false</required><RPYAttribute z:Ref="i242"/><XYZAttribute z:Ref="i241"/><isCustomized>false</isCustomized></URDFElement><URDFElement z:Id="i243" i:type="ParentLink"><Attributes><Attribute z:Id="i244"><AttributeType>link</AttributeType><IsRequired>true</IsRequired><Value i:type="a:string" xmlns:a="http://www.w3.org/2001/XMLSchema"/></Attribute></Attributes><ChildElements/><ElementName>parent</ElementName><required>true</required><NameAttribute z:Ref="i244"/></URDFElement><URDFElement z:Id="i245" i:type="ChildLink"><Attributes><Attribute z:Id="i246"><AttributeType>link</AttributeType><IsRequired>true</IsRequired><Value i:type="a:string" xmlns:a="http://www.w3.org/2001/XMLSchema"/></Attribute></Attributes><ChildElements/><ElementName>child</ElementName><required>true</required><NameAttribute z:Ref="i246"/></URDFElement><URDFElement z:Id="i247" i:type="Axis"><Attributes><Attribute z:Id="i248"><AttributeType>xyz</AttributeType><IsRequired>true</IsRequired><Value i:type="a:ArrayOfdouble" xmlns:a="http://schemas.microsoft.com/2003/10/Serialization/Arrays"><a:double>0</a:double><a:double>0</a:double><a:double>0</a:double></Value></Attribute></Attributes><ChildElements/><ElementName>axis</ElementName><required>false</required><XYZAttribute z:Ref="i248"/></URDFElement><URDFElement z:Id="i249" i:type="Limit"><Attributes><Attribute z:Id="i250"><AttributeType>lower</AttributeType><IsRequired>false</IsRequired><Value i:nil="true"/></Attribute><Attribute z:Id="i251"><AttributeType>upper</AttributeType><IsRequired>false</IsRequired><Value i:nil="true"/></Attribute><Attribute z:Id="i252"><AttributeType>effort</AttributeType><IsRequired>true</IsRequired><Value i:nil="true"/></Attribute><Attribute z:Id="i253"><AttributeType>velocity</AttributeType><IsRequired>true</IsRequired><Value i:nil="true"/></Attribute></Attributes><ChildElements/><ElementName>limit</ElementName><required>false</required><EffortAttribute z:Ref="i252"/><LowerAttribute z:Ref="i250"/><UpperAttribute z:Ref="i251"/><VelocityAttribute z:Ref="i253"/></URDFElement><URDFElement z:Id="i254" i:type="Calibration"><Attributes><Attribute z:Id="i255"><AttributeType>rising</AttributeType><IsRequired>false</IsRequired><Value i:nil="true"/></Attribute><Attribute z:Id="i256"><AttributeType>falling</AttributeType><IsRequired>false</IsRequired><Value i:nil="true"/></Attribute></Attributes><ChildElements/><ElementName>calibration</ElementName><required>false</required><FallingAttribute z:Ref="i256"/><RisingAttribute z:Ref="i255"/></URDFElement><URDFElement z:Id="i257" i:type="Dynamics"><Attributes><Attribute z:Id="i258"><AttributeType>damping</AttributeType><IsRequired>false</IsRequired><Value i:nil="true"/></Attribute><Attribute z:Id="i259"><AttributeType>friction</AttributeType><IsRequired>false</IsRequired><Value i:nil="true"/></Attribute></Attributes><ChildElements/><ElementName>dynamics</ElementName><required>false</required><DampingAttribute z:Ref="i258"/><FrictionAttribute z:Ref="i259"/></URDFElement><URDFElement z:Id="i260" i:type="SafetyController"><Attributes><Attribute z:Id="i261"><AttributeType>soft_upper_limit</AttributeType><IsRequired>false</IsRequired><Value i:nil="true"/></Attribute><Attribute z:Id="i262"><AttributeType>soft_lower_limit</AttributeType><IsRequired>false</IsRequired><Value i:nil="true"/></Attribute><Attribute z:Id="i263"><AttributeType>k_position</AttributeType><IsRequired>false</IsRequired><Value i:nil="true"/></Attribute><Attribute z:Id="i264"><AttributeType>k_velocity</AttributeType><IsRequired>true</IsRequired><Value i:nil="true"/></Attribute></Attributes><ChildElements/><ElementName>safety_controller</ElementName><required>false</required><KPositionAttribute z:Ref="i263"/><KVelocityAttribute z:Ref="i264"/><SoftLowerAttribute z:Ref="i262"/><SoftUpperAttribute z:Ref="i261"/></URDFElement><URDFElement z:Id="i265" i:type="Mimic"><Attributes><Attribute z:Id="i266"><AttributeType>joint</AttributeType><IsRequired>true</IsRequired><Value i:nil="true"/></Attribute><Attribute z:Id="i267"><AttributeType>multiplier</AttributeType><IsRequired>false</IsRequired><Value i:nil="true"/></Attribute><Attribute z:Id="i268"><AttributeType>offset</AttributeType><IsRequired>false</IsRequired><Value i:nil="true"/></Attribute></Attributes><ChildElements/><ElementName>mimic</ElementName><required>false</required><JointNameAttribute z:Ref="i266"/><MultiplierAttribute z:Ref="i267"/><OffsetAttribute z:Ref="i268"/></URDFElement></ChildElements><ElementName>joint</ElementName><required>false</required><Axis z:Ref="i247"/><AxisName>_l2</AxisName><Calibration z:Ref="i254"/><Child z:Ref="i245"/><CoordinateSystemName>l2</CoordinateSystemName><Dynamics z:Ref="i257"/><Limit z:Ref="i249"/><Mimic z:Ref="i265"/><NameAttribute z:Ref="i238"/><Origin z:Ref="i240"/><Parent z:Ref="i243"/><Safety z:Ref="i260"/><TypeAttribute z:Ref="i239"/></URDFElement></ChildElements><ElementName>link</ElementName><required>true</required><Children/><Collision z:Ref="i230"/><Inertial z:Ref="i204"/><Joint z:Ref="i237"/><NameAttribute z:Ref="i203"/><Parent z:Ref="i135"/><STLQualityFine>false</STLQualityFine><SWComponentPIDs xmlns:a="http://schemas.microsoft.com/2003/10/Serialization/Arrays"><a:base64Binary>aEIAAAUAAAD//v9MUwAwADUAMAA2AC0AUwAyADIAMAAwADgAMQA3AC0ANgAwAC0AMAAxADAAMAAtAEEALQBYADEALQAxAEAAxYhNkVNPOABeAOdi1naTYktiLwBVAFkANgAtADQAMAAtADEAQABTADAANQAwADYALQBTADIAMgAwADAAOAAxADcALQA2ADAALQAwADEAMAAwAC0AQQAtAFgAMQAEAAAAEAAAAAEAAAACAAAAHAAAAB0AAAA=</a:base64Binary><a:base64Binary>aEIAAAUAAAD//v9NUwAwADUAMAA2AC0AUwAyADIAMAAwADgAMQA3AC0ANgAwAC0AMAAxADAAMAAtAEEALQBYADEALQAxAEAAxYhNkVNPOABeAOdi1naTYktiLwBNAFMAQgA2AC0AMwA1AC0AMQBAAFMAMAA1ADAANgAtAFMAMgAyADAAMAA4ADEANwAtADYAMAAtADAAMQAwADAALQBBAC0AWAAxAAQAAAAQAAAAAQAAAAIAAAAcAAAAIQAAAA==</a:base64Binary><a:base64Binary>aEIAAAUAAAD//v9MUwAwADUAMAA2AC0AUwAyADIAMAAwADgAMQA3AC0ANgAwAC0AMAAxADAAMAAtAEEALQBYADEALQAxAEAAxYhNkVNPOABeAOdi1naTYktiLwBVAFkANgAtADQAMAAtADIAQABTADAANQAwADYALQBTADIAMgAwADAAOAAxADcALQA2ADAALQAwADEAMAAwAC0AQQAtAFgAMQAEAAAAEAAAAAEAAAACAAAAHAAAAB4AAAA=</a:base64Binary><a:base64Binary>aEIAAAUAAAD//v9cUwAwADUAMAA2AC0AUwAyADIAMAAwADgAMQA3AC0ANgAwAC0AMAAxADAAMAAtAEEALQBYADEALQAxAEAAxYhNkVNPOABeAOdi1naTYktiLwBYAFkAMgA2ADAAMwAwADQALQAyAEEALgAwADIALQAwADQAIADLZdZ2OVkqci0AMQBAAFMAMAA1ADAANgAtAFMAMgAyADAAMAA4ADEANwAtADYAMAAtADAAMQAwADAALQBBAC0AWAAxAAQAAAAQAAAAAQAAAAIAAAAcAAAAIwAAAA==</a:base64Binary><a:base64Binary>aEIAAAUAAAD//v+YUwAwADUAMAA2AC0AUwAyADIAMAAwADgAMQA3AC0ANgAwAC0AMAAxADAAMAAtAEEALQBYADEALQAxAEAAxYhNkVNPOABeAOdi1naTYktiLwBNAEcATgA5AEMAMQBSADcAMABFADUAWgAwAEMAKADYnqSLLQBfAGYAbABlAHgAaQBiAGwAZQAxACkALQAxAEAAUwAwADUAMAA2AC0AUwAyADIAMAAwADgAMQA3AC0ANgAwAC0AMAAxADAAMAAtAEEALQBYADEALwBTADAANQAwADYALQBNAEcATgA5AEMALQDRbldXLQBTADAAOAAyADEALQAxAEAATQBHAE4AOQBDADEAUgA3ADAARQA1AFoAMABDACgA2J6kiy0AXwBmAGwAZQB4AGkAYgBsAGUAMQApAAQAAAAQAAAAAQAAAAMAAAAcAAAAHAAAAB0AAAA=</a:base64Binary></SWComponentPIDs><SWMainComponentPID i:nil="true"/><Visual z:Ref="i217"/><isFixedFrame>false</isFixedFrame><isIncomplete>false</isIncomplete></Link></Children><Collision z:Ref="i163"/><Inertial z:Ref="i137"/><Joint z:Ref="i170"/><NameAttribute z:Ref="i136"/><Parent z:Ref="i68"/><STLQualityFine>false</STLQualityFine><SWComponentPIDs xmlns:a="http://schemas.microsoft.com/2003/10/Serialization/Arrays"><a:base64Binary>aEIAAAUAAAD//v9fUwAwADUAMAA2AC0AUwAyADIAMAAwADgAMQA3AC0ANgAwAC0AMAAxADAAMAAtAEEALQBYADEALQAxAEAAxYhNkVNPOABeAOdi1naTYktiLwBYAFkAMgA2ADAAMwAwADQALQAyAEEALgAwADIALQAwADMAIADLZWyPOVkqct6PpWP2Ti0AMQBAAFMAMAA1ADAANgAtAFMAMgAyADAAMAA4ADEANwAtADYAMAAtADAAMQAwADAALQBBAC0AWAAxAAQAAAAQAAAAAQAAAAIAAAAcAAAAIgAAAA==</a:base64Binary><a:base64Binary>aEIAAAUAAAD//v9eUwAwADUAMAA2AC0AUwAyADIAMAAwADgAMQA3AC0ANgAwAC0AMAAxADAAMAAtAEEALQBYADEALQAxAEAAxYhNkVNPOABeAOdi1naTYktiLwBYAFkAMgA2ADAAMwAwADQALQAyAEEALgAwADIALQAwADUAIAAgANFuaI+JW8WIf2ctADEAQABTADAANQAwADYALQBTADIAMgAwADAAOAAxADcALQA2ADAALQAwADEAMAAwAC0AQQAtAFgAMQAEAAAAEAAAAAEAAAACAAAAHAAAACQAAAA=</a:base64Binary><a:base64Binary>aEIAAAUAAAD//v+VUwAwADUAMAA2AC0AUwAyADIAMAAwADgAMQA3AC0ANgAwAC0AMAAxADAAMAAtAEEALQBYADEALQAxAEAAxYhNkVNPOABeAOdi1naTYktiLwBNAEcATgA5AEMAMQBSADcAMABFADUAWgAwAEMAKADYnqSLLQBfAGYAbABlAHgAaQBiAGwAZQAxACkALQAxAEAAUwAwADUAMAA2AC0AUwAyADIAMAAwADgAMQA3AC0ANgAwAC0AMAAxADAAMAAtAEEALQBYADEALwBTADAANQAwADYALQBNAEcATgA5AEMALQDRbmiPLQA1ADAALQAxAEAATQBHAE4AOQBDADEAUgA3ADAARQA1AFoAMABDACgA2J6kiy0AXwBmAGwAZQB4AGkAYgBsAGUAMQApAAQAAAAQAAAAAQAAAAMAAAAcAAAAHAAAABwAAAA=</a:base64Binary><a:base64Binary>aEIAAAUAAAD//v/IUgBHAEkAQwAtADEAMAAwAC0AMwA1AC0ATwAtAFMAXwCAexNmIWqLV18AMgAwADIANQAwADEAMAA4AC0AMQBAAMWITZFTTzgAXgDnYtZ2k2JLYi8AUgBHAEkAQwAtADEAMAAwAC0AMwA1AC0ATwAtAFMAXwCAexNmIWqLV18AMgAwADIANQAwADEAMAA4AC4AUwBUAEUAUAAtADEAQABSAEcASQBDAC0AMQAwADAALQAzADUALQBPAC0AUwBfAIB7E2YhaotXXwAyADAAMgA1ADAAMQAwADgALwBfAF8AXwBfACAAXwBfAF8AXwBfAF8AXwBfAF8AUgBHAEkAQwAtADEAMAAwAC0AMwA1AC0ATwAtAFMAXwBfAF8AXwBfAF8AXwBfAF8AXwAyADAAMgA1ADAAMQAwADgALQAwAC4AUwBUAEUAUAAtADIAQABSAEcASQBDAC0AMQAwADAALQAzADUALQBPAC0AUwBfAIB7E2YhaotXXwAyADAAMgA1ADAAMQAwADgALgBTAFQARQBQAAQAAAAQAAAAAQAAAAMAAAAgAAAAHAAAAB8AAAA=</a:base64Binary><a:base64Binary>aEIAAAUAAAD//v9dUwAwADUAMAA2AC0AUwAyADIAMAAwADgAMQA3AC0ANgAwAC0AMAAxADAAMAAtAEEALQBYADEALQAxAEAAxYhNkVNPOABeAOdi1naTYktiLwBTADAANQAwADYALQDGAzMAIAAAlYmUKABfAMYDMwAtADEAMAAgACAAAJWJlCkALQAyAEAAUwAwADUAMAA2AC0AUwAyADIAMAAwADgAMQA3AC0ANgAwAC0AMAAxADAAMAAtAEEALQBYADEABAAAABAAAAABAAAAAgAAABwAAAAgAAAA</a:base64Binary><a:base64Binary>aEIAAAUAAAD//v9dUwAwADUAMAA2AC0AUwAyADIAMAAwADgAMQA3AC0ANgAwAC0AMAAxADAAMAAtAEEALQBYADEALQAxAEAAxYhNkVNPOABeAOdi1naTYktiLwBTADAANQAwADYALQDGAzMAIAAAlYmUKABfAMYDMwAtADEAMAAgACAAAJWJlCkALQAxAEAAUwAwADUAMAA2AC0AUwAyADIAMAAwADgAMQA3AC0ANgAwAC0AMAAxADAAMAAtAEEALQBYADEABAAAABAAAAABAAAAAgAAABwAAAAfAAAA</a:base64Binary></SWComponentPIDs><SWMainComponentPID i:nil="true"/><Visual z:Ref="i150"/><isFixedFrame>false</isFixedFrame><isIncomplete>false</isIncomplete></Link><Link z:Id="i269"><Attributes><Attribute z:Id="i270"><AttributeType>name</AttributeType><IsRequired>true</IsRequired><Value i:type="a:string" xmlns:a="http://www.w3.org/2001/XMLSchema">r_Link</Value></Attribute></Attributes><ChildElements><URDFElement z:Id="i271" i:type="Inertial"><Attributes/><ChildElements><URDFElement z:Id="i272" i:type="Origin"><Attributes><Attribute z:Id="i273"><AttributeType>xyz</AttributeType><IsRequired>true</IsRequired><Value i:type="a:ArrayOfdouble" xmlns:a="http://schemas.microsoft.com/2003/10/Serialization/Arrays"><a:double>0</a:double><a:double>0</a:double><a:double>0</a:double></Value></Attribute><Attribute z:Id="i274"><AttributeType>rpy</AttributeType><IsRequired>true</IsRequired><Value i:type="a:ArrayOfdouble" xmlns:a="http://schemas.microsoft.com/2003/10/Serialization/Arrays"><a:double>0</a:double><a:double>0</a:double><a:double>0</a:double></Value></Attribute></Attributes><ChildElements/><ElementName>origin</ElementName><required>false</required><RPYAttribute z:Ref="i274"/><XYZAttribute z:Ref="i273"/><isCustomized>false</isCustomized></URDFElement><URDFElement z:Id="i275" i:type="Mass"><Attributes><Attribute z:Id="i276"><AttributeType>value</AttributeType><IsRequired>true</IsRequired><Value i:type="a:double" xmlns:a="http://www.w3.org/2001/XMLSchema">0</Value></Attribute></Attributes><ChildElements/><ElementName>mass</ElementName><required>false</required><ValueAttribute z:Ref="i276"/></URDFElement><URDFElement z:Id="i277" i:type="Inertia"><Attributes><Attribute z:Id="i278"><AttributeType>ixx</AttributeType><IsRequired>true</IsRequired><Value i:type="a:double" xmlns:a="http://www.w3.org/2001/XMLSchema">0</Value></Attribute><Attribute z:Id="i279"><AttributeType>ixy</AttributeType><IsRequired>true</IsRequired><Value i:type="a:double" xmlns:a="http://www.w3.org/2001/XMLSchema">0</Value></Attribute><Attribute z:Id="i280"><AttributeType>ixz</AttributeType><IsRequired>true</IsRequired><Value i:type="a:double" xmlns:a="http://www.w3.org/2001/XMLSchema">0</Value></Attribute><Attribute z:Id="i281"><AttributeType>iyy</AttributeType><IsRequired>true</IsRequired><Value i:type="a:double" xmlns:a="http://www.w3.org/2001/XMLSchema">0</Value></Attribute><Attribute z:Id="i282"><AttributeType>iyz</AttributeType><IsRequired>true</IsRequired><Value i:type="a:double" xmlns:a="http://www.w3.org/2001/XMLSchema">0</Value></Attribute><Attribute z:Id="i283"><AttributeType>izz</AttributeType><IsRequired>true</IsRequired><Value i:type="a:double" xmlns:a="http://www.w3.org/2001/XMLSchema">0</Value></Attribute></Attributes><ChildElements/><ElementName>inertia</ElementName><required>false</required><IxxAttribute z:Ref="i278"/><IxyAttribute z:Ref="i279"/><IxzAttribute z:Ref="i280"/><IyyAttribute z:Ref="i281"/><IyzAttribute z:Ref="i282"/><IzzAttribute z:Ref="i283"/></URDFElement></ChildElements><ElementName>inertial</ElementName><required>false</required><Inertia z:Ref="i277"/><Mass z:Ref="i275"/><Origin z:Ref="i272"/></URDFElement><URDFElement z:Id="i284" i:type="Visual"><Attributes/><ChildElements><URDFElement z:Id="i285" i:type="Origin"><Attributes><Attribute z:Id="i286"><AttributeType>xyz</AttributeType><IsRequired>true</IsRequired><Value i:type="a:ArrayOfdouble" xmlns:a="http://schemas.microsoft.com/2003/10/Serialization/Arrays"><a:double>0</a:double><a:double>0</a:double><a:double>0</a:double></Value></Attribute><Attribute z:Id="i287"><AttributeType>rpy</AttributeType><IsRequired>true</IsRequired><Value i:type="a:ArrayOfdouble" xmlns:a="http://schemas.microsoft.com/2003/10/Serialization/Arrays"><a:double>0</a:double><a:double>0</a:double><a:double>0</a:double></Value></Attribute></Attributes><ChildElements/><ElementName>origin</ElementName><required>false</required><RPYAttribute z:Ref="i287"/><XYZAttribute z:Ref="i286"/><isCustomized>false</isCustomized></URDFElement><URDFElement z:Id="i288" i:type="Geometry"><Attributes/><ChildElements><URDFElement z:Id="i289" i:type="Mesh"><Attributes><Attribute z:Id="i290"><AttributeType>filename</AttributeType><IsRequired>true</IsRequired><Value i:nil="true"/></Attribute></Attributes><ChildElements/><ElementName>mesh</ElementName><required>false</required><FilenameAttribute z:Ref="i290"/></URDFElement></ChildElements><ElementName>geometry</ElementName><required>true</required><Mesh z:Ref="i289"/></URDFElement><URDFElement z:Id="i291" i:type="Material"><Attributes><Attribute z:Id="i292"><AttributeType>name</AttributeType><IsRequired>true</IsRequired><Value i:type="a:string" xmlns:a="http://www.w3.org/2001/XMLSchema"/></Attribute></Attributes><ChildElements><URDFElement z:Id="i293" i:type="Color"><Attributes><Attribute z:Id="i294"><AttributeType>rgba</AttributeType><IsRequired>true</IsRequired><Value i:type="a:ArrayOfdouble" xmlns:a="http://schemas.microsoft.com/2003/10/Serialization/Arrays"><a:double>1</a:double><a:double>1</a:double><a:double>1</a:double><a:double>1</a:double></Value></Attribute></Attributes><ChildElements/><ElementName>color</ElementName><required>false</required><RGBAAttribute z:Ref="i294"/></URDFElement><URDFElement z:Id="i295" i:type="Texture"><Attributes><Attribute z:Id="i296"><AttributeType>filename</AttributeType><IsRequired>true</IsRequired><Value i:nil="true"/></Attribute></Attributes><ChildElements/><ElementName>texture</ElementName><required>false</required><FilenameAttribute z:Ref="i296"/><wFilename/></URDFElement></ChildElements><ElementName>material</ElementName><required>false</required><Color z:Ref="i293"/><NameAttribute z:Ref="i292"/><Texture z:Ref="i295"/></URDFElement></ChildElements><ElementName>visual</ElementName><required>false</required><Geometry z:Ref="i288"/><Material z:Ref="i291"/><Origin z:Ref="i285"/></URDFElement><URDFElement z:Id="i297" i:type="Collision"><Attributes/><ChildElements><URDFElement z:Id="i298" i:type="Origin"><Attributes><Attribute z:Id="i299"><AttributeType>xyz</AttributeType><IsRequired>true</IsRequired><Value i:type="a:ArrayOfdouble" xmlns:a="http://schemas.microsoft.com/2003/10/Serialization/Arrays"><a:double>0</a:double><a:double>0</a:double><a:double>0</a:double></Value></Attribute><Attribute z:Id="i300"><AttributeType>rpy</AttributeType><IsRequired>true</IsRequired><Value i:type="a:ArrayOfdouble" xmlns:a="http://schemas.microsoft.com/2003/10/Serialization/Arrays"><a:double>0</a:double><a:double>0</a:double><a:double>0</a:double></Value></Attribute></Attributes><ChildElements/><ElementName>origin</ElementName><required>false</required><RPYAttribute z:Ref="i300"/><XYZAttribute z:Ref="i299"/><isCustomized>false</isCustomized></URDFElement><URDFElement z:Id="i301" i:type="Geometry"><Attributes/><ChildElements><URDFElement z:Id="i302" i:type="Mesh"><Attributes><Attribute z:Id="i303"><AttributeType>filename</AttributeType><IsRequired>true</IsRequired><Value i:nil="true"/></Attribute></Attributes><ChildElements/><ElementName>mesh</ElementName><required>false</required><FilenameAttribute z:Ref="i303"/></URDFElement></ChildElements><ElementName>geometry</ElementName><required>true</required><Mesh z:Ref="i302"/></URDFElement></ChildElements><ElementName>collision</ElementName><required>false</required><Geometry z:Ref="i301"/><Origin z:Ref="i298"/></URDFElement><URDFElement z:Id="i304" i:type="Joint"><Attributes><Attribute z:Id="i305"><AttributeType>name</AttributeType><IsRequired>true</IsRequired><Value i:type="a:string" xmlns:a="http://www.w3.org/2001/XMLSchema">r_joint</Value></Attribute><Attribute z:Id="i306"><AttributeType>type</AttributeType><IsRequired>true</IsRequired><Value i:type="a:string" xmlns:a="http://www.w3.org/2001/XMLSchema">prismatic</Value></Attribute></Attributes><ChildElements><URDFElement z:Id="i307" i:type="Origin"><Attributes><Attribute z:Id="i308"><AttributeType>xyz</AttributeType><IsRequired>true</IsRequired><Value i:type="a:ArrayOfdouble" xmlns:a="http://schemas.microsoft.com/2003/10/Serialization/Arrays"><a:double>0</a:double><a:double>0</a:double><a:double>0</a:double></Value></Attribute><Attribute z:Id="i309"><AttributeType>rpy</AttributeType><IsRequired>true</IsRequired><Value i:type="a:ArrayOfdouble" xmlns:a="http://schemas.microsoft.com/2003/10/Serialization/Arrays"><a:double>0</a:double><a:double>0</a:double><a:double>0</a:double></Value></Attribute></Attributes><ChildElements/><ElementName>origin</ElementName><required>false</required><RPYAttribute z:Ref="i309"/><XYZAttribute z:Ref="i308"/><isCustomized>false</isCustomized></URDFElement><URDFElement z:Id="i310" i:type="ParentLink"><Attributes><Attribute z:Id="i311"><AttributeType>link</AttributeType><IsRequired>true</IsRequired><Value i:type="a:string" xmlns:a="http://www.w3.org/2001/XMLSchema"/></Attribute></Attributes><ChildElements/><ElementName>parent</ElementName><required>true</required><NameAttribute z:Ref="i311"/></URDFElement><URDFElement z:Id="i312" i:type="ChildLink"><Attributes><Attribute z:Id="i313"><AttributeType>link</AttributeType><IsRequired>true</IsRequired><Value i:type="a:string" xmlns:a="http://www.w3.org/2001/XMLSchema"/></Attribute></Attributes><ChildElements/><ElementName>child</ElementName><required>true</required><NameAttribute z:Ref="i313"/></URDFElement><URDFElement z:Id="i314" i:type="Axis"><Attributes><Attribute z:Id="i315"><AttributeType>xyz</AttributeType><IsRequired>true</IsRequired><Value i:type="a:ArrayOfdouble" xmlns:a="http://schemas.microsoft.com/2003/10/Serialization/Arrays"><a:double>0</a:double><a:double>0</a:double><a:double>0</a:double></Value></Attribute></Attributes><ChildElements/><ElementName>axis</ElementName><required>false</required><XYZAttribute z:Ref="i315"/></URDFElement><URDFElement z:Id="i316" i:type="Limit"><Attributes><Attribute z:Id="i317"><AttributeType>lower</AttributeType><IsRequired>false</IsRequired><Value i:nil="true"/></Attribute><Attribute z:Id="i318"><AttributeType>upper</AttributeType><IsRequired>false</IsRequired><Value i:nil="true"/></Attribute><Attribute z:Id="i319"><AttributeType>effort</AttributeType><IsRequired>true</IsRequired><Value i:nil="true"/></Attribute><Attribute z:Id="i320"><AttributeType>velocity</AttributeType><IsRequired>true</IsRequired><Value i:nil="true"/></Attribute></Attributes><ChildElements/><ElementName>limit</ElementName><required>false</required><EffortAttribute z:Ref="i319"/><LowerAttribute z:Ref="i317"/><UpperAttribute z:Ref="i318"/><VelocityAttribute z:Ref="i320"/></URDFElement><URDFElement z:Id="i321" i:type="Calibration"><Attributes><Attribute z:Id="i322"><AttributeType>rising</AttributeType><IsRequired>false</IsRequired><Value i:nil="true"/></Attribute><Attribute z:Id="i323"><AttributeType>falling</AttributeType><IsRequired>false</IsRequired><Value i:nil="true"/></Attribute></Attributes><ChildElements/><ElementName>calibration</ElementName><required>false</required><FallingAttribute z:Ref="i323"/><RisingAttribute z:Ref="i322"/></URDFElement><URDFElement z:Id="i324" i:type="Dynamics"><Attributes><Attribute z:Id="i325"><AttributeType>damping</AttributeType><IsRequired>false</IsRequired><Value i:nil="true"/></Attribute><Attribute z:Id="i326"><AttributeType>friction</AttributeType><IsRequired>false</IsRequired><Value i:nil="true"/></Attribute></Attributes><ChildElements/><ElementName>dynamics</ElementName><required>false</required><DampingAttribute z:Ref="i325"/><FrictionAttribute z:Ref="i326"/></URDFElement><URDFElement z:Id="i327" i:type="SafetyController"><Attributes><Attribute z:Id="i328"><AttributeType>soft_upper_limit</AttributeType><IsRequired>false</IsRequired><Value i:nil="true"/></Attribute><Attribute z:Id="i329"><AttributeType>soft_lower_limit</AttributeType><IsRequired>false</IsRequired><Value i:nil="true"/></Attribute><Attribute z:Id="i330"><AttributeType>k_position</AttributeType><IsRequired>false</IsRequired><Value i:nil="true"/></Attribute><Attribute z:Id="i331"><AttributeType>k_velocity</AttributeType><IsRequired>true</IsRequired><Value i:nil="true"/></Attribute></Attributes><ChildElements/><ElementName>safety_controller</ElementName><required>false</required><KPositionAttribute z:Ref="i330"/><KVelocityAttribute z:Ref="i331"/><SoftLowerAttribute z:Ref="i329"/><SoftUpperAttribute z:Ref="i328"/></URDFElement><URDFElement z:Id="i332" i:type="Mimic"><Attributes><Attribute z:Id="i333"><AttributeType>joint</AttributeType><IsRequired>true</IsRequired><Value i:nil="true"/></Attribute><Attribute z:Id="i334"><AttributeType>multiplier</AttributeType><IsRequired>false</IsRequired><Value i:nil="true"/></Attribute><Attribute z:Id="i335"><AttributeType>offset</AttributeType><IsRequired>false</IsRequired><Value i:nil="true"/></Attribute></Attributes><ChildElements/><ElementName>mimic</ElementName><required>false</required><JointNameAttribute z:Ref="i333"/><MultiplierAttribute z:Ref="i334"/><OffsetAttribute z:Ref="i335"/></URDFElement></ChildElements><ElementName>joint</ElementName><required>false</required><Axis z:Ref="i314"/><AxisName>_r</AxisName><Calibration z:Ref="i321"/><Child z:Ref="i312"/><CoordinateSystemName>r</CoordinateSystemName><Dynamics z:Ref="i324"/><Limit z:Ref="i316"/><Mimic z:Ref="i332"/><NameAttribute z:Ref="i305"/><Origin z:Ref="i307"/><Parent z:Ref="i310"/><Safety z:Ref="i327"/><TypeAttribute z:Ref="i306"/></URDFElement></ChildElements><ElementName>link</ElementName><required>true</required><Children><Link z:Id="i336"><Attributes><Attribute z:Id="i337"><AttributeType>name</AttributeType><IsRequired>true</IsRequired><Value i:type="a:string" xmlns:a="http://www.w3.org/2001/XMLSchema">r2_Link</Value></Attribute></Attributes><ChildElements><URDFElement z:Id="i338" i:type="Inertial"><Attributes/><ChildElements><URDFElement z:Id="i339" i:type="Origin"><Attributes><Attribute z:Id="i340"><AttributeType>xyz</AttributeType><IsRequired>true</IsRequired><Value i:type="a:ArrayOfdouble" xmlns:a="http://schemas.microsoft.com/2003/10/Serialization/Arrays"><a:double>0</a:double><a:double>0</a:double><a:double>0</a:double></Value></Attribute><Attribute z:Id="i341"><AttributeType>rpy</AttributeType><IsRequired>true</IsRequired><Value i:type="a:ArrayOfdouble" xmlns:a="http://schemas.microsoft.com/2003/10/Serialization/Arrays"><a:double>0</a:double><a:double>0</a:double><a:double>0</a:double></Value></Attribute></Attributes><ChildElements/><ElementName>origin</ElementName><required>false</required><RPYAttribute z:Ref="i341"/><XYZAttribute z:Ref="i340"/><isCustomized>false</isCustomized></URDFElement><URDFElement z:Id="i342" i:type="Mass"><Attributes><Attribute z:Id="i343"><AttributeType>value</AttributeType><IsRequired>true</IsRequired><Value i:type="a:double" xmlns:a="http://www.w3.org/2001/XMLSchema">0</Value></Attribute></Attributes><ChildElements/><ElementName>mass</ElementName><required>false</required><ValueAttribute z:Ref="i343"/></URDFElement><URDFElement z:Id="i344" i:type="Inertia"><Attributes><Attribute z:Id="i345"><AttributeType>ixx</AttributeType><IsRequired>true</IsRequired><Value i:type="a:double" xmlns:a="http://www.w3.org/2001/XMLSchema">0</Value></Attribute><Attribute z:Id="i346"><AttributeType>ixy</AttributeType><IsRequired>true</IsRequired><Value i:type="a:double" xmlns:a="http://www.w3.org/2001/XMLSchema">0</Value></Attribute><Attribute z:Id="i347"><AttributeType>ixz</AttributeType><IsRequired>true</IsRequired><Value i:type="a:double" xmlns:a="http://www.w3.org/2001/XMLSchema">0</Value></Attribute><Attribute z:Id="i348"><AttributeType>iyy</AttributeType><IsRequired>true</IsRequired><Value i:type="a:double" xmlns:a="http://www.w3.org/2001/XMLSchema">0</Value></Attribute><Attribute z:Id="i349"><AttributeType>iyz</AttributeType><IsRequired>true</IsRequired><Value i:type="a:double" xmlns:a="http://www.w3.org/2001/XMLSchema">0</Value></Attribute><Attribute z:Id="i350"><AttributeType>izz</AttributeType><IsRequired>true</IsRequired><Value i:type="a:double" xmlns:a="http://www.w3.org/2001/XMLSchema">0</Value></Attribute></Attributes><ChildElements/><ElementName>inertia</ElementName><required>false</required><IxxAttribute z:Ref="i345"/><IxyAttribute z:Ref="i346"/><IxzAttribute z:Ref="i347"/><IyyAttribute z:Ref="i348"/><IyzAttribute z:Ref="i349"/><IzzAttribute z:Ref="i350"/></URDFElement></ChildElements><ElementName>inertial</ElementName><required>false</required><Inertia z:Ref="i344"/><Mass z:Ref="i342"/><Origin z:Ref="i339"/></URDFElement><URDFElement z:Id="i351" i:type="Visual"><Attributes/><ChildElements><URDFElement z:Id="i352" i:type="Origin"><Attributes><Attribute z:Id="i353"><AttributeType>xyz</AttributeType><IsRequired>true</IsRequired><Value i:type="a:ArrayOfdouble" xmlns:a="http://schemas.microsoft.com/2003/10/Serialization/Arrays"><a:double>0</a:double><a:double>0</a:double><a:double>0</a:double></Value></Attribute><Attribute z:Id="i354"><AttributeType>rpy</AttributeType><IsRequired>true</IsRequired><Value i:type="a:ArrayOfdouble" xmlns:a="http://schemas.microsoft.com/2003/10/Serialization/Arrays"><a:double>0</a:double><a:double>0</a:double><a:double>0</a:double></Value></Attribute></Attributes><ChildElements/><ElementName>origin</ElementName><required>false</required><RPYAttribute z:Ref="i354"/><XYZAttribute z:Ref="i353"/><isCustomized>false</isCustomized></URDFElement><URDFElement z:Id="i355" i:type="Geometry"><Attributes/><ChildElements><URDFElement z:Id="i356" i:type="Mesh"><Attributes><Attribute z:Id="i357"><AttributeType>filename</AttributeType><IsRequired>true</IsRequired><Value i:nil="true"/></Attribute></Attributes><ChildElements/><ElementName>mesh</ElementName><required>false</required><FilenameAttribute z:Ref="i357"/></URDFElement></ChildElements><ElementName>geometry</ElementName><required>true</required><Mesh z:Ref="i356"/></URDFElement><URDFElement z:Id="i358" i:type="Material"><Attributes><Attribute z:Id="i359"><AttributeType>name</AttributeType><IsRequired>true</IsRequired><Value i:type="a:string" xmlns:a="http://www.w3.org/2001/XMLSchema"/></Attribute></Attributes><ChildElements><URDFElement z:Id="i360" i:type="Color"><Attributes><Attribute z:Id="i361"><AttributeType>rgba</AttributeType><IsRequired>true</IsRequired><Value i:type="a:ArrayOfdouble" xmlns:a="http://schemas.microsoft.com/2003/10/Serialization/Arrays"><a:double>1</a:double><a:double>1</a:double><a:double>1</a:double><a:double>1</a:double></Value></Attribute></Attributes><ChildElements/><ElementName>color</ElementName><required>false</required><RGBAAttribute z:Ref="i361"/></URDFElement><URDFElement z:Id="i362" i:type="Texture"><Attributes><Attribute z:Id="i363"><AttributeType>filename</AttributeType><IsRequired>true</IsRequired><Value i:nil="true"/></Attribute></Attributes><ChildElements/><ElementName>texture</ElementName><required>false</required><FilenameAttribute z:Ref="i363"/><wFilename/></URDFElement></ChildElements><ElementName>material</ElementName><required>false</required><Color z:Ref="i360"/><NameAttribute z:Ref="i359"/><Texture z:Ref="i362"/></URDFElement></ChildElements><ElementName>visual</ElementName><required>false</required><Geometry z:Ref="i355"/><Material z:Ref="i358"/><Origin z:Ref="i352"/></URDFElement><URDFElement z:Id="i364" i:type="Collision"><Attributes/><ChildElements><URDFElement z:Id="i365" i:type="Origin"><Attributes><Attribute z:Id="i366"><AttributeType>xyz</AttributeType><IsRequired>true</IsRequired><Value i:type="a:ArrayOfdouble" xmlns:a="http://schemas.microsoft.com/2003/10/Serialization/Arrays"><a:double>0</a:double><a:double>0</a:double><a:double>0</a:double></Value></Attribute><Attribute z:Id="i367"><AttributeType>rpy</AttributeType><IsRequired>true</IsRequired><Value i:type="a:ArrayOfdouble" xmlns:a="http://schemas.microsoft.com/2003/10/Serialization/Arrays"><a:double>0</a:double><a:double>0</a:double><a:double>0</a:double></Value></Attribute></Attributes><ChildElements/><ElementName>origin</ElementName><required>false</required><RPYAttribute z:Ref="i367"/><XYZAttribute z:Ref="i366"/><isCustomized>false</isCustomized></URDFElement><URDFElement z:Id="i368" i:type="Geometry"><Attributes/><ChildElements><URDFElement z:Id="i369" i:type="Mesh"><Attributes><Attribute z:Id="i370"><AttributeType>filename</AttributeType><IsRequired>true</IsRequired><Value i:nil="true"/></Attribute></Attributes><ChildElements/><ElementName>mesh</ElementName><required>false</required><FilenameAttribute z:Ref="i370"/></URDFElement></ChildElements><ElementName>geometry</ElementName><required>true</required><Mesh z:Ref="i369"/></URDFElement></ChildElements><ElementName>collision</ElementName><required>false</required><Geometry z:Ref="i368"/><Origin z:Ref="i365"/></URDFElement><URDFElement z:Id="i371" i:type="Joint"><Attributes><Attribute z:Id="i372"><AttributeType>name</AttributeType><IsRequired>true</IsRequired><Value i:type="a:string" xmlns:a="http://www.w3.org/2001/XMLSchema">r2_joint</Value></Attribute><Attribute z:Id="i373"><AttributeType>type</AttributeType><IsRequired>true</IsRequired><Value i:type="a:string" xmlns:a="http://www.w3.org/2001/XMLSchema">prismatic</Value></Attribute></Attributes><ChildElements><URDFElement z:Id="i374" i:type="Origin"><Attributes><Attribute z:Id="i375"><AttributeType>xyz</AttributeType><IsRequired>true</IsRequired><Value i:type="a:ArrayOfdouble" xmlns:a="http://schemas.microsoft.com/2003/10/Serialization/Arrays"><a:double>0</a:double><a:double>0</a:double><a:double>0</a:double></Value></Attribute><Attribute z:Id="i376"><AttributeType>rpy</AttributeType><IsRequired>true</IsRequired><Value i:type="a:ArrayOfdouble" xmlns:a="http://schemas.microsoft.com/2003/10/Serialization/Arrays"><a:double>0</a:double><a:double>0</a:double><a:double>0</a:double></Value></Attribute></Attributes><ChildElements/><ElementName>origin</ElementName><required>false</required><RPYAttribute z:Ref="i376"/><XYZAttribute z:Ref="i375"/><isCustomized>false</isCustomized></URDFElement><URDFElement z:Id="i377" i:type="ParentLink"><Attributes><Attribute z:Id="i378"><AttributeType>link</AttributeType><IsRequired>true</IsRequired><Value i:type="a:string" xmlns:a="http://www.w3.org/2001/XMLSchema"/></Attribute></Attributes><ChildElements/><ElementName>parent</ElementName><required>true</required><NameAttribute z:Ref="i378"/></URDFElement><URDFElement z:Id="i379" i:type="ChildLink"><Attributes><Attribute z:Id="i380"><AttributeType>link</AttributeType><IsRequired>true</IsRequired><Value i:type="a:string" xmlns:a="http://www.w3.org/2001/XMLSchema"/></Attribute></Attributes><ChildElements/><ElementName>child</ElementName><required>true</required><NameAttribute z:Ref="i380"/></URDFElement><URDFElement z:Id="i381" i:type="Axis"><Attributes><Attribute z:Id="i382"><AttributeType>xyz</AttributeType><IsRequired>true</IsRequired><Value i:type="a:ArrayOfdouble" xmlns:a="http://schemas.microsoft.com/2003/10/Serialization/Arrays"><a:double>0</a:double><a:double>0</a:double><a:double>0</a:double></Value></Attribute></Attributes><ChildElements/><ElementName>axis</ElementName><required>false</required><XYZAttribute z:Ref="i382"/></URDFElement><URDFElement z:Id="i383" i:type="Limit"><Attributes><Attribute z:Id="i384"><AttributeType>lower</AttributeType><IsRequired>false</IsRequired><Value i:nil="true"/></Attribute><Attribute z:Id="i385"><AttributeType>upper</AttributeType><IsRequired>false</IsRequired><Value i:nil="true"/></Attribute><Attribute z:Id="i386"><AttributeType>effort</AttributeType><IsRequired>true</IsRequired><Value i:nil="true"/></Attribute><Attribute z:Id="i387"><AttributeType>velocity</AttributeType><IsRequired>true</IsRequired><Value i:nil="true"/></Attribute></Attributes><ChildElements/><ElementName>limit</ElementName><required>false</required><EffortAttribute z:Ref="i386"/><LowerAttribute z:Ref="i384"/><UpperAttribute z:Ref="i385"/><VelocityAttribute z:Ref="i387"/></URDFElement><URDFElement z:Id="i388" i:type="Calibration"><Attributes><Attribute z:Id="i389"><AttributeType>rising</AttributeType><IsRequired>false</IsRequired><Value i:nil="true"/></Attribute><Attribute z:Id="i390"><AttributeType>falling</AttributeType><IsRequired>false</IsRequired><Value i:nil="true"/></Attribute></Attributes><ChildElements/><ElementName>calibration</ElementName><required>false</required><FallingAttribute z:Ref="i390"/><RisingAttribute z:Ref="i389"/></URDFElement><URDFElement z:Id="i391" i:type="Dynamics"><Attributes><Attribute z:Id="i392"><AttributeType>damping</AttributeType><IsRequired>false</IsRequired><Value i:nil="true"/></Attribute><Attribute z:Id="i393"><AttributeType>friction</AttributeType><IsRequired>false</IsRequired><Value i:nil="true"/></Attribute></Attributes><ChildElements/><ElementName>dynamics</ElementName><required>false</required><DampingAttribute z:Ref="i392"/><FrictionAttribute z:Ref="i393"/></URDFElement><URDFElement z:Id="i394" i:type="SafetyController"><Attributes><Attribute z:Id="i395"><AttributeType>soft_upper_limit</AttributeType><IsRequired>false</IsRequired><Value i:nil="true"/></Attribute><Attribute z:Id="i396"><AttributeType>soft_lower_limit</AttributeType><IsRequired>false</IsRequired><Value i:nil="true"/></Attribute><Attribute z:Id="i397"><AttributeType>k_position</AttributeType><IsRequired>false</IsRequired><Value i:nil="true"/></Attribute><Attribute z:Id="i398"><AttributeType>k_velocity</AttributeType><IsRequired>true</IsRequired><Value i:nil="true"/></Attribute></Attributes><ChildElements/><ElementName>safety_controller</ElementName><required>false</required><KPositionAttribute z:Ref="i397"/><KVelocityAttribute z:Ref="i398"/><SoftLowerAttribute z:Ref="i396"/><SoftUpperAttribute z:Ref="i395"/></URDFElement><URDFElement z:Id="i399" i:type="Mimic"><Attributes><Attribute z:Id="i400"><AttributeType>joint</AttributeType><IsRequired>true</IsRequired><Value i:nil="true"/></Attribute><Attribute z:Id="i401"><AttributeType>multiplier</AttributeType><IsRequired>false</IsRequired><Value i:nil="true"/></Attribute><Attribute z:Id="i402"><AttributeType>offset</AttributeType><IsRequired>false</IsRequired><Value i:nil="true"/></Attribute></Attributes><ChildElements/><ElementName>mimic</ElementName><required>false</required><JointNameAttribute z:Ref="i400"/><MultiplierAttribute z:Ref="i401"/><OffsetAttribute z:Ref="i402"/></URDFElement></ChildElements><ElementName>joint</ElementName><required>false</required><Axis z:Ref="i381"/><AxisName>_r2</AxisName><Calibration z:Ref="i388"/><Child z:Ref="i379"/><CoordinateSystemName>r2</CoordinateSystemName><Dynamics z:Ref="i391"/><Limit z:Ref="i383"/><Mimic z:Ref="i399"/><NameAttribute z:Ref="i372"/><Origin z:Ref="i374"/><Parent z:Ref="i377"/><Safety z:Ref="i394"/><TypeAttribute z:Ref="i373"/></URDFElement></ChildElements><ElementName>link</ElementName><required>true</required><Children/><Collision z:Ref="i364"/><Inertial z:Ref="i338"/><Joint z:Ref="i371"/><NameAttribute z:Ref="i337"/><Parent z:Ref="i269"/><STLQualityFine>false</STLQualityFine><SWComponentPIDs xmlns:a="http://schemas.microsoft.com/2003/10/Serialization/Arrays"><a:base64Binary>aEIAAAUAAAD//v9QUwAwADUAMAA2AC0AUwAyADIAMAAwADgAMQA3AC0ANgAwAC0AMAAxADAAMAAtAEEALQBYADEALQAxAC0AMQBAAMWITZFTTzgAXgDnYtZ2k2JLYi8AVQBZADYALQA0ADAALQAyAEAAUwAwADUAMAA2AC0AUwAyADIAMAAwADgAMQA3AC0ANgAwAC0AMAAxADAAMAAtAEEALQBYADEALQAxAAQAAAAQAAAAAQAAAAIAAAAdAAAAHgAAAA==</a:base64Binary><a:base64Binary>aEIAAAUAAAD//v9RUwAwADUAMAA2AC0AUwAyADIAMAAwADgAMQA3AC0ANgAwAC0AMAAxADAAMAAtAEEALQBYADEALQAxAC0AMQBAAMWITZFTTzgAXgDnYtZ2k2JLYi8ATQBTAEIANgAtADMANQAtADEAQABTADAANQAwADYALQBTADIAMgAwADAAOAAxADcALQA2ADAALQAwADEAMAAwAC0AQQAtAFgAMQAtADEABAAAABAAAAABAAAAAgAAAB0AAAAhAAAA</a:base64Binary><a:base64Binary>aEIAAAUAAAD//v9QUwAwADUAMAA2AC0AUwAyADIAMAAwADgAMQA3AC0ANgAwAC0AMAAxADAAMAAtAEEALQBYADEALQAxAC0AMQBAAMWITZFTTzgAXgDnYtZ2k2JLYi8AVQBZADYALQA0ADAALQAxAEAAUwAwADUAMAA2AC0AUwAyADIAMAAwADgAMQA3AC0ANgAwAC0AMAAxADAAMAAtAEEALQBYADEALQAxAAQAAAAQAAAAAQAAAAIAAAAdAAAAHQAAAA==</a:base64Binary><a:base64Binary>aEIAAAUAAAD//v9gUwAwADUAMAA2AC0AUwAyADIAMAAwADgAMQA3AC0ANgAwAC0AMAAxADAAMAAtAEEALQBYADEALQAxAC0AMQBAAMWITZFTTzgAXgDnYtZ2k2JLYi8AWABZADIANgAwADMAMAA0AC0AMgBBAC4AMAAyAC0AMAA0ACAAy2XWdjlZKnItADEAQABTADAANQAwADYALQBTADIAMgAwADAAOAAxADcALQA2ADAALQAwADEAMAAwAC0AQQAtAFgAMQAtADEABAAAABAAAAABAAAAAgAAAB0AAAAjAAAA</a:base64Binary><a:base64Binary>aEIAAAUAAAD//v+gUwAwADUAMAA2AC0AUwAyADIAMAAwADgAMQA3AC0ANgAwAC0AMAAxADAAMAAtAEEALQBYADEALQAxAC0AMQBAAMWITZFTTzgAXgDnYtZ2k2JLYi8ATQBHAE4AOQBDADEAUgA3ADAARQA1AFoAMABDACgA2J6kiy0AXwBmAGwAZQB4AGkAYgBsAGUAMQApAC0AMQAtADEAQABTADAANQAwADYALQBTADIAMgAwADAAOAAxADcALQA2ADAALQAwADEAMAAwAC0AQQAtAFgAMQAtADEALwBTADAANQAwADYALQBNAEcATgA5AEMALQDRbldXLQBTADAAOAAyADEALQAxAEAATQBHAE4AOQBDADEAUgA3ADAARQA1AFoAMABDACgA2J6kiy0AXwBmAGwAZQB4AGkAYgBsAGUAMQApAC0AMQAEAAAAEAAAAAEAAAADAAAAHQAAABwAAAAdAAAA</a:base64Binary></SWComponentPIDs><SWMainComponentPID i:nil="true"/><Visual z:Ref="i351"/><isFixedFrame>false</isFixedFrame><isIncomplete>false</isIncomplete></Link></Children><Collision z:Ref="i297"/><Inertial z:Ref="i271"/><Joint z:Ref="i304"/><NameAttribute z:Ref="i270"/><Parent z:Ref="i68"/><STLQualityFine>false</STLQualityFine><SWComponentPIDs xmlns:a="http://schemas.microsoft.com/2003/10/Serialization/Arrays"><a:base64Binary>aEIAAAUAAAD//v9jUwAwADUAMAA2AC0AUwAyADIAMAAwADgAMQA3AC0ANgAwAC0AMAAxADAAMAAtAEEALQBYADEALQAxAC0AMQBAAMWITZFTTzgAXgDnYtZ2k2JLYi8AWABZADIANgAwADMAMAA0AC0AMgBBAC4AMAAyAC0AMAAzACAAy2VsjzlZKnLej6Vj9k4tADEAQABTADAANQAwADYALQBTADIAMgAwADAAOAAxADcALQA2ADAALQAwADEAMAAwAC0AQQAtAFgAMQAtADEABAAAABAAAAABAAAAAgAAAB0AAAAiAAAA</a:base64Binary><a:base64Binary>aEIAAAUAAAD//v/IUgBHAEkAQwAtADEAMAAwAC0AMwA1AC0ATwAtAFMAXwCAexNmIWqLV18AMgAwADIANQAwADEAMAA4AC0AMQBAAMWITZFTTzgAXgDnYtZ2k2JLYi8AUgBHAEkAQwAtADEAMAAwAC0AMwA1AC0ATwAtAFMAXwCAexNmIWqLV18AMgAwADIANQAwADEAMAA4AC4AUwBUAEUAUAAtADEAQABSAEcASQBDAC0AMQAwADAALQAzADUALQBPAC0AUwBfAIB7E2YhaotXXwAyADAAMgA1ADAAMQAwADgALwBfAF8AXwBfACAAXwBfAF8AXwBfAF8AXwBfAF8AUgBHAEkAQwAtADEAMAAwAC0AMwA1AC0ATwAtAFMAXwBfAF8AXwBfAF8AXwBfAF8AXwAyADAAMgA1ADAAMQAwADgALQAwAC4AUwBUAEUAUAAtADEAQABSAEcASQBDAC0AMQAwADAALQAzADUALQBPAC0AUwBfAIB7E2YhaotXXwAyADAAMgA1ADAAMQAwADgALgBTAFQARQBQAAQAAAAQAAAAAQAAAAMAAAAgAAAAHAAAAB4AAAA=</a:base64Binary><a:base64Binary>aEIAAAUAAAD//v9iUwAwADUAMAA2AC0AUwAyADIAMAAwADgAMQA3AC0ANgAwAC0AMAAxADAAMAAtAEEALQBYADEALQAxAC0AMQBAAMWITZFTTzgAXgDnYtZ2k2JLYi8AWABZADIANgAwADMAMAA0AC0AMgBBAC4AMAAyAC0AMAA1ACAAIADRbmiPiVvFiH9nLQAxAEAAUwAwADUAMAA2AC0AUwAyADIAMAAwADgAMQA3AC0ANgAwAC0AMAAxADAAMAAtAEEALQBYADEALQAxAAQAAAAQAAAAAQAAAAIAAAAdAAAAJAAAAA==</a:base64Binary><a:base64Binary>aEIAAAUAAAD//v+dUwAwADUAMAA2AC0AUwAyADIAMAAwADgAMQA3AC0ANgAwAC0AMAAxADAAMAAtAEEALQBYADEALQAxAC0AMQBAAMWITZFTTzgAXgDnYtZ2k2JLYi8ATQBHAE4AOQBDADEAUgA3ADAARQA1AFoAMABDACgA2J6kiy0AXwBmAGwAZQB4AGkAYgBsAGUAMQApAC0AMQAtADEAQABTADAANQAwADYALQBTADIAMgAwADAAOAAxADcALQA2ADAALQAwADEAMAAwAC0AQQAtAFgAMQAtADEALwBTADAANQAwADYALQBNAEcATgA5AEMALQDRbmiPLQA1ADAALQAxAEAATQBHAE4AOQBDADEAUgA3ADAARQA1AFoAMABDACgA2J6kiy0AXwBmAGwAZQB4AGkAYgBsAGUAMQApAC0AMQAEAAAAEAAAAAEAAAADAAAAHQAAABwAAAAcAAAA</a:base64Binary><a:base64Binary>aEIAAAUAAAD//v9hUwAwADUAMAA2AC0AUwAyADIAMAAwADgAMQA3AC0ANgAwAC0AMAAxADAAMAAtAEEALQBYADEALQAxAC0AMQBAAMWITZFTTzgAXgDnYtZ2k2JLYi8AUwAwADUAMAA2AC0AxgMzACAAAJWJlCgAXwDGAzMALQAxADAAIAAgAACViZQpAC0AMgBAAFMAMAA1ADAANgAtAFMAMgAyADAAMAA4ADEANwAtADYAMAAtADAAMQAwADAALQBBAC0AWAAxAC0AMQAEAAAAEAAAAAEAAAACAAAAHQAAACAAAAA=</a:base64Binary><a:base64Binary>aEIAAAUAAAD//v9hUwAwADUAMAA2AC0AUwAyADIAMAAwADgAMQA3AC0ANgAwAC0AMAAxADAAMAAtAEEALQBYADEALQAxAC0AMQBAAMWITZFTTzgAXgDnYtZ2k2JLYi8AUwAwADUAMAA2AC0AxgMzACAAAJWJlCgAXwDGAzMALQAxADAAIAAgAACViZQpAC0AMQBAAFMAMAA1ADAANgAtAFMAMgAyADAAMAA4ADEANwAtADYAMAAtADAAMQAwADAALQBBAC0AWAAxAC0AMQAEAAAAEAAAAAEAAAACAAAAHQAAAB8AAAA=</a:base64Binary></SWComponentPIDs><SWMainComponentPID i:nil="true"/><Visual z:Ref="i284"/><isFixedFrame>false</isFixedFrame><isIncomplete>false</isIncomplete></Link></Children><Collision z:Ref="i96"/><Inertial z:Ref="i70"/><Joint z:Ref="i103"/><NameAttribute z:Ref="i69"/><Parent z:Ref="i1"/><STLQualityFine>false</STLQualityFine><SWComponentPIDs xmlns:a="http://schemas.microsoft.com/2003/10/Serialization/Arrays"><a:base64Binary>aEIAAAUAAAD//v/EUgBHAEkAQwAtADEAMAAwAC0AMwA1AC0ATwAtAFMAXwCAexNmIWqLV18AMgAwADIANQAwADEAMAA4AC0AMQBAAMWITZFTTzgAXgDnYtZ2k2JLYi8AUgBHAEkAQwAtADEAMAAwAC0AMwA1AC0ATwAtAFMAXwCAexNmIWqLV18AMgAwADIANQAwADEAMAA4AC4AUwBUAEUAUAAtADEAQABSAEcASQBDAC0AMQAwADAALQAzADUALQBPAC0AUwBfAIB7E2YhaotXXwAyADAAMgA1ADAAMQAwADgALwBfAF8AXwBfACAAXwBfAF8AXwBfAF8AXwBSAEcASQBDAC0AMQAwADAALQAzADUALQBPAC0AUwBfAF8AXwBfAF8AXwBfAF8AXwBfADIAMAAyADUAMAAxADAAOAAuAFMAVABFAFAALQAxAEAAUgBHAEkAQwAtADEAMAAwAC0AMwA1AC0ATwAtAFMAXwCAexNmIWqLV18AMgAwADIANQAwADEAMAA4AC4AUwBUAEUAUAAEAAAAEAAAAAEAAAADAAAAIAAAABwAAAAdAAAA</a:base64Binary></SWComponentPIDs><SWMainComponentPID i:nil="true"/><Visual z:Ref="i83"/><isFixedFrame>false</isFixedFrame><isIncomplete>false</isIncomplete></Link></Children><Collision z:Ref="i29"/><Inertial z:Ref="i3"/><Joint z:Ref="i36"/><NameAttribute z:Ref="i2"/><Parent i:nil="true"/><STLQualityFine>false</STLQualityFine><SWComponentPIDs xmlns:a="http://schemas.microsoft.com/2003/10/Serialization/Arrays"><a:base64Binary>aEIAAAUAAAD//v8fMQAyAGxRpGXlXXdR2HYgAOtfYmMoANiepItfAAljoFLlXV8AKQAtADEAQADFiE2RU084AF4A52LWdpNiS2IEAAAAEAAAAAEAAAABAAAAHgAAAA==</a:base64Binary><a:base64Binary>aEIAAAUAAAD//v8fy2VsjzV1OVmTYutfYmP6Vppbf2coANiepItfAAljoFLlXV8AKQAtADEAQADFiE2RU084AF4A52LWdpNiS2IEAAAAEAAAAAEAAAABAAAAHwAAAA==</a:base64Binary><a:base64Binary>aEIAAAUAAAD//v8ey2VsjzV1KnLrX2JjbI+lY39nKADYnqSLXwAJY6BS5V1fACkALQAxAEAAxYhNkVNPOABeAOdi1naTYktiBAAAABAAAAABAAAAAQAAACEAAAA=</a:base64Binary><a:base64Binary>aEIAAAUAAAD//v/GUgBHAEkAQwAtADEAMAAwAC0AMwA1AC0ATwAtAFMAXwCAexNmIWqLV18AMgAwADIANQAwADEAMAA4AC0AMQBAAMWITZFTTzgAXgDnYtZ2k2JLYi8AUgBHAEkAQwAtADEAMAAwAC0AMwA1AC0ATwAtAFMAXwCAexNmIWqLV18AMgAwADIANQAwADEAMAA4AC4AUwBUAEUAUAAtADEAQABSAEcASQBDAC0AMQAwADAALQAzADUALQBPAC0AUwBfAIB7E2YhaotXXwAyADAAMgA1ADAAMQAwADgALwBfAF8AXwBfACAAXwBfAF8AXwBfAF8AXwBfAF8AUgBHAEkAQwAtADEAMAAwAC0AMwA1AC0ATwAtAFMAXwBfAF8AXwBfAF8AXwBfAF8AXwAyADAAMgA1ADAAMQAwADgALgBTAFQARQBQAC0AMQBAAFIARwBJAEMALQAxADAAMAAtADMANQAtAE8ALQBTAF8AgHsTZiFqi1dfADIAMAAyADUAMAAxADAAOAAuAFMAVABFAFAABAAAABAAAAABAAAAAwAAACAAAAAcAAAAHAAAAA==</a:base64Binary></SWComponentPIDs><SWMainComponentPID i:nil="true"/><Visual z:Ref="i16"/><isFixedFrame>false</isFixedFrame><isIncomplete>false</isIncomplete></Link>
2026-06-17 12:37:25,145 INFO  ExportHelperExtension.cs: 347 - Creating joint rotate_Link
2026-06-17 12:37:25,198 WARN  ExportHelperExtension.cs: 351 - Creating joint from parent base_link to child rotate_Link failed
2026-06-17 12:37:25,220 INFO  ExportHelperExtension.cs: 347 - Creating joint l_Link
2026-06-17 12:37:25,270 WARN  ExportHelperExtension.cs: 351 - Creating joint from parent rotate_Link to child l_Link failed
2026-06-17 12:37:25,289 INFO  ExportHelperExtension.cs: 347 - Creating joint l2_Link
2026-06-17 12:37:25,338 WARN  ExportHelperExtension.cs: 351 - Creating joint from parent l_Link to child l2_Link failed
2026-06-17 12:37:25,367 INFO  ExportHelperExtension.cs: 347 - Creating joint r_Link
2026-06-17 12:37:25,409 WARN  ExportHelperExtension.cs: 351 - Creating joint from parent rotate_Link to child r_Link failed
2026-06-17 12:37:25,422 INFO  ExportHelperExtension.cs: 347 - Creating joint r2_Link
2026-06-17 12:37:25,471 WARN  ExportHelperExtension.cs: 351 - Creating joint from parent r_Link to child r2_Link failed
2026-06-17 12:37:25,549 INFO  ExportHelperExtension.cs: 1125 - Retrieving features of type [CoordSys] from 装配体8^拧盖抓手.SLDASM
2026-06-17 12:37:25,549 INFO  ExportHelperExtension.cs: 1136 - Found 49 in 装配体8^拧盖抓手.SLDASM
2026-06-17 12:37:25,550 INFO  ExportHelperExtension.cs: 1145 - Found 6 features of type [CoordSys] in 装配体8^拧盖抓手.SLDASM
2026-06-17 12:37:25,550 INFO  ExportHelperExtension.cs: 1148 - Proceeding through assembly components
2026-06-17 12:37:25,550 INFO  ExportHelperExtension.cs: 1160 - 6 components to check
2026-06-17 12:37:25,550 INFO  ExportHelperExtension.cs: 1125 - Retrieving features of type [CoordSys] from RGIC-100-35-O-S_简易模型_20250108-1
2026-06-17 12:37:25,550 INFO  ExportHelperExtension.cs: 1136 - Found 23 in RGIC-100-35-O-S_简易模型_20250108-1
2026-06-17 12:37:25,552 INFO  ExportHelperExtension.cs: 1145 - Found 0 features of type [CoordSys] in RGIC-100-35-O-S_简易模型_20250108-1
2026-06-17 12:37:25,552 INFO  ExportHelperExtension.cs: 1125 - Retrieving features of type [CoordSys] from 12公斤工具盘 快换(默认_按加工_)-1
2026-06-17 12:37:25,552 INFO  ExportHelperExtension.cs: 1136 - Found 27 in 12公斤工具盘 快换(默认_按加工_)-1
2026-06-17 12:37:25,552 INFO  ExportHelperExtension.cs: 1145 - Found 0 features of type [CoordSys] in 12公斤工具盘 快换(默认_按加工_)-1
2026-06-17 12:37:25,552 INFO  ExportHelperExtension.cs: 1125 - Retrieving features of type [CoordSys] from S0506-S2200817-60-0100-A-X1-1-1
2026-06-17 12:37:25,578 INFO  ExportHelperExtension.cs: 1136 - Found 31 in S0506-S2200817-60-0100-A-X1-1-1
2026-06-17 12:37:25,578 INFO  ExportHelperExtension.cs: 1145 - Found 0 features of type [CoordSys] in S0506-S2200817-60-0100-A-X1-1-1
2026-06-17 12:37:25,578 INFO  ExportHelperExtension.cs: 1125 - Retrieving features of type [CoordSys] from 旋转电夹抓快换固定板(默认_按加工_)-1
2026-06-17 12:37:25,578 INFO  ExportHelperExtension.cs: 1136 - Found 27 in 旋转电夹抓快换固定板(默认_按加工_)-1
2026-06-17 12:37:25,578 INFO  ExportHelperExtension.cs: 1145 - Found 0 features of type [CoordSys] in 旋转电夹抓快换固定板(默认_按加工_)-1
2026-06-17 12:37:25,578 INFO  ExportHelperExtension.cs: 1125 - Retrieving features of type [CoordSys] from 旋转电爪快换转接板(默认_按加工_)-1
2026-06-17 12:37:25,578 INFO  ExportHelperExtension.cs: 1136 - Found 27 in 旋转电爪快换转接板(默认_按加工_)-1
2026-06-17 12:37:25,578 INFO  ExportHelperExtension.cs: 1145 - Found 0 features of type [CoordSys] in 旋转电爪快换转接板(默认_按加工_)-1
2026-06-17 12:37:25,578 INFO  ExportHelperExtension.cs: 1125 - Retrieving features of type [CoordSys] from S0506-S2200817-60-0100-A-X1-1
2026-06-17 12:37:25,578 INFO  ExportHelperExtension.cs: 1136 - Found 31 in S0506-S2200817-60-0100-A-X1-1
2026-06-17 12:37:25,578 INFO  ExportHelperExtension.cs: 1145 - Found 0 features of type [CoordSys] in S0506-S2200817-60-0100-A-X1-1
2026-06-17 12:37:25,578 INFO  ExportHelperExtension.cs: 1125 - Retrieving features of type [RefAxis] from 装配体8^拧盖抓手.SLDASM
2026-06-17 12:37:25,578 INFO  ExportHelperExtension.cs: 1136 - Found 49 in 装配体8^拧盖抓手.SLDASM
2026-06-17 12:37:25,578 INFO  ExportHelperExtension.cs: 1145 - Found 8 features of type [RefAxis] in 装配体8^拧盖抓手.SLDASM
2026-06-17 12:37:25,578 INFO  ExportHelperExtension.cs: 1148 - Proceeding through assembly components
2026-06-17 12:37:25,578 INFO  ExportHelperExtension.cs: 1160 - 6 components to check
2026-06-17 12:37:25,578 INFO  ExportHelperExtension.cs: 1125 - Retrieving features of type [RefAxis] from RGIC-100-35-O-S_简易模型_20250108-1
2026-06-17 12:37:25,578 INFO  ExportHelperExtension.cs: 1136 - Found 23 in RGIC-100-35-O-S_简易模型_20250108-1
2026-06-17 12:37:25,578 INFO  ExportHelperExtension.cs: 1145 - Found 0 features of type [RefAxis] in RGIC-100-35-O-S_简易模型_20250108-1
2026-06-17 12:37:25,578 INFO  ExportHelperExtension.cs: 1125 - Retrieving features of type [RefAxis] from 12公斤工具盘 快换(默认_按加工_)-1
2026-06-17 12:37:25,578 INFO  ExportHelperExtension.cs: 1136 - Found 27 in 12公斤工具盘 快换(默认_按加工_)-1
2026-06-17 12:37:25,578 INFO  ExportHelperExtension.cs: 1145 - Found 0 features of type [RefAxis] in 12公斤工具盘 快换(默认_按加工_)-1
2026-06-17 12:37:25,578 INFO  ExportHelperExtension.cs: 1125 - Retrieving features of type [RefAxis] from S0506-S2200817-60-0100-A-X1-1-1
2026-06-17 12:37:25,578 INFO  ExportHelperExtension.cs: 1136 - Found 31 in S0506-S2200817-60-0100-A-X1-1-1
2026-06-17 12:37:25,578 INFO  ExportHelperExtension.cs: 1145 - Found 0 features of type [RefAxis] in S0506-S2200817-60-0100-A-X1-1-1
2026-06-17 12:37:25,578 INFO  ExportHelperExtension.cs: 1125 - Retrieving features of type [RefAxis] from 旋转电夹抓快换固定板(默认_按加工_)-1
2026-06-17 12:37:25,578 INFO  ExportHelperExtension.cs: 1136 - Found 27 in 旋转电夹抓快换固定板(默认_按加工_)-1
2026-06-17 12:37:25,578 INFO  ExportHelperExtension.cs: 1145 - Found 0 features of type [RefAxis] in 旋转电夹抓快换固定板(默认_按加工_)-1
2026-06-17 12:37:25,578 INFO  ExportHelperExtension.cs: 1125 - Retrieving features of type [RefAxis] from 旋转电爪快换转接板(默认_按加工_)-1
2026-06-17 12:37:25,578 INFO  ExportHelperExtension.cs: 1136 - Found 27 in 旋转电爪快换转接板(默认_按加工_)-1
2026-06-17 12:37:25,578 INFO  ExportHelperExtension.cs: 1145 - Found 0 features of type [RefAxis] in 旋转电爪快换转接板(默认_按加工_)-1
2026-06-17 12:37:25,578 INFO  ExportHelperExtension.cs: 1125 - Retrieving features of type [RefAxis] from S0506-S2200817-60-0100-A-X1-1
2026-06-17 12:37:25,578 INFO  ExportHelperExtension.cs: 1136 - Found 31 in S0506-S2200817-60-0100-A-X1-1
2026-06-17 12:37:25,578 INFO  ExportHelperExtension.cs: 1145 - Found 0 features of type [RefAxis] in S0506-S2200817-60-0100-A-X1-1
2026-06-17 12:37:25,608 INFO  ExportPropertyManager.cs: 1142 - AfterClose called. This method no longer throws an Exception. It just silently does nothing. Ok, except for this logging message
2026-06-17 12:39:23,774 INFO  AssemblyExportForm.cs: 253 - Completing URDF export
2026-06-17 12:39:23,776 INFO  ConfigurationSerialization.cs: 276 - URDF Configuration found
<Link z:Id="i1" xmlns="http://schemas.datacontract.org/2004/07/SW2URDF" xmlns:i="http://www.w3.org/2001/XMLSchema-instance" xmlns:z="http://schemas.microsoft.com/2003/10/Serialization/"><Attributes><Attribute z:Id="i2"><AttributeType>name</AttributeType><IsRequired>true</IsRequired><Value i:type="a:string" xmlns:a="http://www.w3.org/2001/XMLSchema">base_link</Value></Attribute></Attributes><ChildElements><URDFElement z:Id="i3" i:type="Inertial"><Attributes/><ChildElements><URDFElement z:Id="i4" i:type="Origin"><Attributes><Attribute z:Id="i5"><AttributeType>xyz</AttributeType><IsRequired>true</IsRequired><Value i:type="a:ArrayOfdouble" xmlns:a="http://schemas.microsoft.com/2003/10/Serialization/Arrays"><a:double>0</a:double><a:double>0</a:double><a:double>0</a:double></Value></Attribute><Attribute z:Id="i6"><AttributeType>rpy</AttributeType><IsRequired>true</IsRequired><Value i:type="a:ArrayOfdouble" xmlns:a="http://schemas.microsoft.com/2003/10/Serialization/Arrays"><a:double>0</a:double><a:double>0</a:double><a:double>0</a:double></Value></Attribute></Attributes><ChildElements/><ElementName>origin</ElementName><required>false</required><RPYAttribute z:Ref="i6"/><XYZAttribute z:Ref="i5"/><isCustomized>false</isCustomized></URDFElement><URDFElement z:Id="i7" i:type="Mass"><Attributes><Attribute z:Id="i8"><AttributeType>value</AttributeType><IsRequired>true</IsRequired><Value i:type="a:double" xmlns:a="http://www.w3.org/2001/XMLSchema">0</Value></Attribute></Attributes><ChildElements/><ElementName>mass</ElementName><required>false</required><ValueAttribute z:Ref="i8"/></URDFElement><URDFElement z:Id="i9" i:type="Inertia"><Attributes><Attribute z:Id="i10"><AttributeType>ixx</AttributeType><IsRequired>true</IsRequired><Value i:type="a:double" xmlns:a="http://www.w3.org/2001/XMLSchema">0</Value></Attribute><Attribute z:Id="i11"><AttributeType>ixy</AttributeType><IsRequired>true</IsRequired><Value i:type="a:double" xmlns:a="http://www.w3.org/2001/XMLSchema">0</Value></Attribute><Attribute z:Id="i12"><AttributeType>ixz</AttributeType><IsRequired>true</IsRequired><Value i:type="a:double" xmlns:a="http://www.w3.org/2001/XMLSchema">0</Value></Attribute><Attribute z:Id="i13"><AttributeType>iyy</AttributeType><IsRequired>true</IsRequired><Value i:type="a:double" xmlns:a="http://www.w3.org/2001/XMLSchema">0</Value></Attribute><Attribute z:Id="i14"><AttributeType>iyz</AttributeType><IsRequired>true</IsRequired><Value i:type="a:double" xmlns:a="http://www.w3.org/2001/XMLSchema">0</Value></Attribute><Attribute z:Id="i15"><AttributeType>izz</AttributeType><IsRequired>true</IsRequired><Value i:type="a:double" xmlns:a="http://www.w3.org/2001/XMLSchema">0</Value></Attribute></Attributes><ChildElements/><ElementName>inertia</ElementName><required>false</required><IxxAttribute z:Ref="i10"/><IxyAttribute z:Ref="i11"/><IxzAttribute z:Ref="i12"/><IyyAttribute z:Ref="i13"/><IyzAttribute z:Ref="i14"/><IzzAttribute z:Ref="i15"/></URDFElement></ChildElements><ElementName>inertial</ElementName><required>false</required><Inertia z:Ref="i9"/><Mass z:Ref="i7"/><Origin z:Ref="i4"/></URDFElement><URDFElement z:Id="i16" i:type="Visual"><Attributes/><ChildElements><URDFElement z:Id="i17" i:type="Origin"><Attributes><Attribute z:Id="i18"><AttributeType>xyz</AttributeType><IsRequired>true</IsRequired><Value i:type="a:ArrayOfdouble" xmlns:a="http://schemas.microsoft.com/2003/10/Serialization/Arrays"><a:double>0</a:double><a:double>0</a:double><a:double>0</a:double></Value></Attribute><Attribute z:Id="i19"><AttributeType>rpy</AttributeType><IsRequired>true</IsRequired><Value i:type="a:ArrayOfdouble" xmlns:a="http://schemas.microsoft.com/2003/10/Serialization/Arrays"><a:double>0</a:double><a:double>0</a:double><a:double>0</a:double></Value></Attribute></Attributes><ChildElements/><ElementName>origin</ElementName><required>false</required><RPYAttribute z:Ref="i19"/><XYZAttribute z:Ref="i18"/><isCustomized>false</isCustomized></URDFElement><URDFElement z:Id="i20" i:type="Geometry"><Attributes/><ChildElements><URDFElement z:Id="i21" i:type="Mesh"><Attributes><Attribute z:Id="i22"><AttributeType>filename</AttributeType><IsRequired>true</IsRequired><Value i:nil="true"/></Attribute></Attributes><ChildElements/><ElementName>mesh</ElementName><required>false</required><FilenameAttribute z:Ref="i22"/></URDFElement></ChildElements><ElementName>geometry</ElementName><required>true</required><Mesh z:Ref="i21"/></URDFElement><URDFElement z:Id="i23" i:type="Material"><Attributes><Attribute z:Id="i24"><AttributeType>name</AttributeType><IsRequired>true</IsRequired><Value i:type="a:string" xmlns:a="http://www.w3.org/2001/XMLSchema"/></Attribute></Attributes><ChildElements><URDFElement z:Id="i25" i:type="Color"><Attributes><Attribute z:Id="i26"><AttributeType>rgba</AttributeType><IsRequired>true</IsRequired><Value i:type="a:ArrayOfdouble" xmlns:a="http://schemas.microsoft.com/2003/10/Serialization/Arrays"><a:double>1</a:double><a:double>1</a:double><a:double>1</a:double><a:double>1</a:double></Value></Attribute></Attributes><ChildElements/><ElementName>color</ElementName><required>false</required><RGBAAttribute z:Ref="i26"/></URDFElement><URDFElement z:Id="i27" i:type="Texture"><Attributes><Attribute z:Id="i28"><AttributeType>filename</AttributeType><IsRequired>true</IsRequired><Value i:nil="true"/></Attribute></Attributes><ChildElements/><ElementName>texture</ElementName><required>false</required><FilenameAttribute z:Ref="i28"/><wFilename/></URDFElement></ChildElements><ElementName>material</ElementName><required>false</required><Color z:Ref="i25"/><NameAttribute z:Ref="i24"/><Texture z:Ref="i27"/></URDFElement></ChildElements><ElementName>visual</ElementName><required>false</required><Geometry z:Ref="i20"/><Material z:Ref="i23"/><Origin z:Ref="i17"/></URDFElement><URDFElement z:Id="i29" i:type="Collision"><Attributes/><ChildElements><URDFElement z:Id="i30" i:type="Origin"><Attributes><Attribute z:Id="i31"><AttributeType>xyz</AttributeType><IsRequired>true</IsRequired><Value i:type="a:ArrayOfdouble" xmlns:a="http://schemas.microsoft.com/2003/10/Serialization/Arrays"><a:double>0</a:double><a:double>0</a:double><a:double>0</a:double></Value></Attribute><Attribute z:Id="i32"><AttributeType>rpy</AttributeType><IsRequired>true</IsRequired><Value i:type="a:ArrayOfdouble" xmlns:a="http://schemas.microsoft.com/2003/10/Serialization/Arrays"><a:double>0</a:double><a:double>0</a:double><a:double>0</a:double></Value></Attribute></Attributes><ChildElements/><ElementName>origin</ElementName><required>false</required><RPYAttribute z:Ref="i32"/><XYZAttribute z:Ref="i31"/><isCustomized>false</isCustomized></URDFElement><URDFElement z:Id="i33" i:type="Geometry"><Attributes/><ChildElements><URDFElement z:Id="i34" i:type="Mesh"><Attributes><Attribute z:Id="i35"><AttributeType>filename</AttributeType><IsRequired>true</IsRequired><Value i:nil="true"/></Attribute></Attributes><ChildElements/><ElementName>mesh</ElementName><required>false</required><FilenameAttribute z:Ref="i35"/></URDFElement></ChildElements><ElementName>geometry</ElementName><required>true</required><Mesh z:Ref="i34"/></URDFElement></ChildElements><ElementName>collision</ElementName><required>false</required><Geometry z:Ref="i33"/><Origin z:Ref="i30"/></URDFElement><URDFElement z:Id="i36" i:type="Joint"><Attributes><Attribute z:Id="i37"><AttributeType>name</AttributeType><IsRequired>true</IsRequired><Value i:type="a:string" xmlns:a="http://www.w3.org/2001/XMLSchema"/></Attribute><Attribute z:Id="i38"><AttributeType>type</AttributeType><IsRequired>true</IsRequired><Value i:type="a:string" xmlns:a="http://www.w3.org/2001/XMLSchema"/></Attribute></Attributes><ChildElements><URDFElement z:Id="i39" i:type="Origin"><Attributes><Attribute z:Id="i40"><AttributeType>xyz</AttributeType><IsRequired>true</IsRequired><Value i:type="a:ArrayOfdouble" xmlns:a="http://schemas.microsoft.com/2003/10/Serialization/Arrays"><a:double>0</a:double><a:double>0</a:double><a:double>0</a:double></Value></Attribute><Attribute z:Id="i41"><AttributeType>rpy</AttributeType><IsRequired>true</IsRequired><Value i:type="a:ArrayOfdouble" xmlns:a="http://schemas.microsoft.com/2003/10/Serialization/Arrays"><a:double>0</a:double><a:double>0</a:double><a:double>0</a:double></Value></Attribute></Attributes><ChildElements/><ElementName>origin</ElementName><required>false</required><RPYAttribute z:Ref="i41"/><XYZAttribute z:Ref="i40"/><isCustomized>false</isCustomized></URDFElement><URDFElement z:Id="i42" i:type="ParentLink"><Attributes><Attribute z:Id="i43"><AttributeType>link</AttributeType><IsRequired>true</IsRequired><Value i:type="a:string" xmlns:a="http://www.w3.org/2001/XMLSchema"/></Attribute></Attributes><ChildElements/><ElementName>parent</ElementName><required>true</required><NameAttribute z:Ref="i43"/></URDFElement><URDFElement z:Id="i44" i:type="ChildLink"><Attributes><Attribute z:Id="i45"><AttributeType>link</AttributeType><IsRequired>true</IsRequired><Value i:type="a:string" xmlns:a="http://www.w3.org/2001/XMLSchema"/></Attribute></Attributes><ChildElements/><ElementName>child</ElementName><required>true</required><NameAttribute z:Ref="i45"/></URDFElement><URDFElement z:Id="i46" i:type="Axis"><Attributes><Attribute z:Id="i47"><AttributeType>xyz</AttributeType><IsRequired>true</IsRequired><Value i:type="a:ArrayOfdouble" xmlns:a="http://schemas.microsoft.com/2003/10/Serialization/Arrays"><a:double>0</a:double><a:double>0</a:double><a:double>0</a:double></Value></Attribute></Attributes><ChildElements/><ElementName>axis</ElementName><required>false</required><XYZAttribute z:Ref="i47"/></URDFElement><URDFElement z:Id="i48" i:type="Limit"><Attributes><Attribute z:Id="i49"><AttributeType>lower</AttributeType><IsRequired>false</IsRequired><Value i:nil="true"/></Attribute><Attribute z:Id="i50"><AttributeType>upper</AttributeType><IsRequired>false</IsRequired><Value i:nil="true"/></Attribute><Attribute z:Id="i51"><AttributeType>effort</AttributeType><IsRequired>true</IsRequired><Value i:nil="true"/></Attribute><Attribute z:Id="i52"><AttributeType>velocity</AttributeType><IsRequired>true</IsRequired><Value i:nil="true"/></Attribute></Attributes><ChildElements/><ElementName>limit</ElementName><required>false</required><EffortAttribute z:Ref="i51"/><LowerAttribute z:Ref="i49"/><UpperAttribute z:Ref="i50"/><VelocityAttribute z:Ref="i52"/></URDFElement><URDFElement z:Id="i53" i:type="Calibration"><Attributes><Attribute z:Id="i54"><AttributeType>rising</AttributeType><IsRequired>false</IsRequired><Value i:nil="true"/></Attribute><Attribute z:Id="i55"><AttributeType>falling</AttributeType><IsRequired>false</IsRequired><Value i:nil="true"/></Attribute></Attributes><ChildElements/><ElementName>calibration</ElementName><required>false</required><FallingAttribute z:Ref="i55"/><RisingAttribute z:Ref="i54"/></URDFElement><URDFElement z:Id="i56" i:type="Dynamics"><Attributes><Attribute z:Id="i57"><AttributeType>damping</AttributeType><IsRequired>false</IsRequired><Value i:nil="true"/></Attribute><Attribute z:Id="i58"><AttributeType>friction</AttributeType><IsRequired>false</IsRequired><Value i:nil="true"/></Attribute></Attributes><ChildElements/><ElementName>dynamics</ElementName><required>false</required><DampingAttribute z:Ref="i57"/><FrictionAttribute z:Ref="i58"/></URDFElement><URDFElement z:Id="i59" i:type="SafetyController"><Attributes><Attribute z:Id="i60"><AttributeType>soft_upper_limit</AttributeType><IsRequired>false</IsRequired><Value i:nil="true"/></Attribute><Attribute z:Id="i61"><AttributeType>soft_lower_limit</AttributeType><IsRequired>false</IsRequired><Value i:nil="true"/></Attribute><Attribute z:Id="i62"><AttributeType>k_position</AttributeType><IsRequired>false</IsRequired><Value i:nil="true"/></Attribute><Attribute z:Id="i63"><AttributeType>k_velocity</AttributeType><IsRequired>true</IsRequired><Value i:nil="true"/></Attribute></Attributes><ChildElements/><ElementName>safety_controller</ElementName><required>false</required><KPositionAttribute z:Ref="i62"/><KVelocityAttribute z:Ref="i63"/><SoftLowerAttribute z:Ref="i61"/><SoftUpperAttribute z:Ref="i60"/></URDFElement><URDFElement z:Id="i64" i:type="Mimic"><Attributes><Attribute z:Id="i65"><AttributeType>joint</AttributeType><IsRequired>true</IsRequired><Value i:nil="true"/></Attribute><Attribute z:Id="i66"><AttributeType>multiplier</AttributeType><IsRequired>false</IsRequired><Value i:nil="true"/></Attribute><Attribute z:Id="i67"><AttributeType>offset</AttributeType><IsRequired>false</IsRequired><Value i:nil="true"/></Attribute></Attributes><ChildElements/><ElementName>mimic</ElementName><required>false</required><JointNameAttribute z:Ref="i65"/><MultiplierAttribute z:Ref="i66"/><OffsetAttribute z:Ref="i67"/></URDFElement></ChildElements><ElementName>joint</ElementName><required>false</required><Axis z:Ref="i46"/><AxisName/><Calibration z:Ref="i53"/><Child z:Ref="i44"/><CoordinateSystemName>base</CoordinateSystemName><Dynamics z:Ref="i56"/><Limit z:Ref="i48"/><Mimic z:Ref="i64"/><NameAttribute z:Ref="i37"/><Origin z:Ref="i39"/><Parent z:Ref="i42"/><Safety z:Ref="i59"/><TypeAttribute z:Ref="i38"/></URDFElement></ChildElements><ElementName>link</ElementName><required>true</required><Children><Link z:Id="i68"><Attributes><Attribute z:Id="i69"><AttributeType>name</AttributeType><IsRequired>true</IsRequired><Value i:type="a:string" xmlns:a="http://www.w3.org/2001/XMLSchema">rotate_Link</Value></Attribute></Attributes><ChildElements><URDFElement z:Id="i70" i:type="Inertial"><Attributes/><ChildElements><URDFElement z:Id="i71" i:type="Origin"><Attributes><Attribute z:Id="i72"><AttributeType>xyz</AttributeType><IsRequired>true</IsRequired><Value i:type="a:ArrayOfdouble" xmlns:a="http://schemas.microsoft.com/2003/10/Serialization/Arrays"><a:double>0</a:double><a:double>0</a:double><a:double>0</a:double></Value></Attribute><Attribute z:Id="i73"><AttributeType>rpy</AttributeType><IsRequired>true</IsRequired><Value i:type="a:ArrayOfdouble" xmlns:a="http://schemas.microsoft.com/2003/10/Serialization/Arrays"><a:double>0</a:double><a:double>0</a:double><a:double>0</a:double></Value></Attribute></Attributes><ChildElements/><ElementName>origin</ElementName><required>false</required><RPYAttribute z:Ref="i73"/><XYZAttribute z:Ref="i72"/><isCustomized>false</isCustomized></URDFElement><URDFElement z:Id="i74" i:type="Mass"><Attributes><Attribute z:Id="i75"><AttributeType>value</AttributeType><IsRequired>true</IsRequired><Value i:type="a:double" xmlns:a="http://www.w3.org/2001/XMLSchema">0</Value></Attribute></Attributes><ChildElements/><ElementName>mass</ElementName><required>false</required><ValueAttribute z:Ref="i75"/></URDFElement><URDFElement z:Id="i76" i:type="Inertia"><Attributes><Attribute z:Id="i77"><AttributeType>ixx</AttributeType><IsRequired>true</IsRequired><Value i:type="a:double" xmlns:a="http://www.w3.org/2001/XMLSchema">0</Value></Attribute><Attribute z:Id="i78"><AttributeType>ixy</AttributeType><IsRequired>true</IsRequired><Value i:type="a:double" xmlns:a="http://www.w3.org/2001/XMLSchema">0</Value></Attribute><Attribute z:Id="i79"><AttributeType>ixz</AttributeType><IsRequired>true</IsRequired><Value i:type="a:double" xmlns:a="http://www.w3.org/2001/XMLSchema">0</Value></Attribute><Attribute z:Id="i80"><AttributeType>iyy</AttributeType><IsRequired>true</IsRequired><Value i:type="a:double" xmlns:a="http://www.w3.org/2001/XMLSchema">0</Value></Attribute><Attribute z:Id="i81"><AttributeType>iyz</AttributeType><IsRequired>true</IsRequired><Value i:type="a:double" xmlns:a="http://www.w3.org/2001/XMLSchema">0</Value></Attribute><Attribute z:Id="i82"><AttributeType>izz</AttributeType><IsRequired>true</IsRequired><Value i:type="a:double" xmlns:a="http://www.w3.org/2001/XMLSchema">0</Value></Attribute></Attributes><ChildElements/><ElementName>inertia</ElementName><required>false</required><IxxAttribute z:Ref="i77"/><IxyAttribute z:Ref="i78"/><IxzAttribute z:Ref="i79"/><IyyAttribute z:Ref="i80"/><IyzAttribute z:Ref="i81"/><IzzAttribute z:Ref="i82"/></URDFElement></ChildElements><ElementName>inertial</ElementName><required>false</required><Inertia z:Ref="i76"/><Mass z:Ref="i74"/><Origin z:Ref="i71"/></URDFElement><URDFElement z:Id="i83" i:type="Visual"><Attributes/><ChildElements><URDFElement z:Id="i84" i:type="Origin"><Attributes><Attribute z:Id="i85"><AttributeType>xyz</AttributeType><IsRequired>true</IsRequired><Value i:type="a:ArrayOfdouble" xmlns:a="http://schemas.microsoft.com/2003/10/Serialization/Arrays"><a:double>0</a:double><a:double>0</a:double><a:double>0</a:double></Value></Attribute><Attribute z:Id="i86"><AttributeType>rpy</AttributeType><IsRequired>true</IsRequired><Value i:type="a:ArrayOfdouble" xmlns:a="http://schemas.microsoft.com/2003/10/Serialization/Arrays"><a:double>0</a:double><a:double>0</a:double><a:double>0</a:double></Value></Attribute></Attributes><ChildElements/><ElementName>origin</ElementName><required>false</required><RPYAttribute z:Ref="i86"/><XYZAttribute z:Ref="i85"/><isCustomized>false</isCustomized></URDFElement><URDFElement z:Id="i87" i:type="Geometry"><Attributes/><ChildElements><URDFElement z:Id="i88" i:type="Mesh"><Attributes><Attribute z:Id="i89"><AttributeType>filename</AttributeType><IsRequired>true</IsRequired><Value i:nil="true"/></Attribute></Attributes><ChildElements/><ElementName>mesh</ElementName><required>false</required><FilenameAttribute z:Ref="i89"/></URDFElement></ChildElements><ElementName>geometry</ElementName><required>true</required><Mesh z:Ref="i88"/></URDFElement><URDFElement z:Id="i90" i:type="Material"><Attributes><Attribute z:Id="i91"><AttributeType>name</AttributeType><IsRequired>true</IsRequired><Value i:type="a:string" xmlns:a="http://www.w3.org/2001/XMLSchema"/></Attribute></Attributes><ChildElements><URDFElement z:Id="i92" i:type="Color"><Attributes><Attribute z:Id="i93"><AttributeType>rgba</AttributeType><IsRequired>true</IsRequired><Value i:type="a:ArrayOfdouble" xmlns:a="http://schemas.microsoft.com/2003/10/Serialization/Arrays"><a:double>1</a:double><a:double>1</a:double><a:double>1</a:double><a:double>1</a:double></Value></Attribute></Attributes><ChildElements/><ElementName>color</ElementName><required>false</required><RGBAAttribute z:Ref="i93"/></URDFElement><URDFElement z:Id="i94" i:type="Texture"><Attributes><Attribute z:Id="i95"><AttributeType>filename</AttributeType><IsRequired>true</IsRequired><Value i:nil="true"/></Attribute></Attributes><ChildElements/><ElementName>texture</ElementName><required>false</required><FilenameAttribute z:Ref="i95"/><wFilename/></URDFElement></ChildElements><ElementName>material</ElementName><required>false</required><Color z:Ref="i92"/><NameAttribute z:Ref="i91"/><Texture z:Ref="i94"/></URDFElement></ChildElements><ElementName>visual</ElementName><required>false</required><Geometry z:Ref="i87"/><Material z:Ref="i90"/><Origin z:Ref="i84"/></URDFElement><URDFElement z:Id="i96" i:type="Collision"><Attributes/><ChildElements><URDFElement z:Id="i97" i:type="Origin"><Attributes><Attribute z:Id="i98"><AttributeType>xyz</AttributeType><IsRequired>true</IsRequired><Value i:type="a:ArrayOfdouble" xmlns:a="http://schemas.microsoft.com/2003/10/Serialization/Arrays"><a:double>0</a:double><a:double>0</a:double><a:double>0</a:double></Value></Attribute><Attribute z:Id="i99"><AttributeType>rpy</AttributeType><IsRequired>true</IsRequired><Value i:type="a:ArrayOfdouble" xmlns:a="http://schemas.microsoft.com/2003/10/Serialization/Arrays"><a:double>0</a:double><a:double>0</a:double><a:double>0</a:double></Value></Attribute></Attributes><ChildElements/><ElementName>origin</ElementName><required>false</required><RPYAttribute z:Ref="i99"/><XYZAttribute z:Ref="i98"/><isCustomized>false</isCustomized></URDFElement><URDFElement z:Id="i100" i:type="Geometry"><Attributes/><ChildElements><URDFElement z:Id="i101" i:type="Mesh"><Attributes><Attribute z:Id="i102"><AttributeType>filename</AttributeType><IsRequired>true</IsRequired><Value i:nil="true"/></Attribute></Attributes><ChildElements/><ElementName>mesh</ElementName><required>false</required><FilenameAttribute z:Ref="i102"/></URDFElement></ChildElements><ElementName>geometry</ElementName><required>true</required><Mesh z:Ref="i101"/></URDFElement></ChildElements><ElementName>collision</ElementName><required>false</required><Geometry z:Ref="i100"/><Origin z:Ref="i97"/></URDFElement><URDFElement z:Id="i103" i:type="Joint"><Attributes><Attribute z:Id="i104"><AttributeType>name</AttributeType><IsRequired>true</IsRequired><Value i:type="a:string" xmlns:a="http://www.w3.org/2001/XMLSchema">rotate_joint</Value></Attribute><Attribute z:Id="i105"><AttributeType>type</AttributeType><IsRequired>true</IsRequired><Value i:type="a:string" xmlns:a="http://www.w3.org/2001/XMLSchema">continuous</Value></Attribute></Attributes><ChildElements><URDFElement z:Id="i106" i:type="Origin"><Attributes><Attribute z:Id="i107"><AttributeType>xyz</AttributeType><IsRequired>true</IsRequired><Value i:type="a:ArrayOfdouble" xmlns:a="http://schemas.microsoft.com/2003/10/Serialization/Arrays"><a:double>0</a:double><a:double>0</a:double><a:double>0</a:double></Value></Attribute><Attribute z:Id="i108"><AttributeType>rpy</AttributeType><IsRequired>true</IsRequired><Value i:type="a:ArrayOfdouble" xmlns:a="http://schemas.microsoft.com/2003/10/Serialization/Arrays"><a:double>0</a:double><a:double>0</a:double><a:double>0</a:double></Value></Attribute></Attributes><ChildElements/><ElementName>origin</ElementName><required>false</required><RPYAttribute z:Ref="i108"/><XYZAttribute z:Ref="i107"/><isCustomized>false</isCustomized></URDFElement><URDFElement z:Id="i109" i:type="ParentLink"><Attributes><Attribute z:Id="i110"><AttributeType>link</AttributeType><IsRequired>true</IsRequired><Value i:type="a:string" xmlns:a="http://www.w3.org/2001/XMLSchema"/></Attribute></Attributes><ChildElements/><ElementName>parent</ElementName><required>true</required><NameAttribute z:Ref="i110"/></URDFElement><URDFElement z:Id="i111" i:type="ChildLink"><Attributes><Attribute z:Id="i112"><AttributeType>link</AttributeType><IsRequired>true</IsRequired><Value i:type="a:string" xmlns:a="http://www.w3.org/2001/XMLSchema"/></Attribute></Attributes><ChildElements/><ElementName>child</ElementName><required>true</required><NameAttribute z:Ref="i112"/></URDFElement><URDFElement z:Id="i113" i:type="Axis"><Attributes><Attribute z:Id="i114"><AttributeType>xyz</AttributeType><IsRequired>true</IsRequired><Value i:type="a:ArrayOfdouble" xmlns:a="http://schemas.microsoft.com/2003/10/Serialization/Arrays"><a:double>0</a:double><a:double>0</a:double><a:double>0</a:double></Value></Attribute></Attributes><ChildElements/><ElementName>axis</ElementName><required>false</required><XYZAttribute z:Ref="i114"/></URDFElement><URDFElement z:Id="i115" i:type="Limit"><Attributes><Attribute z:Id="i116"><AttributeType>lower</AttributeType><IsRequired>false</IsRequired><Value i:nil="true"/></Attribute><Attribute z:Id="i117"><AttributeType>upper</AttributeType><IsRequired>false</IsRequired><Value i:nil="true"/></Attribute><Attribute z:Id="i118"><AttributeType>effort</AttributeType><IsRequired>true</IsRequired><Value i:nil="true"/></Attribute><Attribute z:Id="i119"><AttributeType>velocity</AttributeType><IsRequired>true</IsRequired><Value i:nil="true"/></Attribute></Attributes><ChildElements/><ElementName>limit</ElementName><required>false</required><EffortAttribute z:Ref="i118"/><LowerAttribute z:Ref="i116"/><UpperAttribute z:Ref="i117"/><VelocityAttribute z:Ref="i119"/></URDFElement><URDFElement z:Id="i120" i:type="Calibration"><Attributes><Attribute z:Id="i121"><AttributeType>rising</AttributeType><IsRequired>false</IsRequired><Value i:nil="true"/></Attribute><Attribute z:Id="i122"><AttributeType>falling</AttributeType><IsRequired>false</IsRequired><Value i:nil="true"/></Attribute></Attributes><ChildElements/><ElementName>calibration</ElementName><required>false</required><FallingAttribute z:Ref="i122"/><RisingAttribute z:Ref="i121"/></URDFElement><URDFElement z:Id="i123" i:type="Dynamics"><Attributes><Attribute z:Id="i124"><AttributeType>damping</AttributeType><IsRequired>false</IsRequired><Value i:nil="true"/></Attribute><Attribute z:Id="i125"><AttributeType>friction</AttributeType><IsRequired>false</IsRequired><Value i:nil="true"/></Attribute></Attributes><ChildElements/><ElementName>dynamics</ElementName><required>false</required><DampingAttribute z:Ref="i124"/><FrictionAttribute z:Ref="i125"/></URDFElement><URDFElement z:Id="i126" i:type="SafetyController"><Attributes><Attribute z:Id="i127"><AttributeType>soft_upper_limit</AttributeType><IsRequired>false</IsRequired><Value i:nil="true"/></Attribute><Attribute z:Id="i128"><AttributeType>soft_lower_limit</AttributeType><IsRequired>false</IsRequired><Value i:nil="true"/></Attribute><Attribute z:Id="i129"><AttributeType>k_position</AttributeType><IsRequired>false</IsRequired><Value i:nil="true"/></Attribute><Attribute z:Id="i130"><AttributeType>k_velocity</AttributeType><IsRequired>true</IsRequired><Value i:nil="true"/></Attribute></Attributes><ChildElements/><ElementName>safety_controller</ElementName><required>false</required><KPositionAttribute z:Ref="i129"/><KVelocityAttribute z:Ref="i130"/><SoftLowerAttribute z:Ref="i128"/><SoftUpperAttribute z:Ref="i127"/></URDFElement><URDFElement z:Id="i131" i:type="Mimic"><Attributes><Attribute z:Id="i132"><AttributeType>joint</AttributeType><IsRequired>true</IsRequired><Value i:nil="true"/></Attribute><Attribute z:Id="i133"><AttributeType>multiplier</AttributeType><IsRequired>false</IsRequired><Value i:nil="true"/></Attribute><Attribute z:Id="i134"><AttributeType>offset</AttributeType><IsRequired>false</IsRequired><Value i:nil="true"/></Attribute></Attributes><ChildElements/><ElementName>mimic</ElementName><required>false</required><JointNameAttribute z:Ref="i132"/><MultiplierAttribute z:Ref="i133"/><OffsetAttribute z:Ref="i134"/></URDFElement></ChildElements><ElementName>joint</ElementName><required>false</required><Axis z:Ref="i113"/><AxisName>_rot</AxisName><Calibration z:Ref="i120"/><Child z:Ref="i111"/><CoordinateSystemName>rot</CoordinateSystemName><Dynamics z:Ref="i123"/><Limit z:Ref="i115"/><Mimic z:Ref="i131"/><NameAttribute z:Ref="i104"/><Origin z:Ref="i106"/><Parent z:Ref="i109"/><Safety z:Ref="i126"/><TypeAttribute z:Ref="i105"/></URDFElement></ChildElements><ElementName>link</ElementName><required>true</required><Children><Link z:Id="i135"><Attributes><Attribute z:Id="i136"><AttributeType>name</AttributeType><IsRequired>true</IsRequired><Value i:type="a:string" xmlns:a="http://www.w3.org/2001/XMLSchema">l_Link</Value></Attribute></Attributes><ChildElements><URDFElement z:Id="i137" i:type="Inertial"><Attributes/><ChildElements><URDFElement z:Id="i138" i:type="Origin"><Attributes><Attribute z:Id="i139"><AttributeType>xyz</AttributeType><IsRequired>true</IsRequired><Value i:type="a:ArrayOfdouble" xmlns:a="http://schemas.microsoft.com/2003/10/Serialization/Arrays"><a:double>0</a:double><a:double>0</a:double><a:double>0</a:double></Value></Attribute><Attribute z:Id="i140"><AttributeType>rpy</AttributeType><IsRequired>true</IsRequired><Value i:type="a:ArrayOfdouble" xmlns:a="http://schemas.microsoft.com/2003/10/Serialization/Arrays"><a:double>0</a:double><a:double>0</a:double><a:double>0</a:double></Value></Attribute></Attributes><ChildElements/><ElementName>origin</ElementName><required>false</required><RPYAttribute z:Ref="i140"/><XYZAttribute z:Ref="i139"/><isCustomized>false</isCustomized></URDFElement><URDFElement z:Id="i141" i:type="Mass"><Attributes><Attribute z:Id="i142"><AttributeType>value</AttributeType><IsRequired>true</IsRequired><Value i:type="a:double" xmlns:a="http://www.w3.org/2001/XMLSchema">0</Value></Attribute></Attributes><ChildElements/><ElementName>mass</ElementName><required>false</required><ValueAttribute z:Ref="i142"/></URDFElement><URDFElement z:Id="i143" i:type="Inertia"><Attributes><Attribute z:Id="i144"><AttributeType>ixx</AttributeType><IsRequired>true</IsRequired><Value i:type="a:double" xmlns:a="http://www.w3.org/2001/XMLSchema">0</Value></Attribute><Attribute z:Id="i145"><AttributeType>ixy</AttributeType><IsRequired>true</IsRequired><Value i:type="a:double" xmlns:a="http://www.w3.org/2001/XMLSchema">0</Value></Attribute><Attribute z:Id="i146"><AttributeType>ixz</AttributeType><IsRequired>true</IsRequired><Value i:type="a:double" xmlns:a="http://www.w3.org/2001/XMLSchema">0</Value></Attribute><Attribute z:Id="i147"><AttributeType>iyy</AttributeType><IsRequired>true</IsRequired><Value i:type="a:double" xmlns:a="http://www.w3.org/2001/XMLSchema">0</Value></Attribute><Attribute z:Id="i148"><AttributeType>iyz</AttributeType><IsRequired>true</IsRequired><Value i:type="a:double" xmlns:a="http://www.w3.org/2001/XMLSchema">0</Value></Attribute><Attribute z:Id="i149"><AttributeType>izz</AttributeType><IsRequired>true</IsRequired><Value i:type="a:double" xmlns:a="http://www.w3.org/2001/XMLSchema">0</Value></Attribute></Attributes><ChildElements/><ElementName>inertia</ElementName><required>false</required><IxxAttribute z:Ref="i144"/><IxyAttribute z:Ref="i145"/><IxzAttribute z:Ref="i146"/><IyyAttribute z:Ref="i147"/><IyzAttribute z:Ref="i148"/><IzzAttribute z:Ref="i149"/></URDFElement></ChildElements><ElementName>inertial</ElementName><required>false</required><Inertia z:Ref="i143"/><Mass z:Ref="i141"/><Origin z:Ref="i138"/></URDFElement><URDFElement z:Id="i150" i:type="Visual"><Attributes/><ChildElements><URDFElement z:Id="i151" i:type="Origin"><Attributes><Attribute z:Id="i152"><AttributeType>xyz</AttributeType><IsRequired>true</IsRequired><Value i:type="a:ArrayOfdouble" xmlns:a="http://schemas.microsoft.com/2003/10/Serialization/Arrays"><a:double>0</a:double><a:double>0</a:double><a:double>0</a:double></Value></Attribute><Attribute z:Id="i153"><AttributeType>rpy</AttributeType><IsRequired>true</IsRequired><Value i:type="a:ArrayOfdouble" xmlns:a="http://schemas.microsoft.com/2003/10/Serialization/Arrays"><a:double>0</a:double><a:double>0</a:double><a:double>0</a:double></Value></Attribute></Attributes><ChildElements/><ElementName>origin</ElementName><required>false</required><RPYAttribute z:Ref="i153"/><XYZAttribute z:Ref="i152"/><isCustomized>false</isCustomized></URDFElement><URDFElement z:Id="i154" i:type="Geometry"><Attributes/><ChildElements><URDFElement z:Id="i155" i:type="Mesh"><Attributes><Attribute z:Id="i156"><AttributeType>filename</AttributeType><IsRequired>true</IsRequired><Value i:nil="true"/></Attribute></Attributes><ChildElements/><ElementName>mesh</ElementName><required>false</required><FilenameAttribute z:Ref="i156"/></URDFElement></ChildElements><ElementName>geometry</ElementName><required>true</required><Mesh z:Ref="i155"/></URDFElement><URDFElement z:Id="i157" i:type="Material"><Attributes><Attribute z:Id="i158"><AttributeType>name</AttributeType><IsRequired>true</IsRequired><Value i:type="a:string" xmlns:a="http://www.w3.org/2001/XMLSchema"/></Attribute></Attributes><ChildElements><URDFElement z:Id="i159" i:type="Color"><Attributes><Attribute z:Id="i160"><AttributeType>rgba</AttributeType><IsRequired>true</IsRequired><Value i:type="a:ArrayOfdouble" xmlns:a="http://schemas.microsoft.com/2003/10/Serialization/Arrays"><a:double>1</a:double><a:double>1</a:double><a:double>1</a:double><a:double>1</a:double></Value></Attribute></Attributes><ChildElements/><ElementName>color</ElementName><required>false</required><RGBAAttribute z:Ref="i160"/></URDFElement><URDFElement z:Id="i161" i:type="Texture"><Attributes><Attribute z:Id="i162"><AttributeType>filename</AttributeType><IsRequired>true</IsRequired><Value i:nil="true"/></Attribute></Attributes><ChildElements/><ElementName>texture</ElementName><required>false</required><FilenameAttribute z:Ref="i162"/><wFilename/></URDFElement></ChildElements><ElementName>material</ElementName><required>false</required><Color z:Ref="i159"/><NameAttribute z:Ref="i158"/><Texture z:Ref="i161"/></URDFElement></ChildElements><ElementName>visual</ElementName><required>false</required><Geometry z:Ref="i154"/><Material z:Ref="i157"/><Origin z:Ref="i151"/></URDFElement><URDFElement z:Id="i163" i:type="Collision"><Attributes/><ChildElements><URDFElement z:Id="i164" i:type="Origin"><Attributes><Attribute z:Id="i165"><AttributeType>xyz</AttributeType><IsRequired>true</IsRequired><Value i:type="a:ArrayOfdouble" xmlns:a="http://schemas.microsoft.com/2003/10/Serialization/Arrays"><a:double>0</a:double><a:double>0</a:double><a:double>0</a:double></Value></Attribute><Attribute z:Id="i166"><AttributeType>rpy</AttributeType><IsRequired>true</IsRequired><Value i:type="a:ArrayOfdouble" xmlns:a="http://schemas.microsoft.com/2003/10/Serialization/Arrays"><a:double>0</a:double><a:double>0</a:double><a:double>0</a:double></Value></Attribute></Attributes><ChildElements/><ElementName>origin</ElementName><required>false</required><RPYAttribute z:Ref="i166"/><XYZAttribute z:Ref="i165"/><isCustomized>false</isCustomized></URDFElement><URDFElement z:Id="i167" i:type="Geometry"><Attributes/><ChildElements><URDFElement z:Id="i168" i:type="Mesh"><Attributes><Attribute z:Id="i169"><AttributeType>filename</AttributeType><IsRequired>true</IsRequired><Value i:nil="true"/></Attribute></Attributes><ChildElements/><ElementName>mesh</ElementName><required>false</required><FilenameAttribute z:Ref="i169"/></URDFElement></ChildElements><ElementName>geometry</ElementName><required>true</required><Mesh z:Ref="i168"/></URDFElement></ChildElements><ElementName>collision</ElementName><required>false</required><Geometry z:Ref="i167"/><Origin z:Ref="i164"/></URDFElement><URDFElement z:Id="i170" i:type="Joint"><Attributes><Attribute z:Id="i171"><AttributeType>name</AttributeType><IsRequired>true</IsRequired><Value i:type="a:string" xmlns:a="http://www.w3.org/2001/XMLSchema">l_joint</Value></Attribute><Attribute z:Id="i172"><AttributeType>type</AttributeType><IsRequired>true</IsRequired><Value i:type="a:string" xmlns:a="http://www.w3.org/2001/XMLSchema">prismatic</Value></Attribute></Attributes><ChildElements><URDFElement z:Id="i173" i:type="Origin"><Attributes><Attribute z:Id="i174"><AttributeType>xyz</AttributeType><IsRequired>true</IsRequired><Value i:type="a:ArrayOfdouble" xmlns:a="http://schemas.microsoft.com/2003/10/Serialization/Arrays"><a:double>0</a:double><a:double>0</a:double><a:double>0</a:double></Value></Attribute><Attribute z:Id="i175"><AttributeType>rpy</AttributeType><IsRequired>true</IsRequired><Value i:type="a:ArrayOfdouble" xmlns:a="http://schemas.microsoft.com/2003/10/Serialization/Arrays"><a:double>0</a:double><a:double>0</a:double><a:double>0</a:double></Value></Attribute></Attributes><ChildElements/><ElementName>origin</ElementName><required>false</required><RPYAttribute z:Ref="i175"/><XYZAttribute z:Ref="i174"/><isCustomized>false</isCustomized></URDFElement><URDFElement z:Id="i176" i:type="ParentLink"><Attributes><Attribute z:Id="i177"><AttributeType>link</AttributeType><IsRequired>true</IsRequired><Value i:type="a:string" xmlns:a="http://www.w3.org/2001/XMLSchema"/></Attribute></Attributes><ChildElements/><ElementName>parent</ElementName><required>true</required><NameAttribute z:Ref="i177"/></URDFElement><URDFElement z:Id="i178" i:type="ChildLink"><Attributes><Attribute z:Id="i179"><AttributeType>link</AttributeType><IsRequired>true</IsRequired><Value i:type="a:string" xmlns:a="http://www.w3.org/2001/XMLSchema"/></Attribute></Attributes><ChildElements/><ElementName>child</ElementName><required>true</required><NameAttribute z:Ref="i179"/></URDFElement><URDFElement z:Id="i180" i:type="Axis"><Attributes><Attribute z:Id="i181"><AttributeType>xyz</AttributeType><IsRequired>true</IsRequired><Value i:type="a:ArrayOfdouble" xmlns:a="http://schemas.microsoft.com/2003/10/Serialization/Arrays"><a:double>0</a:double><a:double>0</a:double><a:double>0</a:double></Value></Attribute></Attributes><ChildElements/><ElementName>axis</ElementName><required>false</required><XYZAttribute z:Ref="i181"/></URDFElement><URDFElement z:Id="i182" i:type="Limit"><Attributes><Attribute z:Id="i183"><AttributeType>lower</AttributeType><IsRequired>true</IsRequired><Value i:nil="true"/></Attribute><Attribute z:Id="i184"><AttributeType>upper</AttributeType><IsRequired>true</IsRequired><Value i:nil="true"/></Attribute><Attribute z:Id="i185"><AttributeType>effort</AttributeType><IsRequired>true</IsRequired><Value i:nil="true"/></Attribute><Attribute z:Id="i186"><AttributeType>velocity</AttributeType><IsRequired>true</IsRequired><Value i:nil="true"/></Attribute></Attributes><ChildElements/><ElementName>limit</ElementName><required>true</required><EffortAttribute z:Ref="i185"/><LowerAttribute z:Ref="i183"/><UpperAttribute z:Ref="i184"/><VelocityAttribute z:Ref="i186"/></URDFElement><URDFElement z:Id="i187" i:type="Calibration"><Attributes><Attribute z:Id="i188"><AttributeType>rising</AttributeType><IsRequired>false</IsRequired><Value i:nil="true"/></Attribute><Attribute z:Id="i189"><AttributeType>falling</AttributeType><IsRequired>false</IsRequired><Value i:nil="true"/></Attribute></Attributes><ChildElements/><ElementName>calibration</ElementName><required>false</required><FallingAttribute z:Ref="i189"/><RisingAttribute z:Ref="i188"/></URDFElement><URDFElement z:Id="i190" i:type="Dynamics"><Attributes><Attribute z:Id="i191"><AttributeType>damping</AttributeType><IsRequired>false</IsRequired><Value i:nil="true"/></Attribute><Attribute z:Id="i192"><AttributeType>friction</AttributeType><IsRequired>false</IsRequired><Value i:nil="true"/></Attribute></Attributes><ChildElements/><ElementName>dynamics</ElementName><required>false</required><DampingAttribute z:Ref="i191"/><FrictionAttribute z:Ref="i192"/></URDFElement><URDFElement z:Id="i193" i:type="SafetyController"><Attributes><Attribute z:Id="i194"><AttributeType>soft_upper_limit</AttributeType><IsRequired>false</IsRequired><Value i:nil="true"/></Attribute><Attribute z:Id="i195"><AttributeType>soft_lower_limit</AttributeType><IsRequired>false</IsRequired><Value i:nil="true"/></Attribute><Attribute z:Id="i196"><AttributeType>k_position</AttributeType><IsRequired>false</IsRequired><Value i:nil="true"/></Attribute><Attribute z:Id="i197"><AttributeType>k_velocity</AttributeType><IsRequired>true</IsRequired><Value i:nil="true"/></Attribute></Attributes><ChildElements/><ElementName>safety_controller</ElementName><required>false</required><KPositionAttribute z:Ref="i196"/><KVelocityAttribute z:Ref="i197"/><SoftLowerAttribute z:Ref="i195"/><SoftUpperAttribute z:Ref="i194"/></URDFElement><URDFElement z:Id="i198" i:type="Mimic"><Attributes><Attribute z:Id="i199"><AttributeType>joint</AttributeType><IsRequired>true</IsRequired><Value i:nil="true"/></Attribute><Attribute z:Id="i200"><AttributeType>multiplier</AttributeType><IsRequired>false</IsRequired><Value i:nil="true"/></Attribute><Attribute z:Id="i201"><AttributeType>offset</AttributeType><IsRequired>false</IsRequired><Value i:nil="true"/></Attribute></Attributes><ChildElements/><ElementName>mimic</ElementName><required>false</required><JointNameAttribute z:Ref="i199"/><MultiplierAttribute z:Ref="i200"/><OffsetAttribute z:Ref="i201"/></URDFElement></ChildElements><ElementName>joint</ElementName><required>false</required><Axis z:Ref="i180"/><AxisName>_l</AxisName><Calibration z:Ref="i187"/><Child z:Ref="i178"/><CoordinateSystemName>l</CoordinateSystemName><Dynamics z:Ref="i190"/><Limit z:Ref="i182"/><Mimic z:Ref="i198"/><NameAttribute z:Ref="i171"/><Origin z:Ref="i173"/><Parent z:Ref="i176"/><Safety z:Ref="i193"/><TypeAttribute z:Ref="i172"/></URDFElement></ChildElements><ElementName>link</ElementName><required>true</required><Children><Link z:Id="i202"><Attributes><Attribute z:Id="i203"><AttributeType>name</AttributeType><IsRequired>true</IsRequired><Value i:type="a:string" xmlns:a="http://www.w3.org/2001/XMLSchema">l2_Link</Value></Attribute></Attributes><ChildElements><URDFElement z:Id="i204" i:type="Inertial"><Attributes/><ChildElements><URDFElement z:Id="i205" i:type="Origin"><Attributes><Attribute z:Id="i206"><AttributeType>xyz</AttributeType><IsRequired>true</IsRequired><Value i:type="a:ArrayOfdouble" xmlns:a="http://schemas.microsoft.com/2003/10/Serialization/Arrays"><a:double>0</a:double><a:double>0</a:double><a:double>0</a:double></Value></Attribute><Attribute z:Id="i207"><AttributeType>rpy</AttributeType><IsRequired>true</IsRequired><Value i:type="a:ArrayOfdouble" xmlns:a="http://schemas.microsoft.com/2003/10/Serialization/Arrays"><a:double>0</a:double><a:double>0</a:double><a:double>0</a:double></Value></Attribute></Attributes><ChildElements/><ElementName>origin</ElementName><required>false</required><RPYAttribute z:Ref="i207"/><XYZAttribute z:Ref="i206"/><isCustomized>false</isCustomized></URDFElement><URDFElement z:Id="i208" i:type="Mass"><Attributes><Attribute z:Id="i209"><AttributeType>value</AttributeType><IsRequired>true</IsRequired><Value i:type="a:double" xmlns:a="http://www.w3.org/2001/XMLSchema">0</Value></Attribute></Attributes><ChildElements/><ElementName>mass</ElementName><required>false</required><ValueAttribute z:Ref="i209"/></URDFElement><URDFElement z:Id="i210" i:type="Inertia"><Attributes><Attribute z:Id="i211"><AttributeType>ixx</AttributeType><IsRequired>true</IsRequired><Value i:type="a:double" xmlns:a="http://www.w3.org/2001/XMLSchema">0</Value></Attribute><Attribute z:Id="i212"><AttributeType>ixy</AttributeType><IsRequired>true</IsRequired><Value i:type="a:double" xmlns:a="http://www.w3.org/2001/XMLSchema">0</Value></Attribute><Attribute z:Id="i213"><AttributeType>ixz</AttributeType><IsRequired>true</IsRequired><Value i:type="a:double" xmlns:a="http://www.w3.org/2001/XMLSchema">0</Value></Attribute><Attribute z:Id="i214"><AttributeType>iyy</AttributeType><IsRequired>true</IsRequired><Value i:type="a:double" xmlns:a="http://www.w3.org/2001/XMLSchema">0</Value></Attribute><Attribute z:Id="i215"><AttributeType>iyz</AttributeType><IsRequired>true</IsRequired><Value i:type="a:double" xmlns:a="http://www.w3.org/2001/XMLSchema">0</Value></Attribute><Attribute z:Id="i216"><AttributeType>izz</AttributeType><IsRequired>true</IsRequired><Value i:type="a:double" xmlns:a="http://www.w3.org/2001/XMLSchema">0</Value></Attribute></Attributes><ChildElements/><ElementName>inertia</ElementName><required>false</required><IxxAttribute z:Ref="i211"/><IxyAttribute z:Ref="i212"/><IxzAttribute z:Ref="i213"/><IyyAttribute z:Ref="i214"/><IyzAttribute z:Ref="i215"/><IzzAttribute z:Ref="i216"/></URDFElement></ChildElements><ElementName>inertial</ElementName><required>false</required><Inertia z:Ref="i210"/><Mass z:Ref="i208"/><Origin z:Ref="i205"/></URDFElement><URDFElement z:Id="i217" i:type="Visual"><Attributes/><ChildElements><URDFElement z:Id="i218" i:type="Origin"><Attributes><Attribute z:Id="i219"><AttributeType>xyz</AttributeType><IsRequired>true</IsRequired><Value i:type="a:ArrayOfdouble" xmlns:a="http://schemas.microsoft.com/2003/10/Serialization/Arrays"><a:double>0</a:double><a:double>0</a:double><a:double>0</a:double></Value></Attribute><Attribute z:Id="i220"><AttributeType>rpy</AttributeType><IsRequired>true</IsRequired><Value i:type="a:ArrayOfdouble" xmlns:a="http://schemas.microsoft.com/2003/10/Serialization/Arrays"><a:double>0</a:double><a:double>0</a:double><a:double>0</a:double></Value></Attribute></Attributes><ChildElements/><ElementName>origin</ElementName><required>false</required><RPYAttribute z:Ref="i220"/><XYZAttribute z:Ref="i219"/><isCustomized>false</isCustomized></URDFElement><URDFElement z:Id="i221" i:type="Geometry"><Attributes/><ChildElements><URDFElement z:Id="i222" i:type="Mesh"><Attributes><Attribute z:Id="i223"><AttributeType>filename</AttributeType><IsRequired>true</IsRequired><Value i:nil="true"/></Attribute></Attributes><ChildElements/><ElementName>mesh</ElementName><required>false</required><FilenameAttribute z:Ref="i223"/></URDFElement></ChildElements><ElementName>geometry</ElementName><required>true</required><Mesh z:Ref="i222"/></URDFElement><URDFElement z:Id="i224" i:type="Material"><Attributes><Attribute z:Id="i225"><AttributeType>name</AttributeType><IsRequired>true</IsRequired><Value i:type="a:string" xmlns:a="http://www.w3.org/2001/XMLSchema"/></Attribute></Attributes><ChildElements><URDFElement z:Id="i226" i:type="Color"><Attributes><Attribute z:Id="i227"><AttributeType>rgba</AttributeType><IsRequired>true</IsRequired><Value i:type="a:ArrayOfdouble" xmlns:a="http://schemas.microsoft.com/2003/10/Serialization/Arrays"><a:double>1</a:double><a:double>1</a:double><a:double>1</a:double><a:double>1</a:double></Value></Attribute></Attributes><ChildElements/><ElementName>color</ElementName><required>false</required><RGBAAttribute z:Ref="i227"/></URDFElement><URDFElement z:Id="i228" i:type="Texture"><Attributes><Attribute z:Id="i229"><AttributeType>filename</AttributeType><IsRequired>true</IsRequired><Value i:nil="true"/></Attribute></Attributes><ChildElements/><ElementName>texture</ElementName><required>false</required><FilenameAttribute z:Ref="i229"/><wFilename/></URDFElement></ChildElements><ElementName>material</ElementName><required>false</required><Color z:Ref="i226"/><NameAttribute z:Ref="i225"/><Texture z:Ref="i228"/></URDFElement></ChildElements><ElementName>visual</ElementName><required>false</required><Geometry z:Ref="i221"/><Material z:Ref="i224"/><Origin z:Ref="i218"/></URDFElement><URDFElement z:Id="i230" i:type="Collision"><Attributes/><ChildElements><URDFElement z:Id="i231" i:type="Origin"><Attributes><Attribute z:Id="i232"><AttributeType>xyz</AttributeType><IsRequired>true</IsRequired><Value i:type="a:ArrayOfdouble" xmlns:a="http://schemas.microsoft.com/2003/10/Serialization/Arrays"><a:double>0</a:double><a:double>0</a:double><a:double>0</a:double></Value></Attribute><Attribute z:Id="i233"><AttributeType>rpy</AttributeType><IsRequired>true</IsRequired><Value i:type="a:ArrayOfdouble" xmlns:a="http://schemas.microsoft.com/2003/10/Serialization/Arrays"><a:double>0</a:double><a:double>0</a:double><a:double>0</a:double></Value></Attribute></Attributes><ChildElements/><ElementName>origin</ElementName><required>false</required><RPYAttribute z:Ref="i233"/><XYZAttribute z:Ref="i232"/><isCustomized>false</isCustomized></URDFElement><URDFElement z:Id="i234" i:type="Geometry"><Attributes/><ChildElements><URDFElement z:Id="i235" i:type="Mesh"><Attributes><Attribute z:Id="i236"><AttributeType>filename</AttributeType><IsRequired>true</IsRequired><Value i:nil="true"/></Attribute></Attributes><ChildElements/><ElementName>mesh</ElementName><required>false</required><FilenameAttribute z:Ref="i236"/></URDFElement></ChildElements><ElementName>geometry</ElementName><required>true</required><Mesh z:Ref="i235"/></URDFElement></ChildElements><ElementName>collision</ElementName><required>false</required><Geometry z:Ref="i234"/><Origin z:Ref="i231"/></URDFElement><URDFElement z:Id="i237" i:type="Joint"><Attributes><Attribute z:Id="i238"><AttributeType>name</AttributeType><IsRequired>true</IsRequired><Value i:type="a:string" xmlns:a="http://www.w3.org/2001/XMLSchema">l2_joint</Value></Attribute><Attribute z:Id="i239"><AttributeType>type</AttributeType><IsRequired>true</IsRequired><Value i:type="a:string" xmlns:a="http://www.w3.org/2001/XMLSchema">prismatic</Value></Attribute></Attributes><ChildElements><URDFElement z:Id="i240" i:type="Origin"><Attributes><Attribute z:Id="i241"><AttributeType>xyz</AttributeType><IsRequired>true</IsRequired><Value i:type="a:ArrayOfdouble" xmlns:a="http://schemas.microsoft.com/2003/10/Serialization/Arrays"><a:double>0</a:double><a:double>0</a:double><a:double>0</a:double></Value></Attribute><Attribute z:Id="i242"><AttributeType>rpy</AttributeType><IsRequired>true</IsRequired><Value i:type="a:ArrayOfdouble" xmlns:a="http://schemas.microsoft.com/2003/10/Serialization/Arrays"><a:double>0</a:double><a:double>0</a:double><a:double>0</a:double></Value></Attribute></Attributes><ChildElements/><ElementName>origin</ElementName><required>false</required><RPYAttribute z:Ref="i242"/><XYZAttribute z:Ref="i241"/><isCustomized>false</isCustomized></URDFElement><URDFElement z:Id="i243" i:type="ParentLink"><Attributes><Attribute z:Id="i244"><AttributeType>link</AttributeType><IsRequired>true</IsRequired><Value i:type="a:string" xmlns:a="http://www.w3.org/2001/XMLSchema"/></Attribute></Attributes><ChildElements/><ElementName>parent</ElementName><required>true</required><NameAttribute z:Ref="i244"/></URDFElement><URDFElement z:Id="i245" i:type="ChildLink"><Attributes><Attribute z:Id="i246"><AttributeType>link</AttributeType><IsRequired>true</IsRequired><Value i:type="a:string" xmlns:a="http://www.w3.org/2001/XMLSchema"/></Attribute></Attributes><ChildElements/><ElementName>child</ElementName><required>true</required><NameAttribute z:Ref="i246"/></URDFElement><URDFElement z:Id="i247" i:type="Axis"><Attributes><Attribute z:Id="i248"><AttributeType>xyz</AttributeType><IsRequired>true</IsRequired><Value i:type="a:ArrayOfdouble" xmlns:a="http://schemas.microsoft.com/2003/10/Serialization/Arrays"><a:double>0</a:double><a:double>0</a:double><a:double>0</a:double></Value></Attribute></Attributes><ChildElements/><ElementName>axis</ElementName><required>false</required><XYZAttribute z:Ref="i248"/></URDFElement><URDFElement z:Id="i249" i:type="Limit"><Attributes><Attribute z:Id="i250"><AttributeType>lower</AttributeType><IsRequired>false</IsRequired><Value i:nil="true"/></Attribute><Attribute z:Id="i251"><AttributeType>upper</AttributeType><IsRequired>false</IsRequired><Value i:nil="true"/></Attribute><Attribute z:Id="i252"><AttributeType>effort</AttributeType><IsRequired>true</IsRequired><Value i:nil="true"/></Attribute><Attribute z:Id="i253"><AttributeType>velocity</AttributeType><IsRequired>true</IsRequired><Value i:nil="true"/></Attribute></Attributes><ChildElements/><ElementName>limit</ElementName><required>false</required><EffortAttribute z:Ref="i252"/><LowerAttribute z:Ref="i250"/><UpperAttribute z:Ref="i251"/><VelocityAttribute z:Ref="i253"/></URDFElement><URDFElement z:Id="i254" i:type="Calibration"><Attributes><Attribute z:Id="i255"><AttributeType>rising</AttributeType><IsRequired>false</IsRequired><Value i:nil="true"/></Attribute><Attribute z:Id="i256"><AttributeType>falling</AttributeType><IsRequired>false</IsRequired><Value i:nil="true"/></Attribute></Attributes><ChildElements/><ElementName>calibration</ElementName><required>false</required><FallingAttribute z:Ref="i256"/><RisingAttribute z:Ref="i255"/></URDFElement><URDFElement z:Id="i257" i:type="Dynamics"><Attributes><Attribute z:Id="i258"><AttributeType>damping</AttributeType><IsRequired>false</IsRequired><Value i:nil="true"/></Attribute><Attribute z:Id="i259"><AttributeType>friction</AttributeType><IsRequired>false</IsRequired><Value i:nil="true"/></Attribute></Attributes><ChildElements/><ElementName>dynamics</ElementName><required>false</required><DampingAttribute z:Ref="i258"/><FrictionAttribute z:Ref="i259"/></URDFElement><URDFElement z:Id="i260" i:type="SafetyController"><Attributes><Attribute z:Id="i261"><AttributeType>soft_upper_limit</AttributeType><IsRequired>false</IsRequired><Value i:nil="true"/></Attribute><Attribute z:Id="i262"><AttributeType>soft_lower_limit</AttributeType><IsRequired>false</IsRequired><Value i:nil="true"/></Attribute><Attribute z:Id="i263"><AttributeType>k_position</AttributeType><IsRequired>false</IsRequired><Value i:nil="true"/></Attribute><Attribute z:Id="i264"><AttributeType>k_velocity</AttributeType><IsRequired>true</IsRequired><Value i:nil="true"/></Attribute></Attributes><ChildElements/><ElementName>safety_controller</ElementName><required>false</required><KPositionAttribute z:Ref="i263"/><KVelocityAttribute z:Ref="i264"/><SoftLowerAttribute z:Ref="i262"/><SoftUpperAttribute z:Ref="i261"/></URDFElement><URDFElement z:Id="i265" i:type="Mimic"><Attributes><Attribute z:Id="i266"><AttributeType>joint</AttributeType><IsRequired>true</IsRequired><Value i:nil="true"/></Attribute><Attribute z:Id="i267"><AttributeType>multiplier</AttributeType><IsRequired>false</IsRequired><Value i:nil="true"/></Attribute><Attribute z:Id="i268"><AttributeType>offset</AttributeType><IsRequired>false</IsRequired><Value i:nil="true"/></Attribute></Attributes><ChildElements/><ElementName>mimic</ElementName><required>false</required><JointNameAttribute z:Ref="i266"/><MultiplierAttribute z:Ref="i267"/><OffsetAttribute z:Ref="i268"/></URDFElement></ChildElements><ElementName>joint</ElementName><required>false</required><Axis z:Ref="i247"/><AxisName>_l2</AxisName><Calibration z:Ref="i254"/><Child z:Ref="i245"/><CoordinateSystemName>l2</CoordinateSystemName><Dynamics z:Ref="i257"/><Limit z:Ref="i249"/><Mimic z:Ref="i265"/><NameAttribute z:Ref="i238"/><Origin z:Ref="i240"/><Parent z:Ref="i243"/><Safety z:Ref="i260"/><TypeAttribute z:Ref="i239"/></URDFElement></ChildElements><ElementName>link</ElementName><required>true</required><Children/><Collision z:Ref="i230"/><Inertial z:Ref="i204"/><Joint z:Ref="i237"/><NameAttribute z:Ref="i203"/><Parent z:Ref="i135"/><STLQualityFine>false</STLQualityFine><SWComponentPIDs xmlns:a="http://schemas.microsoft.com/2003/10/Serialization/Arrays"><a:base64Binary>aEIAAAUAAAD//v9MUwAwADUAMAA2AC0AUwAyADIAMAAwADgAMQA3AC0ANgAwAC0AMAAxADAAMAAtAEEALQBYADEALQAxAEAAxYhNkVNPOABeAOdi1naTYktiLwBVAFkANgAtADQAMAAtADEAQABTADAANQAwADYALQBTADIAMgAwADAAOAAxADcALQA2ADAALQAwADEAMAAwAC0AQQAtAFgAMQAEAAAAEAAAAAEAAAACAAAAHAAAAB0AAAA=</a:base64Binary><a:base64Binary>aEIAAAUAAAD//v9NUwAwADUAMAA2AC0AUwAyADIAMAAwADgAMQA3AC0ANgAwAC0AMAAxADAAMAAtAEEALQBYADEALQAxAEAAxYhNkVNPOABeAOdi1naTYktiLwBNAFMAQgA2AC0AMwA1AC0AMQBAAFMAMAA1ADAANgAtAFMAMgAyADAAMAA4ADEANwAtADYAMAAtADAAMQAwADAALQBBAC0AWAAxAAQAAAAQAAAAAQAAAAIAAAAcAAAAIQAAAA==</a:base64Binary><a:base64Binary>aEIAAAUAAAD//v9MUwAwADUAMAA2AC0AUwAyADIAMAAwADgAMQA3AC0ANgAwAC0AMAAxADAAMAAtAEEALQBYADEALQAxAEAAxYhNkVNPOABeAOdi1naTYktiLwBVAFkANgAtADQAMAAtADIAQABTADAANQAwADYALQBTADIAMgAwADAAOAAxADcALQA2ADAALQAwADEAMAAwAC0AQQAtAFgAMQAEAAAAEAAAAAEAAAACAAAAHAAAAB4AAAA=</a:base64Binary><a:base64Binary>aEIAAAUAAAD//v9cUwAwADUAMAA2AC0AUwAyADIAMAAwADgAMQA3AC0ANgAwAC0AMAAxADAAMAAtAEEALQBYADEALQAxAEAAxYhNkVNPOABeAOdi1naTYktiLwBYAFkAMgA2ADAAMwAwADQALQAyAEEALgAwADIALQAwADQAIADLZdZ2OVkqci0AMQBAAFMAMAA1ADAANgAtAFMAMgAyADAAMAA4ADEANwAtADYAMAAtADAAMQAwADAALQBBAC0AWAAxAAQAAAAQAAAAAQAAAAIAAAAcAAAAIwAAAA==</a:base64Binary><a:base64Binary>aEIAAAUAAAD//v+YUwAwADUAMAA2AC0AUwAyADIAMAAwADgAMQA3AC0ANgAwAC0AMAAxADAAMAAtAEEALQBYADEALQAxAEAAxYhNkVNPOABeAOdi1naTYktiLwBNAEcATgA5AEMAMQBSADcAMABFADUAWgAwAEMAKADYnqSLLQBfAGYAbABlAHgAaQBiAGwAZQAxACkALQAxAEAAUwAwADUAMAA2AC0AUwAyADIAMAAwADgAMQA3AC0ANgAwAC0AMAAxADAAMAAtAEEALQBYADEALwBTADAANQAwADYALQBNAEcATgA5AEMALQDRbldXLQBTADAAOAAyADEALQAxAEAATQBHAE4AOQBDADEAUgA3ADAARQA1AFoAMABDACgA2J6kiy0AXwBmAGwAZQB4AGkAYgBsAGUAMQApAAQAAAAQAAAAAQAAAAMAAAAcAAAAHAAAAB0AAAA=</a:base64Binary></SWComponentPIDs><SWMainComponentPID i:nil="true"/><Visual z:Ref="i217"/><isFixedFrame>false</isFixedFrame><isIncomplete>false</isIncomplete></Link></Children><Collision z:Ref="i163"/><Inertial z:Ref="i137"/><Joint z:Ref="i170"/><NameAttribute z:Ref="i136"/><Parent z:Ref="i68"/><STLQualityFine>false</STLQualityFine><SWComponentPIDs xmlns:a="http://schemas.microsoft.com/2003/10/Serialization/Arrays"><a:base64Binary>aEIAAAUAAAD//v9fUwAwADUAMAA2AC0AUwAyADIAMAAwADgAMQA3AC0ANgAwAC0AMAAxADAAMAAtAEEALQBYADEALQAxAEAAxYhNkVNPOABeAOdi1naTYktiLwBYAFkAMgA2ADAAMwAwADQALQAyAEEALgAwADIALQAwADMAIADLZWyPOVkqct6PpWP2Ti0AMQBAAFMAMAA1ADAANgAtAFMAMgAyADAAMAA4ADEANwAtADYAMAAtADAAMQAwADAALQBBAC0AWAAxAAQAAAAQAAAAAQAAAAIAAAAcAAAAIgAAAA==</a:base64Binary><a:base64Binary>aEIAAAUAAAD//v9eUwAwADUAMAA2AC0AUwAyADIAMAAwADgAMQA3AC0ANgAwAC0AMAAxADAAMAAtAEEALQBYADEALQAxAEAAxYhNkVNPOABeAOdi1naTYktiLwBYAFkAMgA2ADAAMwAwADQALQAyAEEALgAwADIALQAwADUAIAAgANFuaI+JW8WIf2ctADEAQABTADAANQAwADYALQBTADIAMgAwADAAOAAxADcALQA2ADAALQAwADEAMAAwAC0AQQAtAFgAMQAEAAAAEAAAAAEAAAACAAAAHAAAACQAAAA=</a:base64Binary><a:base64Binary>aEIAAAUAAAD//v+VUwAwADUAMAA2AC0AUwAyADIAMAAwADgAMQA3AC0ANgAwAC0AMAAxADAAMAAtAEEALQBYADEALQAxAEAAxYhNkVNPOABeAOdi1naTYktiLwBNAEcATgA5AEMAMQBSADcAMABFADUAWgAwAEMAKADYnqSLLQBfAGYAbABlAHgAaQBiAGwAZQAxACkALQAxAEAAUwAwADUAMAA2AC0AUwAyADIAMAAwADgAMQA3AC0ANgAwAC0AMAAxADAAMAAtAEEALQBYADEALwBTADAANQAwADYALQBNAEcATgA5AEMALQDRbmiPLQA1ADAALQAxAEAATQBHAE4AOQBDADEAUgA3ADAARQA1AFoAMABDACgA2J6kiy0AXwBmAGwAZQB4AGkAYgBsAGUAMQApAAQAAAAQAAAAAQAAAAMAAAAcAAAAHAAAABwAAAA=</a:base64Binary><a:base64Binary>aEIAAAUAAAD//v/IUgBHAEkAQwAtADEAMAAwAC0AMwA1AC0ATwAtAFMAXwCAexNmIWqLV18AMgAwADIANQAwADEAMAA4AC0AMQBAAMWITZFTTzgAXgDnYtZ2k2JLYi8AUgBHAEkAQwAtADEAMAAwAC0AMwA1AC0ATwAtAFMAXwCAexNmIWqLV18AMgAwADIANQAwADEAMAA4AC4AUwBUAEUAUAAtADEAQABSAEcASQBDAC0AMQAwADAALQAzADUALQBPAC0AUwBfAIB7E2YhaotXXwAyADAAMgA1ADAAMQAwADgALwBfAF8AXwBfACAAXwBfAF8AXwBfAF8AXwBfAF8AUgBHAEkAQwAtADEAMAAwAC0AMwA1AC0ATwAtAFMAXwBfAF8AXwBfAF8AXwBfAF8AXwAyADAAMgA1ADAAMQAwADgALQAwAC4AUwBUAEUAUAAtADIAQABSAEcASQBDAC0AMQAwADAALQAzADUALQBPAC0AUwBfAIB7E2YhaotXXwAyADAAMgA1ADAAMQAwADgALgBTAFQARQBQAAQAAAAQAAAAAQAAAAMAAAAgAAAAHAAAAB8AAAA=</a:base64Binary><a:base64Binary>aEIAAAUAAAD//v9dUwAwADUAMAA2AC0AUwAyADIAMAAwADgAMQA3AC0ANgAwAC0AMAAxADAAMAAtAEEALQBYADEALQAxAEAAxYhNkVNPOABeAOdi1naTYktiLwBTADAANQAwADYALQDGAzMAIAAAlYmUKABfAMYDMwAtADEAMAAgACAAAJWJlCkALQAyAEAAUwAwADUAMAA2AC0AUwAyADIAMAAwADgAMQA3AC0ANgAwAC0AMAAxADAAMAAtAEEALQBYADEABAAAABAAAAABAAAAAgAAABwAAAAgAAAA</a:base64Binary><a:base64Binary>aEIAAAUAAAD//v9dUwAwADUAMAA2AC0AUwAyADIAMAAwADgAMQA3AC0ANgAwAC0AMAAxADAAMAAtAEEALQBYADEALQAxAEAAxYhNkVNPOABeAOdi1naTYktiLwBTADAANQAwADYALQDGAzMAIAAAlYmUKABfAMYDMwAtADEAMAAgACAAAJWJlCkALQAxAEAAUwAwADUAMAA2AC0AUwAyADIAMAAwADgAMQA3AC0ANgAwAC0AMAAxADAAMAAtAEEALQBYADEABAAAABAAAAABAAAAAgAAABwAAAAfAAAA</a:base64Binary></SWComponentPIDs><SWMainComponentPID i:nil="true"/><Visual z:Ref="i150"/><isFixedFrame>false</isFixedFrame><isIncomplete>false</isIncomplete></Link><Link z:Id="i269"><Attributes><Attribute z:Id="i270"><AttributeType>name</AttributeType><IsRequired>true</IsRequired><Value i:type="a:string" xmlns:a="http://www.w3.org/2001/XMLSchema">r_Link</Value></Attribute></Attributes><ChildElements><URDFElement z:Id="i271" i:type="Inertial"><Attributes/><ChildElements><URDFElement z:Id="i272" i:type="Origin"><Attributes><Attribute z:Id="i273"><AttributeType>xyz</AttributeType><IsRequired>true</IsRequired><Value i:type="a:ArrayOfdouble" xmlns:a="http://schemas.microsoft.com/2003/10/Serialization/Arrays"><a:double>0</a:double><a:double>0</a:double><a:double>0</a:double></Value></Attribute><Attribute z:Id="i274"><AttributeType>rpy</AttributeType><IsRequired>true</IsRequired><Value i:type="a:ArrayOfdouble" xmlns:a="http://schemas.microsoft.com/2003/10/Serialization/Arrays"><a:double>0</a:double><a:double>0</a:double><a:double>0</a:double></Value></Attribute></Attributes><ChildElements/><ElementName>origin</ElementName><required>false</required><RPYAttribute z:Ref="i274"/><XYZAttribute z:Ref="i273"/><isCustomized>false</isCustomized></URDFElement><URDFElement z:Id="i275" i:type="Mass"><Attributes><Attribute z:Id="i276"><AttributeType>value</AttributeType><IsRequired>true</IsRequired><Value i:type="a:double" xmlns:a="http://www.w3.org/2001/XMLSchema">0</Value></Attribute></Attributes><ChildElements/><ElementName>mass</ElementName><required>false</required><ValueAttribute z:Ref="i276"/></URDFElement><URDFElement z:Id="i277" i:type="Inertia"><Attributes><Attribute z:Id="i278"><AttributeType>ixx</AttributeType><IsRequired>true</IsRequired><Value i:type="a:double" xmlns:a="http://www.w3.org/2001/XMLSchema">0</Value></Attribute><Attribute z:Id="i279"><AttributeType>ixy</AttributeType><IsRequired>true</IsRequired><Value i:type="a:double" xmlns:a="http://www.w3.org/2001/XMLSchema">0</Value></Attribute><Attribute z:Id="i280"><AttributeType>ixz</AttributeType><IsRequired>true</IsRequired><Value i:type="a:double" xmlns:a="http://www.w3.org/2001/XMLSchema">0</Value></Attribute><Attribute z:Id="i281"><AttributeType>iyy</AttributeType><IsRequired>true</IsRequired><Value i:type="a:double" xmlns:a="http://www.w3.org/2001/XMLSchema">0</Value></Attribute><Attribute z:Id="i282"><AttributeType>iyz</AttributeType><IsRequired>true</IsRequired><Value i:type="a:double" xmlns:a="http://www.w3.org/2001/XMLSchema">0</Value></Attribute><Attribute z:Id="i283"><AttributeType>izz</AttributeType><IsRequired>true</IsRequired><Value i:type="a:double" xmlns:a="http://www.w3.org/2001/XMLSchema">0</Value></Attribute></Attributes><ChildElements/><ElementName>inertia</ElementName><required>false</required><IxxAttribute z:Ref="i278"/><IxyAttribute z:Ref="i279"/><IxzAttribute z:Ref="i280"/><IyyAttribute z:Ref="i281"/><IyzAttribute z:Ref="i282"/><IzzAttribute z:Ref="i283"/></URDFElement></ChildElements><ElementName>inertial</ElementName><required>false</required><Inertia z:Ref="i277"/><Mass z:Ref="i275"/><Origin z:Ref="i272"/></URDFElement><URDFElement z:Id="i284" i:type="Visual"><Attributes/><ChildElements><URDFElement z:Id="i285" i:type="Origin"><Attributes><Attribute z:Id="i286"><AttributeType>xyz</AttributeType><IsRequired>true</IsRequired><Value i:type="a:ArrayOfdouble" xmlns:a="http://schemas.microsoft.com/2003/10/Serialization/Arrays"><a:double>0</a:double><a:double>0</a:double><a:double>0</a:double></Value></Attribute><Attribute z:Id="i287"><AttributeType>rpy</AttributeType><IsRequired>true</IsRequired><Value i:type="a:ArrayOfdouble" xmlns:a="http://schemas.microsoft.com/2003/10/Serialization/Arrays"><a:double>0</a:double><a:double>0</a:double><a:double>0</a:double></Value></Attribute></Attributes><ChildElements/><ElementName>origin</ElementName><required>false</required><RPYAttribute z:Ref="i287"/><XYZAttribute z:Ref="i286"/><isCustomized>false</isCustomized></URDFElement><URDFElement z:Id="i288" i:type="Geometry"><Attributes/><ChildElements><URDFElement z:Id="i289" i:type="Mesh"><Attributes><Attribute z:Id="i290"><AttributeType>filename</AttributeType><IsRequired>true</IsRequired><Value i:nil="true"/></Attribute></Attributes><ChildElements/><ElementName>mesh</ElementName><required>false</required><FilenameAttribute z:Ref="i290"/></URDFElement></ChildElements><ElementName>geometry</ElementName><required>true</required><Mesh z:Ref="i289"/></URDFElement><URDFElement z:Id="i291" i:type="Material"><Attributes><Attribute z:Id="i292"><AttributeType>name</AttributeType><IsRequired>true</IsRequired><Value i:type="a:string" xmlns:a="http://www.w3.org/2001/XMLSchema"/></Attribute></Attributes><ChildElements><URDFElement z:Id="i293" i:type="Color"><Attributes><Attribute z:Id="i294"><AttributeType>rgba</AttributeType><IsRequired>true</IsRequired><Value i:type="a:ArrayOfdouble" xmlns:a="http://schemas.microsoft.com/2003/10/Serialization/Arrays"><a:double>1</a:double><a:double>1</a:double><a:double>1</a:double><a:double>1</a:double></Value></Attribute></Attributes><ChildElements/><ElementName>color</ElementName><required>false</required><RGBAAttribute z:Ref="i294"/></URDFElement><URDFElement z:Id="i295" i:type="Texture"><Attributes><Attribute z:Id="i296"><AttributeType>filename</AttributeType><IsRequired>true</IsRequired><Value i:nil="true"/></Attribute></Attributes><ChildElements/><ElementName>texture</ElementName><required>false</required><FilenameAttribute z:Ref="i296"/><wFilename/></URDFElement></ChildElements><ElementName>material</ElementName><required>false</required><Color z:Ref="i293"/><NameAttribute z:Ref="i292"/><Texture z:Ref="i295"/></URDFElement></ChildElements><ElementName>visual</ElementName><required>false</required><Geometry z:Ref="i288"/><Material z:Ref="i291"/><Origin z:Ref="i285"/></URDFElement><URDFElement z:Id="i297" i:type="Collision"><Attributes/><ChildElements><URDFElement z:Id="i298" i:type="Origin"><Attributes><Attribute z:Id="i299"><AttributeType>xyz</AttributeType><IsRequired>true</IsRequired><Value i:type="a:ArrayOfdouble" xmlns:a="http://schemas.microsoft.com/2003/10/Serialization/Arrays"><a:double>0</a:double><a:double>0</a:double><a:double>0</a:double></Value></Attribute><Attribute z:Id="i300"><AttributeType>rpy</AttributeType><IsRequired>true</IsRequired><Value i:type="a:ArrayOfdouble" xmlns:a="http://schemas.microsoft.com/2003/10/Serialization/Arrays"><a:double>0</a:double><a:double>0</a:double><a:double>0</a:double></Value></Attribute></Attributes><ChildElements/><ElementName>origin</ElementName><required>false</required><RPYAttribute z:Ref="i300"/><XYZAttribute z:Ref="i299"/><isCustomized>false</isCustomized></URDFElement><URDFElement z:Id="i301" i:type="Geometry"><Attributes/><ChildElements><URDFElement z:Id="i302" i:type="Mesh"><Attributes><Attribute z:Id="i303"><AttributeType>filename</AttributeType><IsRequired>true</IsRequired><Value i:nil="true"/></Attribute></Attributes><ChildElements/><ElementName>mesh</ElementName><required>false</required><FilenameAttribute z:Ref="i303"/></URDFElement></ChildElements><ElementName>geometry</ElementName><required>true</required><Mesh z:Ref="i302"/></URDFElement></ChildElements><ElementName>collision</ElementName><required>false</required><Geometry z:Ref="i301"/><Origin z:Ref="i298"/></URDFElement><URDFElement z:Id="i304" i:type="Joint"><Attributes><Attribute z:Id="i305"><AttributeType>name</AttributeType><IsRequired>true</IsRequired><Value i:type="a:string" xmlns:a="http://www.w3.org/2001/XMLSchema">r_joint</Value></Attribute><Attribute z:Id="i306"><AttributeType>type</AttributeType><IsRequired>true</IsRequired><Value i:type="a:string" xmlns:a="http://www.w3.org/2001/XMLSchema">prismatic</Value></Attribute></Attributes><ChildElements><URDFElement z:Id="i307" i:type="Origin"><Attributes><Attribute z:Id="i308"><AttributeType>xyz</AttributeType><IsRequired>true</IsRequired><Value i:type="a:ArrayOfdouble" xmlns:a="http://schemas.microsoft.com/2003/10/Serialization/Arrays"><a:double>0</a:double><a:double>0</a:double><a:double>0</a:double></Value></Attribute><Attribute z:Id="i309"><AttributeType>rpy</AttributeType><IsRequired>true</IsRequired><Value i:type="a:ArrayOfdouble" xmlns:a="http://schemas.microsoft.com/2003/10/Serialization/Arrays"><a:double>0</a:double><a:double>0</a:double><a:double>0</a:double></Value></Attribute></Attributes><ChildElements/><ElementName>origin</ElementName><required>false</required><RPYAttribute z:Ref="i309"/><XYZAttribute z:Ref="i308"/><isCustomized>false</isCustomized></URDFElement><URDFElement z:Id="i310" i:type="ParentLink"><Attributes><Attribute z:Id="i311"><AttributeType>link</AttributeType><IsRequired>true</IsRequired><Value i:type="a:string" xmlns:a="http://www.w3.org/2001/XMLSchema"/></Attribute></Attributes><ChildElements/><ElementName>parent</ElementName><required>true</required><NameAttribute z:Ref="i311"/></URDFElement><URDFElement z:Id="i312" i:type="ChildLink"><Attributes><Attribute z:Id="i313"><AttributeType>link</AttributeType><IsRequired>true</IsRequired><Value i:type="a:string" xmlns:a="http://www.w3.org/2001/XMLSchema"/></Attribute></Attributes><ChildElements/><ElementName>child</ElementName><required>true</required><NameAttribute z:Ref="i313"/></URDFElement><URDFElement z:Id="i314" i:type="Axis"><Attributes><Attribute z:Id="i315"><AttributeType>xyz</AttributeType><IsRequired>true</IsRequired><Value i:type="a:ArrayOfdouble" xmlns:a="http://schemas.microsoft.com/2003/10/Serialization/Arrays"><a:double>0</a:double><a:double>0</a:double><a:double>0</a:double></Value></Attribute></Attributes><ChildElements/><ElementName>axis</ElementName><required>false</required><XYZAttribute z:Ref="i315"/></URDFElement><URDFElement z:Id="i316" i:type="Limit"><Attributes><Attribute z:Id="i317"><AttributeType>lower</AttributeType><IsRequired>false</IsRequired><Value i:nil="true"/></Attribute><Attribute z:Id="i318"><AttributeType>upper</AttributeType><IsRequired>false</IsRequired><Value i:nil="true"/></Attribute><Attribute z:Id="i319"><AttributeType>effort</AttributeType><IsRequired>true</IsRequired><Value i:nil="true"/></Attribute><Attribute z:Id="i320"><AttributeType>velocity</AttributeType><IsRequired>true</IsRequired><Value i:nil="true"/></Attribute></Attributes><ChildElements/><ElementName>limit</ElementName><required>false</required><EffortAttribute z:Ref="i319"/><LowerAttribute z:Ref="i317"/><UpperAttribute z:Ref="i318"/><VelocityAttribute z:Ref="i320"/></URDFElement><URDFElement z:Id="i321" i:type="Calibration"><Attributes><Attribute z:Id="i322"><AttributeType>rising</AttributeType><IsRequired>false</IsRequired><Value i:nil="true"/></Attribute><Attribute z:Id="i323"><AttributeType>falling</AttributeType><IsRequired>false</IsRequired><Value i:nil="true"/></Attribute></Attributes><ChildElements/><ElementName>calibration</ElementName><required>false</required><FallingAttribute z:Ref="i323"/><RisingAttribute z:Ref="i322"/></URDFElement><URDFElement z:Id="i324" i:type="Dynamics"><Attributes><Attribute z:Id="i325"><AttributeType>damping</AttributeType><IsRequired>false</IsRequired><Value i:nil="true"/></Attribute><Attribute z:Id="i326"><AttributeType>friction</AttributeType><IsRequired>false</IsRequired><Value i:nil="true"/></Attribute></Attributes><ChildElements/><ElementName>dynamics</ElementName><required>false</required><DampingAttribute z:Ref="i325"/><FrictionAttribute z:Ref="i326"/></URDFElement><URDFElement z:Id="i327" i:type="SafetyController"><Attributes><Attribute z:Id="i328"><AttributeType>soft_upper_limit</AttributeType><IsRequired>false</IsRequired><Value i:nil="true"/></Attribute><Attribute z:Id="i329"><AttributeType>soft_lower_limit</AttributeType><IsRequired>false</IsRequired><Value i:nil="true"/></Attribute><Attribute z:Id="i330"><AttributeType>k_position</AttributeType><IsRequired>false</IsRequired><Value i:nil="true"/></Attribute><Attribute z:Id="i331"><AttributeType>k_velocity</AttributeType><IsRequired>true</IsRequired><Value i:nil="true"/></Attribute></Attributes><ChildElements/><ElementName>safety_controller</ElementName><required>false</required><KPositionAttribute z:Ref="i330"/><KVelocityAttribute z:Ref="i331"/><SoftLowerAttribute z:Ref="i329"/><SoftUpperAttribute z:Ref="i328"/></URDFElement><URDFElement z:Id="i332" i:type="Mimic"><Attributes><Attribute z:Id="i333"><AttributeType>joint</AttributeType><IsRequired>true</IsRequired><Value i:nil="true"/></Attribute><Attribute z:Id="i334"><AttributeType>multiplier</AttributeType><IsRequired>false</IsRequired><Value i:nil="true"/></Attribute><Attribute z:Id="i335"><AttributeType>offset</AttributeType><IsRequired>false</IsRequired><Value i:nil="true"/></Attribute></Attributes><ChildElements/><ElementName>mimic</ElementName><required>false</required><JointNameAttribute z:Ref="i333"/><MultiplierAttribute z:Ref="i334"/><OffsetAttribute z:Ref="i335"/></URDFElement></ChildElements><ElementName>joint</ElementName><required>false</required><Axis z:Ref="i314"/><AxisName>_r</AxisName><Calibration z:Ref="i321"/><Child z:Ref="i312"/><CoordinateSystemName>r</CoordinateSystemName><Dynamics z:Ref="i324"/><Limit z:Ref="i316"/><Mimic z:Ref="i332"/><NameAttribute z:Ref="i305"/><Origin z:Ref="i307"/><Parent z:Ref="i310"/><Safety z:Ref="i327"/><TypeAttribute z:Ref="i306"/></URDFElement></ChildElements><ElementName>link</ElementName><required>true</required><Children><Link z:Id="i336"><Attributes><Attribute z:Id="i337"><AttributeType>name</AttributeType><IsRequired>true</IsRequired><Value i:type="a:string" xmlns:a="http://www.w3.org/2001/XMLSchema">r2_Link</Value></Attribute></Attributes><ChildElements><URDFElement z:Id="i338" i:type="Inertial"><Attributes/><ChildElements><URDFElement z:Id="i339" i:type="Origin"><Attributes><Attribute z:Id="i340"><AttributeType>xyz</AttributeType><IsRequired>true</IsRequired><Value i:type="a:ArrayOfdouble" xmlns:a="http://schemas.microsoft.com/2003/10/Serialization/Arrays"><a:double>0</a:double><a:double>0</a:double><a:double>0</a:double></Value></Attribute><Attribute z:Id="i341"><AttributeType>rpy</AttributeType><IsRequired>true</IsRequired><Value i:type="a:ArrayOfdouble" xmlns:a="http://schemas.microsoft.com/2003/10/Serialization/Arrays"><a:double>0</a:double><a:double>0</a:double><a:double>0</a:double></Value></Attribute></Attributes><ChildElements/><ElementName>origin</ElementName><required>false</required><RPYAttribute z:Ref="i341"/><XYZAttribute z:Ref="i340"/><isCustomized>false</isCustomized></URDFElement><URDFElement z:Id="i342" i:type="Mass"><Attributes><Attribute z:Id="i343"><AttributeType>value</AttributeType><IsRequired>true</IsRequired><Value i:type="a:double" xmlns:a="http://www.w3.org/2001/XMLSchema">0</Value></Attribute></Attributes><ChildElements/><ElementName>mass</ElementName><required>false</required><ValueAttribute z:Ref="i343"/></URDFElement><URDFElement z:Id="i344" i:type="Inertia"><Attributes><Attribute z:Id="i345"><AttributeType>ixx</AttributeType><IsRequired>true</IsRequired><Value i:type="a:double" xmlns:a="http://www.w3.org/2001/XMLSchema">0</Value></Attribute><Attribute z:Id="i346"><AttributeType>ixy</AttributeType><IsRequired>true</IsRequired><Value i:type="a:double" xmlns:a="http://www.w3.org/2001/XMLSchema">0</Value></Attribute><Attribute z:Id="i347"><AttributeType>ixz</AttributeType><IsRequired>true</IsRequired><Value i:type="a:double" xmlns:a="http://www.w3.org/2001/XMLSchema">0</Value></Attribute><Attribute z:Id="i348"><AttributeType>iyy</AttributeType><IsRequired>true</IsRequired><Value i:type="a:double" xmlns:a="http://www.w3.org/2001/XMLSchema">0</Value></Attribute><Attribute z:Id="i349"><AttributeType>iyz</AttributeType><IsRequired>true</IsRequired><Value i:type="a:double" xmlns:a="http://www.w3.org/2001/XMLSchema">0</Value></Attribute><Attribute z:Id="i350"><AttributeType>izz</AttributeType><IsRequired>true</IsRequired><Value i:type="a:double" xmlns:a="http://www.w3.org/2001/XMLSchema">0</Value></Attribute></Attributes><ChildElements/><ElementName>inertia</ElementName><required>false</required><IxxAttribute z:Ref="i345"/><IxyAttribute z:Ref="i346"/><IxzAttribute z:Ref="i347"/><IyyAttribute z:Ref="i348"/><IyzAttribute z:Ref="i349"/><IzzAttribute z:Ref="i350"/></URDFElement></ChildElements><ElementName>inertial</ElementName><required>false</required><Inertia z:Ref="i344"/><Mass z:Ref="i342"/><Origin z:Ref="i339"/></URDFElement><URDFElement z:Id="i351" i:type="Visual"><Attributes/><ChildElements><URDFElement z:Id="i352" i:type="Origin"><Attributes><Attribute z:Id="i353"><AttributeType>xyz</AttributeType><IsRequired>true</IsRequired><Value i:type="a:ArrayOfdouble" xmlns:a="http://schemas.microsoft.com/2003/10/Serialization/Arrays"><a:double>0</a:double><a:double>0</a:double><a:double>0</a:double></Value></Attribute><Attribute z:Id="i354"><AttributeType>rpy</AttributeType><IsRequired>true</IsRequired><Value i:type="a:ArrayOfdouble" xmlns:a="http://schemas.microsoft.com/2003/10/Serialization/Arrays"><a:double>0</a:double><a:double>0</a:double><a:double>0</a:double></Value></Attribute></Attributes><ChildElements/><ElementName>origin</ElementName><required>false</required><RPYAttribute z:Ref="i354"/><XYZAttribute z:Ref="i353"/><isCustomized>false</isCustomized></URDFElement><URDFElement z:Id="i355" i:type="Geometry"><Attributes/><ChildElements><URDFElement z:Id="i356" i:type="Mesh"><Attributes><Attribute z:Id="i357"><AttributeType>filename</AttributeType><IsRequired>true</IsRequired><Value i:nil="true"/></Attribute></Attributes><ChildElements/><ElementName>mesh</ElementName><required>false</required><FilenameAttribute z:Ref="i357"/></URDFElement></ChildElements><ElementName>geometry</ElementName><required>true</required><Mesh z:Ref="i356"/></URDFElement><URDFElement z:Id="i358" i:type="Material"><Attributes><Attribute z:Id="i359"><AttributeType>name</AttributeType><IsRequired>true</IsRequired><Value i:type="a:string" xmlns:a="http://www.w3.org/2001/XMLSchema"/></Attribute></Attributes><ChildElements><URDFElement z:Id="i360" i:type="Color"><Attributes><Attribute z:Id="i361"><AttributeType>rgba</AttributeType><IsRequired>true</IsRequired><Value i:type="a:ArrayOfdouble" xmlns:a="http://schemas.microsoft.com/2003/10/Serialization/Arrays"><a:double>1</a:double><a:double>1</a:double><a:double>1</a:double><a:double>1</a:double></Value></Attribute></Attributes><ChildElements/><ElementName>color</ElementName><required>false</required><RGBAAttribute z:Ref="i361"/></URDFElement><URDFElement z:Id="i362" i:type="Texture"><Attributes><Attribute z:Id="i363"><AttributeType>filename</AttributeType><IsRequired>true</IsRequired><Value i:nil="true"/></Attribute></Attributes><ChildElements/><ElementName>texture</ElementName><required>false</required><FilenameAttribute z:Ref="i363"/><wFilename/></URDFElement></ChildElements><ElementName>material</ElementName><required>false</required><Color z:Ref="i360"/><NameAttribute z:Ref="i359"/><Texture z:Ref="i362"/></URDFElement></ChildElements><ElementName>visual</ElementName><required>false</required><Geometry z:Ref="i355"/><Material z:Ref="i358"/><Origin z:Ref="i352"/></URDFElement><URDFElement z:Id="i364" i:type="Collision"><Attributes/><ChildElements><URDFElement z:Id="i365" i:type="Origin"><Attributes><Attribute z:Id="i366"><AttributeType>xyz</AttributeType><IsRequired>true</IsRequired><Value i:type="a:ArrayOfdouble" xmlns:a="http://schemas.microsoft.com/2003/10/Serialization/Arrays"><a:double>0</a:double><a:double>0</a:double><a:double>0</a:double></Value></Attribute><Attribute z:Id="i367"><AttributeType>rpy</AttributeType><IsRequired>true</IsRequired><Value i:type="a:ArrayOfdouble" xmlns:a="http://schemas.microsoft.com/2003/10/Serialization/Arrays"><a:double>0</a:double><a:double>0</a:double><a:double>0</a:double></Value></Attribute></Attributes><ChildElements/><ElementName>origin</ElementName><required>false</required><RPYAttribute z:Ref="i367"/><XYZAttribute z:Ref="i366"/><isCustomized>false</isCustomized></URDFElement><URDFElement z:Id="i368" i:type="Geometry"><Attributes/><ChildElements><URDFElement z:Id="i369" i:type="Mesh"><Attributes><Attribute z:Id="i370"><AttributeType>filename</AttributeType><IsRequired>true</IsRequired><Value i:nil="true"/></Attribute></Attributes><ChildElements/><ElementName>mesh</ElementName><required>false</required><FilenameAttribute z:Ref="i370"/></URDFElement></ChildElements><ElementName>geometry</ElementName><required>true</required><Mesh z:Ref="i369"/></URDFElement></ChildElements><ElementName>collision</ElementName><required>false</required><Geometry z:Ref="i368"/><Origin z:Ref="i365"/></URDFElement><URDFElement z:Id="i371" i:type="Joint"><Attributes><Attribute z:Id="i372"><AttributeType>name</AttributeType><IsRequired>true</IsRequired><Value i:type="a:string" xmlns:a="http://www.w3.org/2001/XMLSchema">r2_joint</Value></Attribute><Attribute z:Id="i373"><AttributeType>type</AttributeType><IsRequired>true</IsRequired><Value i:type="a:string" xmlns:a="http://www.w3.org/2001/XMLSchema">prismatic</Value></Attribute></Attributes><ChildElements><URDFElement z:Id="i374" i:type="Origin"><Attributes><Attribute z:Id="i375"><AttributeType>xyz</AttributeType><IsRequired>true</IsRequired><Value i:type="a:ArrayOfdouble" xmlns:a="http://schemas.microsoft.com/2003/10/Serialization/Arrays"><a:double>0</a:double><a:double>0</a:double><a:double>0</a:double></Value></Attribute><Attribute z:Id="i376"><AttributeType>rpy</AttributeType><IsRequired>true</IsRequired><Value i:type="a:ArrayOfdouble" xmlns:a="http://schemas.microsoft.com/2003/10/Serialization/Arrays"><a:double>0</a:double><a:double>0</a:double><a:double>0</a:double></Value></Attribute></Attributes><ChildElements/><ElementName>origin</ElementName><required>false</required><RPYAttribute z:Ref="i376"/><XYZAttribute z:Ref="i375"/><isCustomized>false</isCustomized></URDFElement><URDFElement z:Id="i377" i:type="ParentLink"><Attributes><Attribute z:Id="i378"><AttributeType>link</AttributeType><IsRequired>true</IsRequired><Value i:type="a:string" xmlns:a="http://www.w3.org/2001/XMLSchema"/></Attribute></Attributes><ChildElements/><ElementName>parent</ElementName><required>true</required><NameAttribute z:Ref="i378"/></URDFElement><URDFElement z:Id="i379" i:type="ChildLink"><Attributes><Attribute z:Id="i380"><AttributeType>link</AttributeType><IsRequired>true</IsRequired><Value i:type="a:string" xmlns:a="http://www.w3.org/2001/XMLSchema"/></Attribute></Attributes><ChildElements/><ElementName>child</ElementName><required>true</required><NameAttribute z:Ref="i380"/></URDFElement><URDFElement z:Id="i381" i:type="Axis"><Attributes><Attribute z:Id="i382"><AttributeType>xyz</AttributeType><IsRequired>true</IsRequired><Value i:type="a:ArrayOfdouble" xmlns:a="http://schemas.microsoft.com/2003/10/Serialization/Arrays"><a:double>0</a:double><a:double>0</a:double><a:double>0</a:double></Value></Attribute></Attributes><ChildElements/><ElementName>axis</ElementName><required>false</required><XYZAttribute z:Ref="i382"/></URDFElement><URDFElement z:Id="i383" i:type="Limit"><Attributes><Attribute z:Id="i384"><AttributeType>lower</AttributeType><IsRequired>false</IsRequired><Value i:nil="true"/></Attribute><Attribute z:Id="i385"><AttributeType>upper</AttributeType><IsRequired>false</IsRequired><Value i:nil="true"/></Attribute><Attribute z:Id="i386"><AttributeType>effort</AttributeType><IsRequired>true</IsRequired><Value i:nil="true"/></Attribute><Attribute z:Id="i387"><AttributeType>velocity</AttributeType><IsRequired>true</IsRequired><Value i:nil="true"/></Attribute></Attributes><ChildElements/><ElementName>limit</ElementName><required>false</required><EffortAttribute z:Ref="i386"/><LowerAttribute z:Ref="i384"/><UpperAttribute z:Ref="i385"/><VelocityAttribute z:Ref="i387"/></URDFElement><URDFElement z:Id="i388" i:type="Calibration"><Attributes><Attribute z:Id="i389"><AttributeType>rising</AttributeType><IsRequired>false</IsRequired><Value i:nil="true"/></Attribute><Attribute z:Id="i390"><AttributeType>falling</AttributeType><IsRequired>false</IsRequired><Value i:nil="true"/></Attribute></Attributes><ChildElements/><ElementName>calibration</ElementName><required>false</required><FallingAttribute z:Ref="i390"/><RisingAttribute z:Ref="i389"/></URDFElement><URDFElement z:Id="i391" i:type="Dynamics"><Attributes><Attribute z:Id="i392"><AttributeType>damping</AttributeType><IsRequired>false</IsRequired><Value i:nil="true"/></Attribute><Attribute z:Id="i393"><AttributeType>friction</AttributeType><IsRequired>false</IsRequired><Value i:nil="true"/></Attribute></Attributes><ChildElements/><ElementName>dynamics</ElementName><required>false</required><DampingAttribute z:Ref="i392"/><FrictionAttribute z:Ref="i393"/></URDFElement><URDFElement z:Id="i394" i:type="SafetyController"><Attributes><Attribute z:Id="i395"><AttributeType>soft_upper_limit</AttributeType><IsRequired>false</IsRequired><Value i:nil="true"/></Attribute><Attribute z:Id="i396"><AttributeType>soft_lower_limit</AttributeType><IsRequired>false</IsRequired><Value i:nil="true"/></Attribute><Attribute z:Id="i397"><AttributeType>k_position</AttributeType><IsRequired>false</IsRequired><Value i:nil="true"/></Attribute><Attribute z:Id="i398"><AttributeType>k_velocity</AttributeType><IsRequired>true</IsRequired><Value i:nil="true"/></Attribute></Attributes><ChildElements/><ElementName>safety_controller</ElementName><required>false</required><KPositionAttribute z:Ref="i397"/><KVelocityAttribute z:Ref="i398"/><SoftLowerAttribute z:Ref="i396"/><SoftUpperAttribute z:Ref="i395"/></URDFElement><URDFElement z:Id="i399" i:type="Mimic"><Attributes><Attribute z:Id="i400"><AttributeType>joint</AttributeType><IsRequired>true</IsRequired><Value i:nil="true"/></Attribute><Attribute z:Id="i401"><AttributeType>multiplier</AttributeType><IsRequired>false</IsRequired><Value i:nil="true"/></Attribute><Attribute z:Id="i402"><AttributeType>offset</AttributeType><IsRequired>false</IsRequired><Value i:nil="true"/></Attribute></Attributes><ChildElements/><ElementName>mimic</ElementName><required>false</required><JointNameAttribute z:Ref="i400"/><MultiplierAttribute z:Ref="i401"/><OffsetAttribute z:Ref="i402"/></URDFElement></ChildElements><ElementName>joint</ElementName><required>false</required><Axis z:Ref="i381"/><AxisName>_r2</AxisName><Calibration z:Ref="i388"/><Child z:Ref="i379"/><CoordinateSystemName>r2</CoordinateSystemName><Dynamics z:Ref="i391"/><Limit z:Ref="i383"/><Mimic z:Ref="i399"/><NameAttribute z:Ref="i372"/><Origin z:Ref="i374"/><Parent z:Ref="i377"/><Safety z:Ref="i394"/><TypeAttribute z:Ref="i373"/></URDFElement></ChildElements><ElementName>link</ElementName><required>true</required><Children/><Collision z:Ref="i364"/><Inertial z:Ref="i338"/><Joint z:Ref="i371"/><NameAttribute z:Ref="i337"/><Parent z:Ref="i269"/><STLQualityFine>false</STLQualityFine><SWComponentPIDs xmlns:a="http://schemas.microsoft.com/2003/10/Serialization/Arrays"><a:base64Binary>aEIAAAUAAAD//v9QUwAwADUAMAA2AC0AUwAyADIAMAAwADgAMQA3AC0ANgAwAC0AMAAxADAAMAAtAEEALQBYADEALQAxAC0AMQBAAMWITZFTTzgAXgDnYtZ2k2JLYi8AVQBZADYALQA0ADAALQAyAEAAUwAwADUAMAA2AC0AUwAyADIAMAAwADgAMQA3AC0ANgAwAC0AMAAxADAAMAAtAEEALQBYADEALQAxAAQAAAAQAAAAAQAAAAIAAAAdAAAAHgAAAA==</a:base64Binary><a:base64Binary>aEIAAAUAAAD//v9RUwAwADUAMAA2AC0AUwAyADIAMAAwADgAMQA3AC0ANgAwAC0AMAAxADAAMAAtAEEALQBYADEALQAxAC0AMQBAAMWITZFTTzgAXgDnYtZ2k2JLYi8ATQBTAEIANgAtADMANQAtADEAQABTADAANQAwADYALQBTADIAMgAwADAAOAAxADcALQA2ADAALQAwADEAMAAwAC0AQQAtAFgAMQAtADEABAAAABAAAAABAAAAAgAAAB0AAAAhAAAA</a:base64Binary><a:base64Binary>aEIAAAUAAAD//v9QUwAwADUAMAA2AC0AUwAyADIAMAAwADgAMQA3AC0ANgAwAC0AMAAxADAAMAAtAEEALQBYADEALQAxAC0AMQBAAMWITZFTTzgAXgDnYtZ2k2JLYi8AVQBZADYALQA0ADAALQAxAEAAUwAwADUAMAA2AC0AUwAyADIAMAAwADgAMQA3AC0ANgAwAC0AMAAxADAAMAAtAEEALQBYADEALQAxAAQAAAAQAAAAAQAAAAIAAAAdAAAAHQAAAA==</a:base64Binary><a:base64Binary>aEIAAAUAAAD//v9gUwAwADUAMAA2AC0AUwAyADIAMAAwADgAMQA3AC0ANgAwAC0AMAAxADAAMAAtAEEALQBYADEALQAxAC0AMQBAAMWITZFTTzgAXgDnYtZ2k2JLYi8AWABZADIANgAwADMAMAA0AC0AMgBBAC4AMAAyAC0AMAA0ACAAy2XWdjlZKnItADEAQABTADAANQAwADYALQBTADIAMgAwADAAOAAxADcALQA2ADAALQAwADEAMAAwAC0AQQAtAFgAMQAtADEABAAAABAAAAABAAAAAgAAAB0AAAAjAAAA</a:base64Binary><a:base64Binary>aEIAAAUAAAD//v+gUwAwADUAMAA2AC0AUwAyADIAMAAwADgAMQA3AC0ANgAwAC0AMAAxADAAMAAtAEEALQBYADEALQAxAC0AMQBAAMWITZFTTzgAXgDnYtZ2k2JLYi8ATQBHAE4AOQBDADEAUgA3ADAARQA1AFoAMABDACgA2J6kiy0AXwBmAGwAZQB4AGkAYgBsAGUAMQApAC0AMQAtADEAQABTADAANQAwADYALQBTADIAMgAwADAAOAAxADcALQA2ADAALQAwADEAMAAwAC0AQQAtAFgAMQAtADEALwBTADAANQAwADYALQBNAEcATgA5AEMALQDRbldXLQBTADAAOAAyADEALQAxAEAATQBHAE4AOQBDADEAUgA3ADAARQA1AFoAMABDACgA2J6kiy0AXwBmAGwAZQB4AGkAYgBsAGUAMQApAC0AMQAEAAAAEAAAAAEAAAADAAAAHQAAABwAAAAdAAAA</a:base64Binary></SWComponentPIDs><SWMainComponentPID i:nil="true"/><Visual z:Ref="i351"/><isFixedFrame>false</isFixedFrame><isIncomplete>false</isIncomplete></Link></Children><Collision z:Ref="i297"/><Inertial z:Ref="i271"/><Joint z:Ref="i304"/><NameAttribute z:Ref="i270"/><Parent z:Ref="i68"/><STLQualityFine>false</STLQualityFine><SWComponentPIDs xmlns:a="http://schemas.microsoft.com/2003/10/Serialization/Arrays"><a:base64Binary>aEIAAAUAAAD//v9jUwAwADUAMAA2AC0AUwAyADIAMAAwADgAMQA3AC0ANgAwAC0AMAAxADAAMAAtAEEALQBYADEALQAxAC0AMQBAAMWITZFTTzgAXgDnYtZ2k2JLYi8AWABZADIANgAwADMAMAA0AC0AMgBBAC4AMAAyAC0AMAAzACAAy2VsjzlZKnLej6Vj9k4tADEAQABTADAANQAwADYALQBTADIAMgAwADAAOAAxADcALQA2ADAALQAwADEAMAAwAC0AQQAtAFgAMQAtADEABAAAABAAAAABAAAAAgAAAB0AAAAiAAAA</a:base64Binary><a:base64Binary>aEIAAAUAAAD//v/IUgBHAEkAQwAtADEAMAAwAC0AMwA1AC0ATwAtAFMAXwCAexNmIWqLV18AMgAwADIANQAwADEAMAA4AC0AMQBAAMWITZFTTzgAXgDnYtZ2k2JLYi8AUgBHAEkAQwAtADEAMAAwAC0AMwA1AC0ATwAtAFMAXwCAexNmIWqLV18AMgAwADIANQAwADEAMAA4AC4AUwBUAEUAUAAtADEAQABSAEcASQBDAC0AMQAwADAALQAzADUALQBPAC0AUwBfAIB7E2YhaotXXwAyADAAMgA1ADAAMQAwADgALwBfAF8AXwBfACAAXwBfAF8AXwBfAF8AXwBfAF8AUgBHAEkAQwAtADEAMAAwAC0AMwA1AC0ATwAtAFMAXwBfAF8AXwBfAF8AXwBfAF8AXwAyADAAMgA1ADAAMQAwADgALQAwAC4AUwBUAEUAUAAtADEAQABSAEcASQBDAC0AMQAwADAALQAzADUALQBPAC0AUwBfAIB7E2YhaotXXwAyADAAMgA1ADAAMQAwADgALgBTAFQARQBQAAQAAAAQAAAAAQAAAAMAAAAgAAAAHAAAAB4AAAA=</a:base64Binary><a:base64Binary>aEIAAAUAAAD//v9iUwAwADUAMAA2AC0AUwAyADIAMAAwADgAMQA3AC0ANgAwAC0AMAAxADAAMAAtAEEALQBYADEALQAxAC0AMQBAAMWITZFTTzgAXgDnYtZ2k2JLYi8AWABZADIANgAwADMAMAA0AC0AMgBBAC4AMAAyAC0AMAA1ACAAIADRbmiPiVvFiH9nLQAxAEAAUwAwADUAMAA2AC0AUwAyADIAMAAwADgAMQA3AC0ANgAwAC0AMAAxADAAMAAtAEEALQBYADEALQAxAAQAAAAQAAAAAQAAAAIAAAAdAAAAJAAAAA==</a:base64Binary><a:base64Binary>aEIAAAUAAAD//v+dUwAwADUAMAA2AC0AUwAyADIAMAAwADgAMQA3AC0ANgAwAC0AMAAxADAAMAAtAEEALQBYADEALQAxAC0AMQBAAMWITZFTTzgAXgDnYtZ2k2JLYi8ATQBHAE4AOQBDADEAUgA3ADAARQA1AFoAMABDACgA2J6kiy0AXwBmAGwAZQB4AGkAYgBsAGUAMQApAC0AMQAtADEAQABTADAANQAwADYALQBTADIAMgAwADAAOAAxADcALQA2ADAALQAwADEAMAAwAC0AQQAtAFgAMQAtADEALwBTADAANQAwADYALQBNAEcATgA5AEMALQDRbmiPLQA1ADAALQAxAEAATQBHAE4AOQBDADEAUgA3ADAARQA1AFoAMABDACgA2J6kiy0AXwBmAGwAZQB4AGkAYgBsAGUAMQApAC0AMQAEAAAAEAAAAAEAAAADAAAAHQAAABwAAAAcAAAA</a:base64Binary><a:base64Binary>aEIAAAUAAAD//v9hUwAwADUAMAA2AC0AUwAyADIAMAAwADgAMQA3AC0ANgAwAC0AMAAxADAAMAAtAEEALQBYADEALQAxAC0AMQBAAMWITZFTTzgAXgDnYtZ2k2JLYi8AUwAwADUAMAA2AC0AxgMzACAAAJWJlCgAXwDGAzMALQAxADAAIAAgAACViZQpAC0AMgBAAFMAMAA1ADAANgAtAFMAMgAyADAAMAA4ADEANwAtADYAMAAtADAAMQAwADAALQBBAC0AWAAxAC0AMQAEAAAAEAAAAAEAAAACAAAAHQAAACAAAAA=</a:base64Binary><a:base64Binary>aEIAAAUAAAD//v9hUwAwADUAMAA2AC0AUwAyADIAMAAwADgAMQA3AC0ANgAwAC0AMAAxADAAMAAtAEEALQBYADEALQAxAC0AMQBAAMWITZFTTzgAXgDnYtZ2k2JLYi8AUwAwADUAMAA2AC0AxgMzACAAAJWJlCgAXwDGAzMALQAxADAAIAAgAACViZQpAC0AMQBAAFMAMAA1ADAANgAtAFMAMgAyADAAMAA4ADEANwAtADYAMAAtADAAMQAwADAALQBBAC0AWAAxAC0AMQAEAAAAEAAAAAEAAAACAAAAHQAAAB8AAAA=</a:base64Binary></SWComponentPIDs><SWMainComponentPID i:nil="true"/><Visual z:Ref="i284"/><isFixedFrame>false</isFixedFrame><isIncomplete>false</isIncomplete></Link></Children><Collision z:Ref="i96"/><Inertial z:Ref="i70"/><Joint z:Ref="i103"/><NameAttribute z:Ref="i69"/><Parent z:Ref="i1"/><STLQualityFine>false</STLQualityFine><SWComponentPIDs xmlns:a="http://schemas.microsoft.com/2003/10/Serialization/Arrays"><a:base64Binary>aEIAAAUAAAD//v/EUgBHAEkAQwAtADEAMAAwAC0AMwA1AC0ATwAtAFMAXwCAexNmIWqLV18AMgAwADIANQAwADEAMAA4AC0AMQBAAMWITZFTTzgAXgDnYtZ2k2JLYi8AUgBHAEkAQwAtADEAMAAwAC0AMwA1AC0ATwAtAFMAXwCAexNmIWqLV18AMgAwADIANQAwADEAMAA4AC4AUwBUAEUAUAAtADEAQABSAEcASQBDAC0AMQAwADAALQAzADUALQBPAC0AUwBfAIB7E2YhaotXXwAyADAAMgA1ADAAMQAwADgALwBfAF8AXwBfACAAXwBfAF8AXwBfAF8AXwBSAEcASQBDAC0AMQAwADAALQAzADUALQBPAC0AUwBfAF8AXwBfAF8AXwBfAF8AXwBfADIAMAAyADUAMAAxADAAOAAuAFMAVABFAFAALQAxAEAAUgBHAEkAQwAtADEAMAAwAC0AMwA1AC0ATwAtAFMAXwCAexNmIWqLV18AMgAwADIANQAwADEAMAA4AC4AUwBUAEUAUAAEAAAAEAAAAAEAAAADAAAAIAAAABwAAAAdAAAA</a:base64Binary></SWComponentPIDs><SWMainComponentPID i:nil="true"/><Visual z:Ref="i83"/><isFixedFrame>false</isFixedFrame><isIncomplete>false</isIncomplete></Link></Children><Collision z:Ref="i29"/><Inertial z:Ref="i3"/><Joint z:Ref="i36"/><NameAttribute z:Ref="i2"/><Parent i:nil="true"/><STLQualityFine>false</STLQualityFine><SWComponentPIDs xmlns:a="http://schemas.microsoft.com/2003/10/Serialization/Arrays"><a:base64Binary>aEIAAAUAAAD//v8fMQAyAGxRpGXlXXdR2HYgAOtfYmMoANiepItfAAljoFLlXV8AKQAtADEAQADFiE2RU084AF4A52LWdpNiS2IEAAAAEAAAAAEAAAABAAAAHgAAAA==</a:base64Binary><a:base64Binary>aEIAAAUAAAD//v8fy2VsjzV1OVmTYutfYmP6Vppbf2coANiepItfAAljoFLlXV8AKQAtADEAQADFiE2RU084AF4A52LWdpNiS2IEAAAAEAAAAAEAAAABAAAAHwAAAA==</a:base64Binary><a:base64Binary>aEIAAAUAAAD//v8ey2VsjzV1KnLrX2JjbI+lY39nKADYnqSLXwAJY6BS5V1fACkALQAxAEAAxYhNkVNPOABeAOdi1naTYktiBAAAABAAAAABAAAAAQAAACEAAAA=</a:base64Binary><a:base64Binary>aEIAAAUAAAD//v/GUgBHAEkAQwAtADEAMAAwAC0AMwA1AC0ATwAtAFMAXwCAexNmIWqLV18AMgAwADIANQAwADEAMAA4AC0AMQBAAMWITZFTTzgAXgDnYtZ2k2JLYi8AUgBHAEkAQwAtADEAMAAwAC0AMwA1AC0ATwAtAFMAXwCAexNmIWqLV18AMgAwADIANQAwADEAMAA4AC4AUwBUAEUAUAAtADEAQABSAEcASQBDAC0AMQAwADAALQAzADUALQBPAC0AUwBfAIB7E2YhaotXXwAyADAAMgA1ADAAMQAwADgALwBfAF8AXwBfACAAXwBfAF8AXwBfAF8AXwBfAF8AUgBHAEkAQwAtADEAMAAwAC0AMwA1AC0ATwAtAFMAXwBfAF8AXwBfAF8AXwBfAF8AXwAyADAAMgA1ADAAMQAwADgALgBTAFQARQBQAC0AMQBAAFIARwBJAEMALQAxADAAMAAtADMANQAtAE8ALQBTAF8AgHsTZiFqi1dfADIAMAAyADUAMAAxADAAOAAuAFMAVABFAFAABAAAABAAAAABAAAAAwAAACAAAAAcAAAAHAAAAA==</a:base64Binary></SWComponentPIDs><SWMainComponentPID i:nil="true"/><Visual z:Ref="i16"/><isFixedFrame>false</isFixedFrame><isIncomplete>false</isIncomplete></Link>
2026-06-17 12:39:47,059 INFO  AssemblyExportForm.cs: 309 - Saving URDF package to E:\仿真\合成-化学反应站\合成-化学反应站-urdf\拧盖夹爪组件.urdf
2026-06-17 12:39:47,060 INFO  ExportHelper.cs: 147 - Beginning the export process
2026-06-17 12:39:47,060 INFO  ExportHelper.cs: 153 - Creating package directories with name 拧盖夹爪组件.urdf and save path E:\仿真\合成-化学反应站\合成-化学反应站-urdf
2026-06-17 12:39:48,414 INFO  ExportHelper.cs: 162 - Creating CMakeLists.txt at E:\仿真\合成-化学反应站\合成-化学反应站-urdf\拧盖夹爪组件.urdf\CMakeLists.txt
2026-06-17 12:39:48,415 INFO  ExportHelper.cs: 166 - Creating joint names config at E:\仿真\合成-化学反应站\合成-化学反应站-urdf\拧盖夹爪组件.urdf\config\joint_names_拧盖夹爪组件.urdf.yaml
2026-06-17 12:39:48,416 INFO  ExportHelper.cs: 170 - Creating package.xml at E:\仿真\合成-化学反应站\合成-化学反应站-urdf\拧盖夹爪组件.urdf\package.xml
2026-06-17 12:39:48,416 INFO  PackageXMLWriter.cs: 21 - Creating package.xml at E:\仿真\合成-化学反应站\合成-化学反应站-urdf\拧盖夹爪组件.urdf\package.xml
2026-06-17 12:39:48,427 INFO  ExportHelper.cs: 177 - Creating RVIZ launch file in E:\仿真\合成-化学反应站\合成-化学反应站-urdf\拧盖夹爪组件.urdf\launch\
2026-06-17 12:39:48,427 INFO  ExportHelper.cs: 182 - Creating Gazebo launch file in E:\仿真\合成-化学反应站\合成-化学反应站-urdf\拧盖夹爪组件.urdf\launch\
2026-06-17 12:39:48,443 INFO  ExportHelper.cs: 187 - Saving existing STL preferences
2026-06-17 12:39:48,443 INFO  ExportHelper.cs: 450 - Saving users preferences
2026-06-17 12:39:48,443 INFO  ExportHelper.cs: 190 - Modifying STL preferences
2026-06-17 12:39:48,443 INFO  ExportHelper.cs: 464 - Setting STL preferences
2026-06-17 12:39:48,443 INFO  ExportHelper.cs: 196 - Found 0 hidden components 
2026-06-17 12:39:48,443 INFO  ExportHelper.cs: 197 - Hiding all components
2026-06-17 12:39:48,728 INFO  ExportHelper.cs: 204 - Beginning individual files export
2026-06-17 12:39:48,728 INFO  ExportHelper.cs: 270 - Exporting link: base_link
2026-06-17 12:39:48,728 INFO  ExportHelper.cs: 272 - Link base_link has 1 children
2026-06-17 12:39:48,728 INFO  ExportHelper.cs: 270 - Exporting link: rotate_Link
2026-06-17 12:39:48,728 INFO  ExportHelper.cs: 272 - Link rotate_Link has 2 children
2026-06-17 12:39:48,728 INFO  ExportHelper.cs: 270 - Exporting link: l_Link
2026-06-17 12:39:48,728 INFO  ExportHelper.cs: 272 - Link l_Link has 1 children
2026-06-17 12:39:48,728 INFO  ExportHelper.cs: 270 - Exporting link: l2_Link
2026-06-17 12:39:48,728 INFO  ExportHelper.cs: 272 - Link l2_Link has 0 children
2026-06-17 12:39:48,728 INFO  ExportHelper.cs: 317 - l2_Link: Exporting STL with coordinate frame l2
2026-06-17 12:39:48,728 INFO  ExportHelper.cs: 322 - l2_Link: Reference geometry name 
2026-06-17 12:39:48,854 INFO  ExportHelper.cs: 330 - Saving STL to E:\仿真\合成-化学反应站\合成-化学反应站-urdf\拧盖夹爪组件.urdf\meshes\l2_Link.STL
2026-06-17 12:39:48,949 INFO  ExportHelper.cs: 405 - Removing SW header in STL file
2026-06-17 12:39:48,949 INFO  ExportHelper.cs: 317 - l_Link: Exporting STL with coordinate frame l
2026-06-17 12:39:48,949 INFO  ExportHelper.cs: 322 - l_Link: Reference geometry name 
2026-06-17 12:39:49,070 INFO  ExportHelper.cs: 330 - Saving STL to E:\仿真\合成-化学反应站\合成-化学反应站-urdf\拧盖夹爪组件.urdf\meshes\l_Link.STL
2026-06-17 12:39:49,202 INFO  ExportHelper.cs: 405 - Removing SW header in STL file
2026-06-17 12:39:49,202 INFO  ExportHelper.cs: 270 - Exporting link: r_Link
2026-06-17 12:39:49,202 INFO  ExportHelper.cs: 272 - Link r_Link has 1 children
2026-06-17 12:39:49,202 INFO  ExportHelper.cs: 270 - Exporting link: r2_Link
2026-06-17 12:39:49,202 INFO  ExportHelper.cs: 272 - Link r2_Link has 0 children
2026-06-17 12:39:49,202 INFO  ExportHelper.cs: 317 - r2_Link: Exporting STL with coordinate frame r2
2026-06-17 12:39:49,202 INFO  ExportHelper.cs: 322 - r2_Link: Reference geometry name 
2026-06-17 12:39:49,354 INFO  ExportHelper.cs: 330 - Saving STL to E:\仿真\合成-化学反应站\合成-化学反应站-urdf\拧盖夹爪组件.urdf\meshes\r2_Link.STL
2026-06-17 12:39:49,472 INFO  ExportHelper.cs: 405 - Removing SW header in STL file
2026-06-17 12:39:49,472 INFO  ExportHelper.cs: 317 - r_Link: Exporting STL with coordinate frame r
2026-06-17 12:39:49,472 INFO  ExportHelper.cs: 322 - r_Link: Reference geometry name 
2026-06-17 12:39:49,504 INFO  ExportHelper.cs: 330 - Saving STL to E:\仿真\合成-化学反应站\合成-化学反应站-urdf\拧盖夹爪组件.urdf\meshes\r_Link.STL
2026-06-17 12:39:49,587 INFO  ExportHelper.cs: 405 - Removing SW header in STL file
2026-06-17 12:39:49,593 INFO  ExportHelper.cs: 317 - rotate_Link: Exporting STL with coordinate frame rot
2026-06-17 12:39:49,593 INFO  ExportHelper.cs: 322 - rotate_Link: Reference geometry name 
2026-06-17 12:39:49,601 INFO  ExportHelper.cs: 330 - Saving STL to E:\仿真\合成-化学反应站\合成-化学反应站-urdf\拧盖夹爪组件.urdf\meshes\rotate_Link.STL
2026-06-17 12:39:49,650 INFO  ExportHelper.cs: 405 - Removing SW header in STL file
2026-06-17 12:39:49,650 INFO  ExportHelper.cs: 317 - base_link: Exporting STL with coordinate frame base
2026-06-17 12:39:49,650 INFO  ExportHelper.cs: 322 - base_link: Reference geometry name 
2026-06-17 12:39:49,670 INFO  ExportHelper.cs: 330 - Saving STL to E:\仿真\合成-化学反应站\合成-化学反应站-urdf\拧盖夹爪组件.urdf\meshes\base_link.STL
2026-06-17 12:39:50,106 INFO  ExportHelper.cs: 405 - Removing SW header in STL file
2026-06-17 12:39:50,111 INFO  ExportHelper.cs: 145 - Showing all components except previously hidden components
2026-06-17 12:39:50,589 INFO  ExportHelper.cs: 145 - Resetting STL preferences
2026-06-17 12:39:50,589 INFO  ExportHelper.cs: 478 - Returning STL preferences to user preferences
2026-06-17 12:39:50,589 INFO  ExportHelper.cs: 228 - Writing URDF file to E:\仿真\合成-化学反应站\合成-化学反应站-urdf\拧盖夹爪组件.urdf\urdf\拧盖夹爪组件.urdf.urdf
2026-06-17 12:39:50,589 INFO  CSVImportExport.cs: 32 - Writing CSV file E:\仿真\合成-化学反应站\合成-化学反应站-urdf\拧盖夹爪组件.urdf\urdf\拧盖夹爪组件.urdf.csv
2026-06-17 12:39:50,598 ERROR CSVImportExport.cs: 130 - The following columns were not written to the CSV: Link.Joint.ChildLink.link,
2026-06-17 12:39:50,598 ERROR CSVImportExport.cs: 130 - The following columns were not written to the CSV: Link.Joint.ChildLink.link,
2026-06-17 12:39:50,598 ERROR CSVImportExport.cs: 130 - The following columns were not written to the CSV: Link.Joint.ChildLink.link,
2026-06-17 12:39:50,599 ERROR CSVImportExport.cs: 130 - The following columns were not written to the CSV: Link.Joint.ChildLink.link,
2026-06-17 12:39:50,599 ERROR CSVImportExport.cs: 130 - The following columns were not written to the CSV: Link.Joint.ChildLink.link,
2026-06-17 12:39:50,599 ERROR CSVImportExport.cs: 130 - The following columns were not written to the CSV: Link.Joint.ChildLink.link,
2026-06-17 12:39:50,600 INFO  ExportHelper.cs: 234 - Copying log file
2026-06-17 12:39:50,600 INFO  ExportHelper.cs: 439 - Copying C:\Users\DP\sw2urdf_logs\sw2urdf.log to E:\仿真\合成-化学反应站\合成-化学反应站-urdf\拧盖夹爪组件.urdf\export.log
